cluster_id	rank	vehicle_id	score	lexical	affinity	tier	status
cluster-0001	1	N6833523D0003	0.128885	0.214809	0.000000	1	candidate
cluster-0001	2	N6893620D0015	0.101292	0.168820	0.000000	1	candidate
cluster-0001	3	N6893620D0016	0.099651	0.166086	0.000000	1	candidate
cluster-0001	4	N0042120D0010	0.095648	0.159414	0.000000	1	candidate
cluster-0001	5	N6852020D0012	0.094799	0.157998	0.000000	1	candidate
cluster-0001	6	N6893620D0033	0.086719	0.144532	0.000000	1	candidate
cluster-0001	7	N0001922D0042	0.085942	0.143237	0.000000	1	candidate
cluster-0001	8	N6833521D0046	0.079282	0.132137	0.000000	1	candidate
cluster-0001	9	N0001920D0001	0.071410	0.119017	0.000000	1	candidate
cluster-0001	10	N6833516D0013	0.069589	0.115982	0.000000	1	candidate
cluster-0001	11	N6852025D0001	0.069528	0.115880	0.000000	1	candidate
cluster-0001	12	N6134016D1005	0.068671	0.114451	0.000000	1	candidate
cluster-0001	13	N6852021D0002	0.067795	0.112991	0.000000	1	candidate
cluster-0001	14	N6134019D1006	0.061431	0.102386	0.000000	1	candidate
cluster-0001	15	N0001918D0111	0.057959	0.096598	0.000000	1	candidate
cluster-0001	16	N0042120D0012	0.057438	0.095730	0.000000	1	candidate
cluster-0001	17	N0042118D0042	0.055679	0.092798	0.000000	1	candidate
cluster-0001	18	N0001922D0004	0.055389	0.092316	0.000000	1	candidate
cluster-0001	19	N6893623D0047	0.054997	0.091661	0.000000	1	candidate
cluster-0001	20	N0042120D0072	0.054507	0.090845	0.000000	1	candidate
cluster-0001	21	N0001918D0103	0.053885	0.089809	0.000000	1	candidate
cluster-0001	22	N0042118D0044	0.053387	0.088978	0.000000	1	candidate
cluster-0001	23	N6893620D0007	0.052309	0.087182	0.000000	1	candidate
cluster-0001	24	N0042119D0066	0.052101	0.086836	0.000000	1	candidate
cluster-0001	25	NAWCTSD-FTSS-V	0.051946	0.086577	0.000000	1	candidate
cluster-0001	26	N0001925D0016	0.051686	0.086143	0.000000	1	candidate
cluster-0001	27	N0042122D0094	0.048816	0.081360	0.000000	1	below-floor
cluster-0001	28	N0001924D0008	0.048358	0.080597	0.000000	1	below-floor
cluster-0001	29	N0001925D0012	0.047767	0.079611	0.000000	1	below-floor
cluster-0001	30	N0001922D0003	0.046935	0.078226	0.000000	1	below-floor
cluster-0001	31	N0042124D0005	0.046729	0.077881	0.000000	1	below-floor
cluster-0001	32	NAWCTSD-PACRM	0.044962	0.074936	0.000000	1	below-floor
cluster-0001	33	N0001924D0126	0.044701	0.074501	0.000000	1	below-floor
cluster-0001	34	N0001922D0009	0.044697	0.074496	0.000000	1	below-floor
cluster-0001	35	N0042119D0035	0.044246	0.073743	0.000000	1	below-floor
cluster-0001	36	N0042118D0054	0.044016	0.073359	0.000000	1	below-floor
cluster-0001	37	N0042121D0010	0.043279	0.072132	0.000000	1	below-floor
cluster-0001	38	N0042123D0007	0.042437	0.070728	0.000000	1	below-floor
cluster-0001	39	N6893622D0024	0.041888	0.069813	0.000000	1	below-floor
cluster-0001	40	N0042121D0005	0.041460	0.069101	0.000000	1	below-floor
cluster-0001	41	N6893623D0013	0.040539	0.067565	0.000000	1	below-floor
cluster-0001	42	N6893624D0004	0.039649	0.066082	0.000000	1	below-floor
cluster-0001	43	N0001921D0001	0.037923	0.063205	0.000000	1	below-floor
cluster-0001	44	N0001922D0013	0.037469	0.062448	0.000000	1	below-floor
cluster-0001	45	N6893621D0011	0.037374	0.062290	0.000000	1	below-floor
cluster-0001	46	N0042118D0017	0.037184	0.061973	0.000000	1	below-floor
cluster-0001	47	N0042119D0075	0.036848	0.061413	0.000000	1	below-floor
cluster-0001	48	N0042121D0007	0.036021	0.060035	0.000000	1	below-floor
cluster-0001	49	N0042120D0007	0.035164	0.058606	0.000000	1	below-floor
cluster-0001	50	N6893625D0013	0.035148	0.058581	0.000000	1	below-floor
cluster-0001	51	N0001921D0004	0.035107	0.058511	0.000000	1	below-floor
cluster-0001	52	N0001920D0017	0.034664	0.057774	0.000000	1	below-floor
cluster-0001	53	N0001918D0123	0.034598	0.057664	0.000000	1	below-floor
cluster-0001	54	N0001923D0013	0.034436	0.057393	0.000000	1	below-floor
cluster-0001	55	N0042119D0067	0.033964	0.056606	0.000000	1	below-floor
cluster-0001	56	N6893624D0009	0.033843	0.056405	0.000000	1	below-floor
cluster-0001	57	N6893623D0033	0.033461	0.055769	0.000000	1	below-floor
cluster-0001	58	N6893624D0003	0.033411	0.055685	0.000000	1	below-floor
cluster-0001	59	N6833518D0031	0.033255	0.055425	0.000000	1	below-floor
cluster-0001	60	N6833516D0020	0.032913	0.054856	0.000000	1	below-floor
cluster-0001	61	N0042120D0073	0.032685	0.054475	0.000000	1	below-floor
cluster-0001	62	NAWCTSD-TSC-IV	0.031790	0.052984	0.000000	1	below-floor
cluster-0001	63	N0042120D0123	0.031478	0.052464	0.000000	1	below-floor
cluster-0001	64	N6134017D0002	0.031411	0.052352	0.000000	1	below-floor
cluster-0001	65	N0042118D0028	0.031379	0.052298	0.000000	1	below-floor
cluster-0001	66	N0042122D0101	0.030626	0.051043	0.000000	1	below-floor
cluster-0001	67	N0042118D0016	0.030429	0.050715	0.000000	1	below-floor
cluster-0001	68	N6893623D0034	0.030394	0.050656	0.000000	1	below-floor
cluster-0001	69	N0042120D0028	0.030337	0.050562	0.000000	1	below-floor
cluster-0001	70	N6134021D0016	0.030307	0.050511	0.000000	1	below-floor
cluster-0001	71	N0042125D0303	0.029912	0.049853	0.000000	1	below-floor
cluster-0001	72	N6893622D0010	0.029589	0.049315	0.000000	1	below-floor
cluster-0001	73	N0001918D0110	0.029546	0.049243	0.000000	1	below-floor
cluster-0001	74	N6893622D0009	0.029492	0.049153	0.000000	1	below-floor
cluster-0001	75	N6893622D0002	0.029194	0.048657	0.000000	1	below-floor
cluster-0001	76	N0042120D0001	0.028532	0.047553	0.000000	1	below-floor
cluster-0001	77	N0001923D0001	0.028365	0.047275	0.000000	1	below-floor
cluster-0001	78	N0042119D0033	0.028295	0.047158	0.000000	1	below-floor
cluster-0001	79	N6893620D0005	0.027883	0.046471	0.000000	1	below-floor
cluster-0001	80	N6134020D0019	0.027829	0.046382	0.000000	1	below-floor
cluster-0001	81	N6852023D0013	0.027552	0.045920	0.000000	1	below-floor
cluster-0001	82	N6893620D0014	0.027438	0.045731	0.000000	1	below-floor
cluster-0001	83	SEAPORT-NXG	0.027414	0.045690	0.000000	1	below-floor
cluster-0001	84	N6833522D0005	0.027165	0.045275	0.000000	1	below-floor
cluster-0001	85	N0042124D0011	0.027136	0.045227	0.000000	1	below-floor
cluster-0001	86	N0042119D0026	0.027047	0.045078	0.000000	1	below-floor
cluster-0001	87	N0042119D0055	0.026985	0.044975	0.000000	1	below-floor
cluster-0001	88	N6852023D0001	0.026797	0.044662	0.000000	1	below-floor
cluster-0001	89	N6893623D0001	0.026646	0.044409	0.000000	1	below-floor
cluster-0001	90	N6833521D0227	0.026601	0.044335	0.000000	1	below-floor
cluster-0001	91	N6134016D1003	0.026553	0.044255	0.000000	1	below-floor
cluster-0001	92	N6833523D0004	0.026445	0.044075	0.000000	1	below-floor
cluster-0001	93	N0042116D0002	0.026366	0.043944	0.000000	1	below-floor
cluster-0001	94	N0042120D0003	0.026227	0.043711	0.000000	1	below-floor
cluster-0001	95	N0001920D0023	0.025811	0.043019	0.000000	1	below-floor
cluster-0001	96	N0042119D0002	0.025762	0.042937	0.000000	1	below-floor
cluster-0001	97	N0042121D0001	0.025493	0.042488	0.000000	1	below-floor
cluster-0001	98	N0001922D0040	0.025410	0.042350	0.000000	1	below-floor
cluster-0001	99	N6893623D0014	0.025281	0.042136	0.000000	1	below-floor
cluster-0001	100	N0042122D0001	0.025240	0.042067	0.000000	1	below-floor
cluster-0001	101	N6134019D1010	0.024762	0.041269	0.000000	1	below-floor
cluster-0001	102	N0042120D0024	0.024668	0.041114	0.000000	1	below-floor
cluster-0001	103	N0042121D0002	0.024580	0.040966	0.000000	1	below-floor
cluster-0001	104	N0001920D0007	0.024384	0.040639	0.000000	1	below-floor
cluster-0001	105	N6893623D0023	0.024120	0.040200	0.000000	1	below-floor
cluster-0001	106	N0001917D0089	0.024084	0.040139	0.000000	1	below-floor
cluster-0001	107	N6893622D0028	0.024029	0.040049	0.000000	1	below-floor
cluster-0001	108	N0042115D0005	0.023790	0.039650	0.000000	1	below-floor
cluster-0001	109	N6134020D0025	0.023656	0.039427	0.000000	1	below-floor
cluster-0001	110	N0042121D0037	0.023405	0.039009	0.000000	1	below-floor
cluster-0001	111	N6134021D0015	0.022936	0.038227	0.000000	1	below-floor
cluster-0001	112	N0042124D0071	0.022736	0.037894	0.000000	1	below-floor
cluster-0001	113	N6893621D0007	0.022210	0.037017	0.000000	1	below-floor
cluster-0001	114	NAWCAD-SCI-MAC	0.022173	0.036955	0.000000	1	below-floor
cluster-0001	115	N0042119D0001	0.021949	0.036581	0.000000	1	below-floor
cluster-0001	116	N0042120D0015	0.021898	0.036497	0.000000	1	below-floor
cluster-0001	117	N6833521D0053	0.021841	0.036402	0.000000	1	below-floor
cluster-0001	118	N6852021D0006	0.021735	0.036225	0.000000	1	below-floor
cluster-0001	119	W15QKN15D0001	0.027314	0.045524	0.000000	3	below-floor
cluster-0001	120	N6833515G0022	0.031038	0.051729	0.000000	5	below-floor
cluster-0001	121	NAVAIR-HQ-BOA	0.030969	0.051615	0.000000	5	below-floor
cluster-0001	122	N0042124G0005	0.029903	0.049839	0.000000	5	below-floor
cluster-0001	123	N6833518G0014	0.024490	0.040816	0.000000	5	below-floor
cluster-0001	124	N6893619D0027	0.021290	0.035483	0.000000	1	below-floor
cluster-0001	125	N6893622D0008	0.021063	0.035105	0.000000	1	below-floor
cluster-0001	126	N0001922D0001	0.020961	0.034934	0.000000	1	below-floor
cluster-0001	127	N6893624D0001	0.020662	0.034436	0.000000	1	below-floor
cluster-0001	128	N0042117D0045	0.020356	0.033926	0.000000	1	below-floor
cluster-0001	129	N0001923D0010	0.020168	0.033613	0.000000	1	below-floor
cluster-0001	130	N0042120D0115	0.020098	0.033497	0.000000	1	below-floor
cluster-0001	131	N6893621D0017	0.019995	0.033326	0.000000	1	below-floor
cluster-0001	132	NAWCAD-CYBER-IDIQ	0.019946	0.033244	0.000000	1	below-floor
cluster-0001	133	N6893619D0007	0.019864	0.033107	0.000000	1	below-floor
cluster-0001	134	N0042120D0071	0.019408	0.032347	0.000000	1	below-floor
cluster-0001	135	N0042120D0006	0.018527	0.030879	0.000000	1	below-floor
cluster-0001	136	N0042119D0065	0.018321	0.030534	0.000000	1	below-floor
cluster-0001	137	N6893616D0018	0.018191	0.030318	0.000000	1	below-floor
cluster-0001	138	N6893620D0024	0.017717	0.029529	0.000000	1	below-floor
cluster-0001	139	N6893621D0046	0.017602	0.029336	0.000000	1	below-floor
cluster-0001	140	N6833515D0026	0.016983	0.028305	0.000000	1	below-floor
cluster-0001	141	N6134024D0001	0.016773	0.027956	0.000000	1	below-floor
cluster-0001	142	N0042120D0023	0.016693	0.027821	0.000000	1	below-floor
cluster-0001	143	N0042116D0013	0.016114	0.026856	0.000000	1	below-floor
cluster-0001	144	N0042121D0019	0.016060	0.026766	0.000000	1	below-floor
cluster-0001	145	N6893622D0038	0.015985	0.026642	0.000000	1	below-floor
cluster-0001	146	N6893621D0016	0.015914	0.026523	0.000000	1	below-floor
cluster-0001	147	N0001920D0109	0.015859	0.026432	0.000000	1	below-floor
cluster-0001	148	N6893623D0046	0.015738	0.026230	0.000000	1	below-floor
cluster-0001	149	N6893620D0001	0.015673	0.026122	0.000000	1	below-floor
cluster-0001	150	N0042118D0015	0.015656	0.026093	0.000000	1	below-floor
cluster-0001	151	N6833520D0022	0.015517	0.025862	0.000000	1	below-floor
cluster-0001	152	N0042122D0103	0.015479	0.025798	0.000000	1	below-floor
cluster-0001	153	N0001920D0004	0.015454	0.025757	0.000000	1	below-floor
cluster-0001	154	N6134020D0024	0.015448	0.025747	0.000000	1	below-floor
cluster-0001	155	N6893623D0051	0.014755	0.024592	0.000000	1	below-floor
cluster-0001	156	N6893625D0011	0.014724	0.024540	0.000000	1	below-floor
cluster-0001	157	N6833521D0225	0.014684	0.024473	0.000000	1	below-floor
cluster-0001	158	N0042116D0005	0.014553	0.024255	0.000000	1	below-floor
cluster-0001	159	N6893623D0019	0.014412	0.024020	0.000000	1	below-floor
cluster-0001	160	N6134022D0006	0.014178	0.023630	0.000000	1	below-floor
cluster-0001	161	N6893621D0051	0.014174	0.023623	0.000000	1	below-floor
cluster-0001	162	N0042122D0084	0.014165	0.023608	0.000000	1	below-floor
cluster-0001	163	N0001923D0018	0.014073	0.023455	0.000000	1	below-floor
cluster-0001	164	N0001923D0015	0.014031	0.023386	0.000000	1	below-floor
cluster-0001	165	N6833522D0012	0.014017	0.023361	0.000000	1	below-floor
cluster-0001	166	N6893621D0045	0.013839	0.023065	0.000000	1	below-floor
cluster-0001	167	N6893618D0006	0.013472	0.022453	0.000000	1	below-floor
cluster-0001	168	N0001922D0008	0.013326	0.022211	0.000000	1	below-floor
cluster-0001	169	N0042119D0024	0.013309	0.022181	0.000000	1	below-floor
cluster-0001	170	N0042119D0071	0.013272	0.022119	0.000000	1	below-floor
cluster-0001	171	N6852021D0005	0.012943	0.021572	0.000000	1	below-floor
cluster-0001	172	N6893619D0001	0.012926	0.021544	0.000000	1	below-floor
cluster-0001	173	N0042117D0031	0.012922	0.021537	0.000000	1	below-floor
cluster-0001	174	N0042125D0301	0.012764	0.021273	0.000000	1	below-floor
cluster-0001	175	N0042119D0023	0.012576	0.020960	0.000000	1	below-floor
cluster-0001	176	N0001919D0001	0.012526	0.020877	0.000000	1	below-floor
cluster-0001	177	N0042119D0047	0.012457	0.020761	0.000000	1	below-floor
cluster-0001	178	N6893622D0041	0.012282	0.020471	0.000000	1	below-floor
cluster-0001	179	N6134023D0004	0.012243	0.020404	0.000000	1	below-floor
cluster-0001	180	N6893624D0006	0.011989	0.019982	0.000000	1	below-floor
cluster-0001	181	N6893623D0042	0.011829	0.019716	0.000000	1	below-floor
cluster-0001	182	N6893623D0029	0.011736	0.019559	0.000000	1	below-floor
cluster-0001	183	N6893622D0004	0.011642	0.019403	0.000000	1	below-floor
cluster-0001	184	N6833521D0049	0.011619	0.019365	0.000000	1	below-floor
cluster-0001	185	N6833524D0010	0.011556	0.019260	0.000000	1	below-floor
cluster-0001	186	N6833524D0020	0.011497	0.019162	0.000000	1	below-floor
cluster-0001	187	N0001921D0050	0.011434	0.019056	0.000000	1	below-floor
cluster-0001	188	N0001925D0009	0.011401	0.019001	0.000000	1	below-floor
cluster-0001	189	N0042123D0011	0.011377	0.018962	0.000000	1	below-floor
cluster-0001	190	N6893618D0029	0.011230	0.018717	0.000000	1	below-floor
cluster-0001	191	N6833519D0135	0.011010	0.018351	0.000000	1	below-floor
cluster-0001	192	N0001919D0005	0.011009	0.018349	0.000000	1	below-floor
cluster-0001	193	N6893619D0048	0.010967	0.018279	0.000000	1	below-floor
cluster-0001	194	N0042119D0042	0.010905	0.018174	0.000000	1	below-floor
cluster-0001	195	N6134020D0008	0.010893	0.018155	0.000000	1	below-floor
cluster-0001	196	N0001923D0014	0.010891	0.018152	0.000000	1	below-floor
cluster-0001	197	N6134021D0017	0.010656	0.017761	0.000000	1	below-floor
cluster-0001	198	N0001924D0110	0.010613	0.017689	0.000000	1	below-floor
cluster-0001	199	N6833521D0214	0.010551	0.017585	0.000000	1	below-floor
cluster-0001	200	N0042124D0022	0.010476	0.017461	0.000000	1	below-floor
cluster-0001	201	N6833521D0229	0.010433	0.017388	0.000000	1	below-floor
cluster-0001	202	N6893622D0014	0.010422	0.017370	0.000000	1	below-floor
cluster-0001	203	N0001925D0023	0.010271	0.017119	0.000000	1	below-floor
cluster-0001	204	N6833521D0045	0.010231	0.017052	0.000000	1	below-floor
cluster-0001	205	N6134018D0002	0.010034	0.016724	0.000000	1	below-floor
cluster-0001	206	N0042124D0012	0.010007	0.016678	0.000000	1	below-floor
cluster-0001	207	N0001920D0051	0.009994	0.016656	0.000000	1	below-floor
cluster-0001	208	N0001925D0014	0.009831	0.016385	0.000000	1	below-floor
cluster-0001	209	N0042120D0117	0.009574	0.015957	0.000000	1	below-floor
cluster-0001	210	N6134020D0021	0.009486	0.015809	0.000000	1	below-floor
cluster-0001	211	N6893618D0014	0.009406	0.015676	0.000000	1	below-floor
cluster-0001	212	N0001919D0012	0.008986	0.014976	0.000000	1	below-floor
cluster-0001	213	N0001919D0013	0.008986	0.014976	0.000000	1	below-floor
cluster-0001	214	N0042117D0032	0.008931	0.014885	0.000000	1	below-floor
cluster-0001	215	N6833525D0004	0.008882	0.014803	0.000000	1	below-floor
cluster-0001	216	N6833523D0046	0.008832	0.014719	0.000000	1	below-floor
cluster-0001	217	N6893624D0007	0.008772	0.014621	0.000000	1	below-floor
cluster-0001	218	N0001922D0007	0.008520	0.014200	0.000000	1	below-floor
cluster-0001	219	N0001922D0006	0.008479	0.014132	0.000000	1	below-floor
cluster-0001	220	N6134018D0004	0.008324	0.013874	0.000000	1	below-floor
cluster-0001	221	N6852023D0111	0.008316	0.013861	0.000000	1	below-floor
cluster-0001	222	N6833517D0021	0.008292	0.013821	0.000000	1	below-floor
cluster-0001	223	N6893622D0026	0.008263	0.013771	0.000000	1	below-floor
cluster-0001	224	N0001924D0114	0.008219	0.013698	0.000000	1	below-floor
cluster-0001	225	N0001922D0043	0.008095	0.013492	0.000000	1	below-floor
cluster-0001	226	N6893619D0020	0.008028	0.013379	0.000000	1	below-floor
cluster-0001	227	N6852023D0011	0.008011	0.013351	0.000000	1	below-floor
cluster-0001	228	N6833523D0035	0.007993	0.013321	0.000000	1	below-floor
cluster-0001	229	N0042117D0027	0.007852	0.013087	0.000000	1	below-floor
cluster-0001	230	N0042118D0059	0.007657	0.012761	0.000000	1	below-floor
cluster-0001	231	N6833525D0005	0.007614	0.012690	0.000000	1	below-floor
cluster-0001	232	N0042118D0001	0.007552	0.012587	0.000000	1	below-floor
cluster-0001	233	N0042119D0076	0.007544	0.012573	0.000000	1	below-floor
cluster-0001	234	N6893618D0026	0.007471	0.012452	0.000000	1	below-floor
cluster-0001	235	N6833521D0064	0.007380	0.012299	0.000000	1	below-floor
cluster-0001	236	N6833522D0017	0.007362	0.012270	0.000000	1	below-floor
cluster-0001	237	N0042120D0108	0.007301	0.012168	0.000000	1	below-floor
cluster-0001	238	N0042122D0099	0.006899	0.011499	0.000000	1	below-floor
cluster-0001	239	N6833520D0935	0.006873	0.011455	0.000000	1	below-floor
cluster-0001	240	N6833523D0017	0.006863	0.011438	0.000000	1	below-floor
cluster-0001	241	N0042124D0008	0.006774	0.011291	0.000000	1	below-floor
cluster-0001	242	N6833525D0001	0.006661	0.011102	0.000000	1	below-floor
cluster-0001	243	N6134022D0008	0.006295	0.010491	0.000000	1	below-floor
cluster-0001	244	N6833522D0013	0.006161	0.010269	0.000000	1	below-floor
cluster-0001	245	N0001923D0011	0.005739	0.009564	0.000000	1	below-floor
cluster-0001	246	N0001920D0016	0.005618	0.009363	0.000000	1	below-floor
cluster-0001	247	N0042121D0008	0.005582	0.009303	0.000000	1	below-floor
cluster-0001	248	N6893623D0045	0.005495	0.009158	0.000000	1	below-floor
cluster-0001	249	N6833525D0010	0.005483	0.009138	0.000000	1	below-floor
cluster-0001	250	N0042119D0029	0.005361	0.008936	0.000000	1	below-floor
cluster-0001	251	N6134021D0013	0.005298	0.008830	0.000000	1	below-floor
cluster-0001	252	N0042121D0035	0.005256	0.008760	0.000000	1	below-floor
cluster-0001	253	N6893625D0001	0.005174	0.008624	0.000000	1	below-floor
cluster-0001	254	N6893623D0021	0.005163	0.008605	0.000000	1	below-floor
cluster-0001	255	N6852023D0012	0.005160	0.008599	0.000000	1	below-floor
cluster-0001	256	N0042123D0001	0.005147	0.008579	0.000000	1	below-floor
cluster-0001	257	N6893622D0015	0.005118	0.008530	0.000000	1	below-floor
cluster-0001	258	N0001918D0118	0.005101	0.008502	0.000000	1	below-floor
cluster-0001	259	N6893622D0032	0.004967	0.008278	0.000000	1	below-floor
cluster-0001	260	N6134024D0006	0.004964	0.008273	0.000000	1	below-floor
cluster-0001	261	N0001919D0021	0.004791	0.007985	0.000000	1	below-floor
cluster-0001	262	N6833519D0082	0.004320	0.007200	0.000000	1	below-floor
cluster-0001	263	N0001922D0011	0.004186	0.006977	0.000000	1	below-floor
cluster-0001	264	N6893624D0008	0.004124	0.006874	0.000000	1	below-floor
cluster-0001	265	N6893618D0036	0.004044	0.006741	0.000000	1	below-floor
cluster-0001	266	N0042125D0302	0.003898	0.006496	0.000000	1	below-floor
cluster-0001	267	N0001924D0119	0.003861	0.006436	0.000000	1	below-floor
cluster-0001	268	N6134024D0013	0.003820	0.006367	0.000000	1	below-floor
cluster-0001	269	N6893623D0028	0.003816	0.006360	0.000000	1	below-floor
cluster-0001	270	N6134023D0008	0.003796	0.006327	0.000000	1	below-floor
cluster-0001	271	N0042123D0005	0.003778	0.006297	0.000000	1	below-floor
cluster-0001	272	N6893621D0044	0.003742	0.006237	0.000000	1	below-floor
cluster-0001	273	N6134023D0001	0.003646	0.006076	0.000000	1	below-floor
cluster-0001	274	N0001923D0022	0.003598	0.005996	0.000000	1	below-floor
cluster-0001	275	N6134019D0003	0.003522	0.005871	0.000000	1	below-floor
cluster-0001	276	N6893624D0012	0.003424	0.005707	0.000000	1	below-floor
cluster-0001	277	N0001921D0010	0.003345	0.005576	0.000000	1	below-floor
cluster-0001	278	N0042124D0006	0.003309	0.005515	0.000000	1	below-floor
cluster-0001	279	N6893621D0001	0.003256	0.005426	0.000000	1	below-floor
cluster-0001	280	N0001919D0032	0.003164	0.005273	0.000000	1	below-floor
cluster-0001	281	N0001924D0004	0.003096	0.005160	0.000000	1	below-floor
cluster-0001	282	N0042121D0034	0.003070	0.005117	0.000000	1	below-floor
cluster-0001	283	N6833520D0048	0.002953	0.004921	0.000000	1	below-floor
cluster-0001	284	N6134020D0011	0.002949	0.004915	0.000000	1	below-floor
cluster-0001	285	N0001922D0038	0.002935	0.004891	0.000000	1	below-floor
cluster-0001	286	N6893624D0015	0.002929	0.004882	0.000000	1	below-floor
cluster-0001	287	N0001421D4002	0.002900	0.004833	0.000000	1	below-floor
cluster-0001	288	N0024424D0005	0.002895	0.004825	0.000000	1	below-floor
cluster-0001	289	N0042124D0020	0.002836	0.004726	0.000000	1	below-floor
cluster-0001	290	N6893624D0017	0.002767	0.004612	0.000000	1	below-floor
cluster-0001	291	N0042121D0018	0.002756	0.004593	0.000000	1	below-floor
cluster-0001	292	N6893619D0035	0.002749	0.004581	0.000000	1	below-floor
cluster-0001	293	N6134022D0004	0.002639	0.004399	0.000000	1	below-floor
cluster-0001	294	N6893618D0015	0.002415	0.004025	0.000000	1	below-floor
cluster-0001	295	N6893618D0012	0.002404	0.004006	0.000000	1	below-floor
cluster-0001	296	N6893619D0008	0.002364	0.003940	0.000000	1	below-floor
cluster-0001	297	N6134022D0002	0.002160	0.003600	0.000000	1	below-floor
cluster-0001	298	N0001923D0012	0.002157	0.003595	0.000000	1	below-floor
cluster-0001	299	N6833522D0008	0.002041	0.003402	0.000000	1	below-floor
cluster-0001	300	N6833524D0019	0.001993	0.003321	0.000000	1	below-floor
cluster-0001	301	N6893624D0013	0.001945	0.003241	0.000000	1	below-floor
cluster-0001	302	N0001920D0013	0.001856	0.003093	0.000000	1	below-floor
cluster-0001	303	N0001917D0004	0.001838	0.003063	0.000000	1	below-floor
cluster-0001	304	N6833524D0021	0.001640	0.002733	0.000000	1	below-floor
cluster-0001	305	N0042121D0033	0.001460	0.002434	0.000000	1	below-floor
cluster-0001	306	N6893622D0017	0.001419	0.002365	0.000000	1	below-floor
cluster-0001	307	N0001917D0009	0.000000	0.000000	0.000000	1	below-floor
cluster-0001	308	N0001917D0101	0.000000	0.000000	0.000000	1	below-floor
cluster-0001	309	N0001918D0001	0.000000	0.000000	0.000000	1	below-floor
cluster-0001	310	N0001919D0015	0.000000	0.000000	0.000000	1	below-floor
cluster-0001	311	N0001919D0023	0.000000	0.000000	0.000000	1	below-floor
cluster-0001	312	N0001919D0026	0.000000	0.000000	0.000000	1	below-floor
cluster-0001	313	N0001919D0027	0.000000	0.000000	0.000000	1	below-floor
cluster-0001	314	N0001920D0008	0.000000	0.000000	0.000000	1	below-floor
cluster-0001	315	N0001920D0024	0.000000	0.000000	0.000000	1	below-floor
cluster-0001	316	N0001920D0106	0.000000	0.000000	0.000000	1	below-floor
cluster-0001	317	N0001921D0011	0.000000	0.000000	0.000000	1	below-floor
cluster-0001	318	N0001921D0015	0.000000	0.000000	0.000000	1	below-floor
cluster-0001	319	N0001922D0022	0.000000	0.000000	0.000000	1	below-floor
cluster-0001	320	N0001923D0008	0.000000	0.000000	0.000000	1	below-floor
cluster-0001	321	N0001923D0009	0.000000	0.000000	0.000000	1	below-floor
cluster-0001	322	N0001924D0106	0.000000	0.000000	0.000000	1	below-floor
cluster-0001	323	N0024424D0010	0.000000	0.000000	0.000000	1	below-floor
cluster-0001	324	N0038324DBK01	0.000000	0.000000	0.000000	1	below-floor
cluster-0001	325	N0042117D0015	0.000000	0.000000	0.000000	1	below-floor
cluster-0001	326	N0042117D0052	0.000000	0.000000	0.000000	1	below-floor
cluster-0001	327	N0042118D0007	0.000000	0.000000	0.000000	1	below-floor
cluster-0001	328	N0042118D0030	0.000000	0.000000	0.000000	1	below-floor
cluster-0001	329	N0042118D0062	0.000000	0.000000	0.000000	1	below-floor
cluster-0001	330	N0042119D0028	0.000000	0.000000	0.000000	1	below-floor
cluster-0001	331	N0042119D0058	0.000000	0.000000	0.000000	1	below-floor
cluster-0001	332	N0042119D0060	0.000000	0.000000	0.000000	1	below-floor
cluster-0001	333	N0042120D0109	0.000000	0.000000	0.000000	1	below-floor
cluster-0001	334	N0042121D0023	0.000000	0.000000	0.000000	1	below-floor
cluster-0001	335	N0042122D0002	0.000000	0.000000	0.000000	1	below-floor
cluster-0001	336	N0042122D0003	0.000000	0.000000	0.000000	1	below-floor
cluster-0001	337	N0042122D0005	0.000000	0.000000	0.000000	1	below-floor
cluster-0001	338	N0042122D0096	0.000000	0.000000	0.000000	1	below-floor
cluster-0001	339	N0042123D0019	0.000000	0.000000	0.000000	1	below-floor
cluster-0001	340	N6134015D0003	0.000000	0.000000	0.000000	1	below-floor
cluster-0001	341	N6134018D0009	0.000000	0.000000	0.000000	1	below-floor
cluster-0001	342	N6134019D0906	0.000000	0.000000	0.000000	1	below-floor
cluster-0001	343	N6134020D0002	0.000000	0.000000	0.000000	1	below-floor
cluster-0001	344	N6134020D0004	0.000000	0.000000	0.000000	1	below-floor
cluster-0001	345	N6134020D0015	0.000000	0.000000	0.000000	1	below-floor
cluster-0001	346	N6134020D0020	0.000000	0.000000	0.000000	1	below-floor
cluster-0001	347	N6134023D0003	0.000000	0.000000	0.000000	1	below-floor
cluster-0001	348	N6134025D0005	0.000000	0.000000	0.000000	1	below-floor
cluster-0001	349	N6134025D0006	0.000000	0.000000	0.000000	1	below-floor
cluster-0001	350	N6833520D0032	0.000000	0.000000	0.000000	1	below-floor
cluster-0001	351	N6833521D0048	0.000000	0.000000	0.000000	1	below-floor
cluster-0001	352	N6833522D0004	0.000000	0.000000	0.000000	1	below-floor
cluster-0001	353	N6833522D0022	0.000000	0.000000	0.000000	1	below-floor
cluster-0001	354	N6833522D0037	0.000000	0.000000	0.000000	1	below-floor
cluster-0001	355	N6833522D0039	0.000000	0.000000	0.000000	1	below-floor
cluster-0001	356	N6833523D0001	0.000000	0.000000	0.000000	1	below-floor
cluster-0001	357	N6833523D0010	0.000000	0.000000	0.000000	1	below-floor
cluster-0001	358	N6833523D0025	0.000000	0.000000	0.000000	1	below-floor
cluster-0001	359	N6833523D0029	0.000000	0.000000	0.000000	1	below-floor
cluster-0001	360	N6833524D0002	0.000000	0.000000	0.000000	1	below-floor
cluster-0001	361	N6833524D0003	0.000000	0.000000	0.000000	1	below-floor
cluster-0001	362	N6833524D0009	0.000000	0.000000	0.000000	1	below-floor
cluster-0001	363	N6833524D0018	0.000000	0.000000	0.000000	1	below-floor
cluster-0001	364	N6833524D0023	0.000000	0.000000	0.000000	1	below-floor
cluster-0001	365	N6852021D0004	0.000000	0.000000	0.000000	1	below-floor
cluster-0001	366	N6852022D0003	0.000000	0.000000	0.000000	1	below-floor
cluster-0001	367	N6852023D0014	0.000000	0.000000	0.000000	1	below-floor
cluster-0001	368	N6893614D0008	0.000000	0.000000	0.000000	1	below-floor
cluster-0001	369	N6893615D0015	0.000000	0.000000	0.000000	1	below-floor
cluster-0001	370	N6893616D0016	0.000000	0.000000	0.000000	1	below-floor
cluster-0001	371	N6893617D0010	0.000000	0.000000	0.000000	1	below-floor
cluster-0001	372	N6893619D0017	0.000000	0.000000	0.000000	1	below-floor
cluster-0001	373	N6893620D0018	0.000000	0.000000	0.000000	1	below-floor
cluster-0001	374	N6893621D0009	0.000000	0.000000	0.000000	1	below-floor
cluster-0001	375	N6893621D0010	0.000000	0.000000	0.000000	1	below-floor
cluster-0001	376	N6893621D0024	0.000000	0.000000	0.000000	1	below-floor
cluster-0001	377	N6893621D0026	0.000000	0.000000	0.000000	1	below-floor
cluster-0001	378	N6893621D0043	0.000000	0.000000	0.000000	1	below-floor
cluster-0001	379	N6893622D0007	0.000000	0.000000	0.000000	1	below-floor
cluster-0001	380	N6893622D0011	0.000000	0.000000	0.000000	1	below-floor
cluster-0001	381	N6893622D0018	0.000000	0.000000	0.000000	1	below-floor
cluster-0001	382	N6893622D0021	0.000000	0.000000	0.000000	1	below-floor
cluster-0001	383	N6893622D0025	0.000000	0.000000	0.000000	1	below-floor
cluster-0001	384	N6893622D0027	0.000000	0.000000	0.000000	1	below-floor
cluster-0001	385	N6893622D0034	0.000000	0.000000	0.000000	1	below-floor
cluster-0001	386	N6893622D0036	0.000000	0.000000	0.000000	1	below-floor
cluster-0001	387	N6893623D0018	0.000000	0.000000	0.000000	1	below-floor
cluster-0001	388	N6893623D0025	0.000000	0.000000	0.000000	1	below-floor
cluster-0001	389	N6893623D0026	0.000000	0.000000	0.000000	1	below-floor
cluster-0001	390	N6893623D0036	0.000000	0.000000	0.000000	1	below-floor
cluster-0001	391	N6893623D0037	0.000000	0.000000	0.000000	1	below-floor
cluster-0001	392	N6893623D0039	0.000000	0.000000	0.000000	1	below-floor
cluster-0001	393	N6893623D0041	0.000000	0.000000	0.000000	1	below-floor
cluster-0001	394	N6893623D0054	0.000000	0.000000	0.000000	1	below-floor
cluster-0001	395	N6893624D0002	0.000000	0.000000	0.000000	1	below-floor
cluster-0001	396	N6893624D0020	0.000000	0.000000	0.000000	1	below-floor
cluster-0001	397	N6893624D0022	0.000000	0.000000	0.000000	1	below-floor
cluster-0001	398	N6893624D0023	0.000000	0.000000	0.000000	1	below-floor
cluster-0001	399	N6893624D0025	0.000000	0.000000	0.000000	1	below-floor
cluster-0001	400	N6893625D0008	0.000000	0.000000	0.000000	1	below-floor
cluster-0001	401	N0042124A0003	0.020180	0.033633	0.000000	2	below-floor
cluster-0001	402	GSA-MAS	0.019820	0.033034	0.000000	2	below-floor
cluster-0001	403	N0042124A0004	0.010516	0.017527	0.000000	2	below-floor
cluster-0001	404	N6833523A0029	0.006247	0.010411	0.000000	2	below-floor
cluster-0001	405	N6852024A0004	0.002707	0.004511	0.000000	2	below-floor
cluster-0001	406	DON-ESL-BPA	0.002644	0.004406	0.000000	2	below-floor
cluster-0001	407	N0042124A0005	0.000000	0.000000	0.000000	2	below-floor
cluster-0001	408	N6833522A0017	0.000000	0.000000	0.000000	2	below-floor
cluster-0001	409	N6833522A0027	0.000000	0.000000	0.000000	2	below-floor
cluster-0001	410	N6833522A0029	0.000000	0.000000	0.000000	2	below-floor
cluster-0001	411	N6833522A0032	0.000000	0.000000	0.000000	2	below-floor
cluster-0001	412	N6833522A0035	0.000000	0.000000	0.000000	2	below-floor
cluster-0001	413	N6833523A0016	0.000000	0.000000	0.000000	2	below-floor
cluster-0001	414	N6833523A0018	0.000000	0.000000	0.000000	2	below-floor
cluster-0001	415	N6833523A0020	0.000000	0.000000	0.000000	2	below-floor
cluster-0001	416	N6833523A0021	0.000000	0.000000	0.000000	2	below-floor
cluster-0001	417	N6833523A0025	0.000000	0.000000	0.000000	2	below-floor
cluster-0001	418	N6833523A0027	0.000000	0.000000	0.000000	2	below-floor
cluster-0001	419	N6833523A0028	0.000000	0.000000	0.000000	2	below-floor
cluster-0001	420	N6833523A0030	0.000000	0.000000	0.000000	2	below-floor
cluster-0001	421	N6833523A0038	0.000000	0.000000	0.000000	2	below-floor
cluster-0001	422	N6833523A0040	0.000000	0.000000	0.000000	2	below-floor
cluster-0001	423	N6833523A0041	0.000000	0.000000	0.000000	2	below-floor
cluster-0001	424	N6833523A0043	0.000000	0.000000	0.000000	2	below-floor
cluster-0001	425	N6833523A0049	0.000000	0.000000	0.000000	2	below-floor
cluster-0001	426	N6833523A0051	0.000000	0.000000	0.000000	2	below-floor
cluster-0001	427	N6833523A0059	0.000000	0.000000	0.000000	2	below-floor
cluster-0001	428	N6833523A0062	0.000000	0.000000	0.000000	2	below-floor
cluster-0001	429	N6833523A0120	0.000000	0.000000	0.000000	2	below-floor
cluster-0001	430	N6833523A0134	0.000000	0.000000	0.000000	2	below-floor
cluster-0001	431	N6833523A0151	0.000000	0.000000	0.000000	2	below-floor
cluster-0001	432	N6833523A0153	0.000000	0.000000	0.000000	2	below-floor
cluster-0001	433	N6833523A0167	0.000000	0.000000	0.000000	2	below-floor
cluster-0001	434	N6833523A0194	0.000000	0.000000	0.000000	2	below-floor
cluster-0001	435	N6833524A0002	0.000000	0.000000	0.000000	2	below-floor
cluster-0001	436	N6833524A0007	0.000000	0.000000	0.000000	2	below-floor
cluster-0001	437	N6833524A0016	0.000000	0.000000	0.000000	2	below-floor
cluster-0001	438	N6833524A0026	0.000000	0.000000	0.000000	2	below-floor
cluster-0001	439	N6833524A0032	0.000000	0.000000	0.000000	2	below-floor
cluster-0001	440	N6833524A0033	0.000000	0.000000	0.000000	2	below-floor
cluster-0001	441	N6833524A0040	0.000000	0.000000	0.000000	2	below-floor
cluster-0001	442	N6833525A0007	0.000000	0.000000	0.000000	2	below-floor
cluster-0001	443	N6833525A0008	0.000000	0.000000	0.000000	2	below-floor
cluster-0001	444	N6833525A0038	0.000000	0.000000	0.000000	2	below-floor
cluster-0001	445	N6883621A0003	0.000000	0.000000	0.000000	2	below-floor
cluster-0001	446	NASA-SEWP	0.016899	0.028165	0.000000	3	below-floor
cluster-0001	447	GSA-OASIS-PLUS	0.016259	0.027099	0.000000	3	below-floor
cluster-0001	448	FA860423DB001	0.005022	0.008370	0.000000	3	below-floor
cluster-0001	449	FA857619D0001	0.002430	0.004049	0.000000	3	below-floor
cluster-0001	450	N6833519G0013	0.019547	0.032579	0.000000	5	below-floor
cluster-0001	451	N0042117G0003	0.019236	0.032060	0.000000	5	below-floor
cluster-0001	452	N6833522G0010	0.017791	0.029651	0.000000	5	below-floor
cluster-0001	453	N0042123G0001	0.015588	0.025980	0.000000	5	below-floor
cluster-0001	454	N0042121G0005	0.014436	0.024060	0.000000	5	below-floor
cluster-0001	455	N6833522G0036	0.014083	0.023472	0.000000	5	below-floor
cluster-0001	456	N6833520G3036	0.013212	0.022021	0.000000	5	below-floor
cluster-0001	457	N6833520G1048	0.012833	0.021389	0.000000	5	below-floor
cluster-0001	458	N6833523G0001	0.012021	0.020036	0.000000	5	below-floor
cluster-0001	459	N6833522G0029	0.010439	0.017398	0.000000	5	below-floor
cluster-0001	460	N6833524G0021	0.008627	0.014379	0.000000	5	below-floor
cluster-0001	461	N6134019G0002	0.007560	0.012599	0.000000	5	below-floor
cluster-0001	462	N6833524G0007	0.007157	0.011929	0.000000	5	below-floor
cluster-0001	463	SPE4A123G0002	0.006477	0.010795	0.000000	5	below-floor
cluster-0001	464	N0042123G0005	0.006374	0.010624	0.000000	5	below-floor
cluster-0001	465	N6833521G0020	0.004852	0.008086	0.000000	5	below-floor
cluster-0001	466	N6833524G0009	0.003854	0.006423	0.000000	5	below-floor
cluster-0001	467	N6833521G0021	0.003287	0.005478	0.000000	5	below-floor
cluster-0001	468	N6833523G0004	0.002507	0.004178	0.000000	5	below-floor
cluster-0001	469	N6833520G0002	0.002101	0.003502	0.000000	5	below-floor
cluster-0001	470	N0042119G0001	0.000000	0.000000	0.000000	5	below-floor
cluster-0001	471	N0042119G0004	0.000000	0.000000	0.000000	5	below-floor
cluster-0001	472	N0042121G0004	0.000000	0.000000	0.000000	5	below-floor
cluster-0001	473	N0042122G0101	0.000000	0.000000	0.000000	5	below-floor
cluster-0001	474	N0042123G0002	0.000000	0.000000	0.000000	5	below-floor
cluster-0001	475	N0042123G0004	0.000000	0.000000	0.000000	5	below-floor
cluster-0001	476	N0042124G0001	0.000000	0.000000	0.000000	5	below-floor
cluster-0001	477	N0042125G0003	0.000000	0.000000	0.000000	5	below-floor
cluster-0001	478	N6833519G0041	0.000000	0.000000	0.000000	5	below-floor
cluster-0001	479	N6833519G0050	0.000000	0.000000	0.000000	5	below-floor
cluster-0001	480	N6833519G0059	0.000000	0.000000	0.000000	5	below-floor
cluster-0001	481	N6833522G0035	0.000000	0.000000	0.000000	5	below-floor
cluster-0001	482	N6833522G0041	0.000000	0.000000	0.000000	5	below-floor
cluster-0001	483	N6833524G0028	0.000000	0.000000	0.000000	5	below-floor
cluster-0001	484	N6833524G0038	0.000000	0.000000	0.000000	5	below-floor
cluster-0002	1	N6833520G3036	0.137117	0.228528	0.000000	5	candidate
cluster-0002	2	N0001919D0005	0.069969	0.116614	0.000000	1	candidate
cluster-0002	3	N0001923D0018	0.067901	0.113168	0.000000	1	candidate
cluster-0002	4	N6833520D0032	0.038490	0.064151	0.000000	1	below-floor
cluster-0002	5	N0001920D0023	0.026133	0.043555	0.000000	1	below-floor
cluster-0002	6	SEAPORT-NXG	0.024220	0.040367	0.000000	1	below-floor
cluster-0002	7	N0042125D0303	0.021462	0.035769	0.000000	1	below-floor
cluster-0002	8	N0001920D0017	0.020964	0.034940	0.000000	1	below-floor
cluster-0002	9	N6893621D0010	0.020615	0.034358	0.000000	1	below-floor
cluster-0002	10	N6833523D0004	0.020358	0.033930	0.000000	1	below-floor
cluster-0002	11	GSA-MAS	0.055512	0.092520	0.000000	2	candidate
cluster-0002	12	N6833520G1048	0.022415	0.037358	0.000000	5	below-floor
cluster-0002	13	N0001922D0009	0.019787	0.032978	0.000000	1	below-floor
cluster-0002	14	N0001917D0009	0.019194	0.031990	0.000000	1	below-floor
cluster-0002	15	N6134023D0008	0.017811	0.029685	0.000000	1	below-floor
cluster-0002	16	N6833523D0003	0.017174	0.028623	0.000000	1	below-floor
cluster-0002	17	N0042116D0013	0.016973	0.028288	0.000000	1	below-floor
cluster-0002	18	N0001922D0042	0.016829	0.028049	0.000000	1	below-floor
cluster-0002	19	N0001925D0012	0.016722	0.027870	0.000000	1	below-floor
cluster-0002	20	N0001925D0009	0.016658	0.027763	0.000000	1	below-floor
cluster-0002	21	N6134022D0006	0.016484	0.027474	0.000000	1	below-floor
cluster-0002	22	N6893622D0002	0.015394	0.025657	0.000000	1	below-floor
cluster-0002	23	N0001922D0040	0.015222	0.025371	0.000000	1	below-floor
cluster-0002	24	N0001922D0013	0.015196	0.025327	0.000000	1	below-floor
cluster-0002	25	N0042123D0007	0.015110	0.025184	0.000000	1	below-floor
cluster-0002	26	N0001923D0013	0.015030	0.025050	0.000000	1	below-floor
cluster-0002	27	N6134018D0004	0.014994	0.024989	0.000000	1	below-floor
cluster-0002	28	N6893623D0014	0.014954	0.024924	0.000000	1	below-floor
cluster-0002	29	N6134021D0016	0.014644	0.024406	0.000000	1	below-floor
cluster-0002	30	NAWCTSD-TSC-IV	0.014390	0.023984	0.000000	1	below-floor
cluster-0002	31	N0042118D0015	0.014289	0.023815	0.000000	1	below-floor
cluster-0002	32	N6833521D0227	0.014177	0.023628	0.000000	1	below-floor
cluster-0002	33	N0042121D0035	0.014044	0.023406	0.000000	1	below-floor
cluster-0002	34	N6134017D0002	0.013453	0.022422	0.000000	1	below-floor
cluster-0002	35	N0042123D0005	0.013133	0.021888	0.000000	1	below-floor
cluster-0002	36	N0001921D0010	0.012950	0.021583	0.000000	1	below-floor
cluster-0002	37	N6134020D0024	0.012432	0.020719	0.000000	1	below-floor
cluster-0002	38	N6134023D0001	0.012313	0.020522	0.000000	1	below-floor
cluster-0002	39	N0042120D0007	0.012067	0.020112	0.000000	1	below-floor
cluster-0002	40	N6893614D0008	0.011657	0.019428	0.000000	1	below-floor
cluster-0002	41	NAWCTSD-FTSS-V	0.011552	0.019254	0.000000	1	below-floor
cluster-0002	42	N0042124D0011	0.011324	0.018873	0.000000	1	below-floor
cluster-0002	43	N0042116D0002	0.011291	0.018819	0.000000	1	below-floor
cluster-0002	44	N6893625D0013	0.011153	0.018588	0.000000	1	below-floor
cluster-0002	45	N6134021D0013	0.011140	0.018567	0.000000	1	below-floor
cluster-0002	46	N6134019D0906	0.011082	0.018470	0.000000	1	below-floor
cluster-0002	47	N6852021D0002	0.010932	0.018219	0.000000	1	below-floor
cluster-0002	48	N0001925D0014	0.010886	0.018143	0.000000	1	below-floor
cluster-0002	49	N6134025D0005	0.010819	0.018032	0.000000	1	below-floor
cluster-0002	50	N6134024D0006	0.010586	0.017644	0.000000	1	below-floor
cluster-0002	51	N6893620D0007	0.010558	0.017597	0.000000	1	below-floor
cluster-0002	52	N6893622D0032	0.010495	0.017492	0.000000	1	below-floor
cluster-0002	53	N6134024D0001	0.010224	0.017040	0.000000	1	below-floor
cluster-0002	54	N0042121D0010	0.010114	0.016856	0.000000	1	below-floor
cluster-0002	55	N6852025D0001	0.009666	0.016110	0.000000	1	below-floor
cluster-0002	56	N0001922D0022	0.009664	0.016107	0.000000	1	below-floor
cluster-0002	57	N6134020D0021	0.009646	0.016077	0.000000	1	below-floor
cluster-0002	58	N6893624D0017	0.009623	0.016038	0.000000	1	below-floor
cluster-0002	59	N0001922D0001	0.009613	0.016022	0.000000	1	below-floor
cluster-0002	60	N6893619D0027	0.009599	0.015998	0.000000	1	below-floor
cluster-0002	61	N0001924D0119	0.009586	0.015977	0.000000	1	below-floor
cluster-0002	62	N0001925D0016	0.009504	0.015839	0.000000	1	below-floor
cluster-0002	63	N0042119D0001	0.009400	0.015667	0.000000	1	below-floor
cluster-0002	64	N6134018D0009	0.009383	0.015639	0.000000	1	below-floor
cluster-0002	65	N6833519D0135	0.009322	0.015537	0.000000	1	below-floor
cluster-0002	66	N0042122D0101	0.009276	0.015460	0.000000	1	below-floor
cluster-0002	67	N0042120D0006	0.009082	0.015137	0.000000	1	below-floor
cluster-0002	68	N0001918D0103	0.009032	0.015053	0.000000	1	below-floor
cluster-0002	69	NAWCAD-SCI-MAC	0.008964	0.014941	0.000000	1	below-floor
cluster-0002	70	N6893623D0001	0.008797	0.014662	0.000000	1	below-floor
cluster-0002	71	N6893621D0011	0.008681	0.014469	0.000000	1	below-floor
cluster-0002	72	N0001923D0022	0.008612	0.014353	0.000000	1	below-floor
cluster-0002	73	N6833521D0229	0.008398	0.013997	0.000000	1	below-floor
cluster-0002	74	N6893620D0001	0.008332	0.013887	0.000000	1	below-floor
cluster-0002	75	N0001922D0008	0.008228	0.013713	0.000000	1	below-floor
cluster-0002	76	N0042122D0084	0.008185	0.013642	0.000000	1	below-floor
cluster-0002	77	N6833521D0214	0.008180	0.013633	0.000000	1	below-floor
cluster-0002	78	N6852023D0013	0.008147	0.013579	0.000000	1	below-floor
cluster-0002	79	N0001920D0051	0.008126	0.013544	0.000000	1	below-floor
cluster-0002	80	N6833521D0049	0.008065	0.013442	0.000000	1	below-floor
cluster-0002	81	N6134021D0015	0.007954	0.013257	0.000000	1	below-floor
cluster-0002	82	N0001920D0001	0.007925	0.013208	0.000000	1	below-floor
cluster-0002	83	N0042124D0008	0.007843	0.013072	0.000000	1	below-floor
cluster-0002	84	N0042120D0015	0.007836	0.013059	0.000000	1	below-floor
cluster-0002	85	N6893622D0028	0.007824	0.013040	0.000000	1	below-floor
cluster-0002	86	N6893621D0046	0.007741	0.012902	0.000000	1	below-floor
cluster-0002	87	N6833522D0005	0.007651	0.012752	0.000000	1	below-floor
cluster-0002	88	N0001921D0050	0.007618	0.012697	0.000000	1	below-floor
cluster-0002	89	N0042119D0055	0.007512	0.012519	0.000000	1	below-floor
cluster-0002	90	N0001922D0006	0.007487	0.012478	0.000000	1	below-floor
cluster-0002	91	N6134020D0025	0.007479	0.012464	0.000000	1	below-floor
cluster-0002	92	N6134020D0019	0.007300	0.012166	0.000000	1	below-floor
cluster-0002	93	N6893618D0026	0.007163	0.011938	0.000000	1	below-floor
cluster-0002	94	N6893618D0006	0.007034	0.011724	0.000000	1	below-floor
cluster-0002	95	N6134016D1003	0.006876	0.011460	0.000000	1	below-floor
cluster-0002	96	N6134020D0008	0.006718	0.011197	0.000000	1	below-floor
cluster-0002	97	N6893622D0025	0.006705	0.011175	0.000000	1	below-floor
cluster-0002	98	N0001919D0001	0.006667	0.011112	0.000000	1	below-floor
cluster-0002	99	N6893624D0001	0.006473	0.010788	0.000000	1	below-floor
cluster-0002	100	N6893620D0015	0.006413	0.010689	0.000000	1	below-floor
cluster-0002	101	N0042119D0023	0.006378	0.010631	0.000000	1	below-floor
cluster-0002	102	N6893623D0033	0.006213	0.010355	0.000000	1	below-floor
cluster-0002	103	N6833517D0021	0.006192	0.010320	0.000000	1	below-floor
cluster-0002	104	N0042119D0002	0.006170	0.010284	0.000000	1	below-floor
cluster-0002	105	N0042122D0001	0.006045	0.010076	0.000000	1	below-floor
cluster-0002	106	N6893621D0009	0.005835	0.009725	0.000000	1	below-floor
cluster-0002	107	N0001922D0004	0.005761	0.009602	0.000000	1	below-floor
cluster-0002	108	N6134015D0003	0.005739	0.009565	0.000000	1	below-floor
cluster-0002	109	N0042118D0017	0.005704	0.009507	0.000000	1	below-floor
cluster-0002	110	N0001924D0110	0.005689	0.009482	0.000000	1	below-floor
cluster-0002	111	N0001924D0126	0.005665	0.009442	0.000000	1	below-floor
cluster-0002	112	N6893623D0047	0.005627	0.009379	0.000000	1	below-floor
cluster-0002	113	N0042117D0045	0.005620	0.009366	0.000000	1	below-floor
cluster-0002	114	N0042119D0047	0.005594	0.009323	0.000000	1	below-floor
cluster-0002	115	N6893623D0018	0.005532	0.009220	0.000000	1	below-floor
cluster-0002	116	N0001920D0024	0.005531	0.009218	0.000000	1	below-floor
cluster-0002	117	N0042120D0108	0.005457	0.009095	0.000000	1	below-floor
cluster-0002	118	N6893623D0023	0.005349	0.008915	0.000000	1	below-floor
cluster-0002	119	N6893620D0016	0.005280	0.008800	0.000000	1	below-floor
cluster-0002	120	N0042123D0011	0.005236	0.008727	0.000000	1	below-floor
cluster-0002	121	N6893625D0001	0.005223	0.008704	0.000000	1	below-floor
cluster-0002	122	N0001921D0001	0.005203	0.008671	0.000000	1	below-floor
cluster-0002	123	N6134023D0004	0.005103	0.008505	0.000000	1	below-floor
cluster-0002	124	N0001923D0001	0.005046	0.008409	0.000000	1	below-floor
cluster-0002	125	N0001920D0007	0.005026	0.008377	0.000000	1	below-floor
cluster-0002	126	NAWCTSD-PACRM	0.004929	0.008216	0.000000	1	below-floor
cluster-0002	127	N6852021D0006	0.004914	0.008190	0.000000	1	below-floor
cluster-0002	128	N6134018D0002	0.004900	0.008166	0.000000	1	below-floor
cluster-0002	129	N6893623D0013	0.004810	0.008017	0.000000	1	below-floor
cluster-0002	130	N0001917D0004	0.004797	0.007995	0.000000	1	below-floor
cluster-0002	131	N6134019D1006	0.004732	0.007887	0.000000	1	below-floor
cluster-0002	132	N0001421D4002	0.004692	0.007819	0.000000	1	below-floor
cluster-0002	133	N0042119D0075	0.004589	0.007648	0.000000	1	below-floor
cluster-0002	134	N6134022D0002	0.004532	0.007553	0.000000	1	below-floor
cluster-0002	135	N0042121D0008	0.004523	0.007539	0.000000	1	below-floor
cluster-0002	136	N6833518D0031	0.004439	0.007398	0.000000	1	below-floor
cluster-0002	137	N0042119D0066	0.004405	0.007341	0.000000	1	below-floor
cluster-0002	138	N0001923D0010	0.004339	0.007231	0.000000	1	below-floor
cluster-0002	139	N0042118D0042	0.004136	0.006894	0.000000	1	below-floor
cluster-0002	140	N6893623D0034	0.004070	0.006784	0.000000	1	below-floor
cluster-0002	141	N6893622D0024	0.003990	0.006650	0.000000	1	below-floor
cluster-0002	142	N0042120D0003	0.003912	0.006519	0.000000	1	below-floor
cluster-0002	143	N6134022D0004	0.003908	0.006513	0.000000	1	below-floor
cluster-0002	144	N0042120D0073	0.003882	0.006469	0.000000	1	below-floor
cluster-0002	145	N6893621D0001	0.003864	0.006440	0.000000	1	below-floor
cluster-0002	146	N0042119D0042	0.003827	0.006378	0.000000	1	below-floor
cluster-0002	147	N0042125D0302	0.003822	0.006370	0.000000	1	below-floor
cluster-0002	148	N6893622D0014	0.003796	0.006326	0.000000	1	below-floor
cluster-0002	149	N6893620D0024	0.003777	0.006296	0.000000	1	below-floor
cluster-0002	150	N6833521D0046	0.003695	0.006159	0.000000	1	below-floor
cluster-0002	151	N6893616D0016	0.003690	0.006150	0.000000	1	below-floor
cluster-0002	152	N6134021D0017	0.003645	0.006075	0.000000	1	below-floor
cluster-0002	153	N6852023D0111	0.003605	0.006009	0.000000	1	below-floor
cluster-0002	154	N0001923D0008	0.003584	0.005973	0.000000	1	below-floor
cluster-0002	155	N6134022D0008	0.003583	0.005971	0.000000	1	below-floor
cluster-0002	156	N0042117D0032	0.003553	0.005921	0.000000	1	below-floor
cluster-0002	157	N6893623D0019	0.003542	0.005903	0.000000	1	below-floor
cluster-0002	158	N0042119D0067	0.003491	0.005819	0.000000	1	below-floor
cluster-0002	159	N0042121D0005	0.003447	0.005745	0.000000	1	below-floor
cluster-0002	160	N6893623D0045	0.003356	0.005593	0.000000	1	below-floor
cluster-0002	161	N0042118D0054	0.003338	0.005563	0.000000	1	below-floor
cluster-0002	162	N0042118D0059	0.003279	0.005465	0.000000	1	below-floor
cluster-0002	163	N6893622D0009	0.003273	0.005455	0.000000	1	below-floor
cluster-0002	164	N6893624D0003	0.003253	0.005421	0.000000	1	below-floor
cluster-0002	165	N0042118D0028	0.003251	0.005418	0.000000	1	below-floor
cluster-0002	166	N6893619D0035	0.003249	0.005415	0.000000	1	below-floor
cluster-0002	167	N6833523D0001	0.003134	0.005224	0.000000	1	below-floor
cluster-0002	168	N6134019D1010	0.003129	0.005216	0.000000	1	below-floor
cluster-0002	169	N6833525D0001	0.003052	0.005087	0.000000	1	below-floor
cluster-0002	170	N6833525D0004	0.003043	0.005072	0.000000	1	below-floor
cluster-0002	171	N6893622D0004	0.003042	0.005071	0.000000	1	below-floor
cluster-0002	172	N0042121D0001	0.003015	0.005025	0.000000	1	below-floor
cluster-0002	173	N6833523D0046	0.002936	0.004893	0.000000	1	below-floor
cluster-0002	174	N6833524D0003	0.002884	0.004806	0.000000	1	below-floor
cluster-0002	175	N0042118D0016	0.002815	0.004692	0.000000	1	below-floor
cluster-0002	176	N6893621D0007	0.002781	0.004636	0.000000	1	below-floor
cluster-0002	177	N6893619D0020	0.002715	0.004525	0.000000	1	below-floor
cluster-0002	178	N0001919D0032	0.002710	0.004517	0.000000	1	below-floor
cluster-0002	179	N0042119D0024	0.002690	0.004483	0.000000	1	below-floor
cluster-0002	180	N0042117D0052	0.002686	0.004477	0.000000	1	below-floor
cluster-0002	181	N0042122D0103	0.002652	0.004420	0.000000	1	below-floor
cluster-0002	182	N0001918D0118	0.002622	0.004369	0.000000	1	below-floor
cluster-0002	183	N6833525D0005	0.002609	0.004348	0.000000	1	below-floor
cluster-0002	184	N0001918D0123	0.002537	0.004229	0.000000	1	below-floor
cluster-0002	185	N6893622D0010	0.002517	0.004195	0.000000	1	below-floor
cluster-0002	186	N0042121D0033	0.002494	0.004156	0.000000	1	below-floor
cluster-0002	187	N0001919D0021	0.002462	0.004104	0.000000	1	below-floor
cluster-0002	188	N6893621D0051	0.002455	0.004092	0.000000	1	below-floor
cluster-0002	189	N6893623D0051	0.002452	0.004087	0.000000	1	below-floor
cluster-0002	190	N0001917D0089	0.002427	0.004045	0.000000	1	below-floor
cluster-0002	191	N0042122D0094	0.002358	0.003930	0.000000	1	below-floor
cluster-0002	192	N6833520D0935	0.002355	0.003925	0.000000	1	below-floor
cluster-0002	193	N6134016D1005	0.002316	0.003861	0.000000	1	below-floor
cluster-0002	194	N6893623D0046	0.002278	0.003797	0.000000	1	below-floor
cluster-0002	195	N6833520D0048	0.002205	0.003675	0.000000	1	below-floor
cluster-0002	196	N6134024D0013	0.002181	0.003634	0.000000	1	below-floor
cluster-0002	197	N0042121D0018	0.002176	0.003627	0.000000	1	below-floor
cluster-0002	198	N6893623D0026	0.002080	0.003467	0.000000	1	below-floor
cluster-0002	199	N6833522D0017	0.002046	0.003409	0.000000	1	below-floor
cluster-0002	200	N6893623D0029	0.002011	0.003351	0.000000	1	below-floor
cluster-0002	201	N0001922D0043	0.001886	0.003143	0.000000	1	below-floor
cluster-0002	202	N6893623D0021	0.001769	0.002948	0.000000	1	below-floor
cluster-0002	203	N0001925D0023	0.001760	0.002933	0.000000	1	below-floor
cluster-0002	204	N0001923D0015	0.001706	0.002843	0.000000	1	below-floor
cluster-0002	205	N6893622D0015	0.001666	0.002776	0.000000	1	below-floor
cluster-0002	206	NAWCAD-CYBER-IDIQ	0.001648	0.002746	0.000000	1	below-floor
cluster-0002	207	N0042116D0005	0.001629	0.002715	0.000000	1	below-floor
cluster-0002	208	N0042117D0027	0.001623	0.002705	0.000000	1	below-floor
cluster-0002	209	N0042120D0071	0.001609	0.002682	0.000000	1	below-floor
cluster-0002	210	N6893623D0042	0.001584	0.002640	0.000000	1	below-floor
cluster-0002	211	N6833524D0020	0.001571	0.002618	0.000000	1	below-floor
cluster-0002	212	N0001923D0014	0.001547	0.002579	0.000000	1	below-floor
cluster-0002	213	N6893622D0008	0.001536	0.002559	0.000000	1	below-floor
cluster-0002	214	N6852023D0011	0.001461	0.002435	0.000000	1	below-floor
cluster-0002	215	N6893620D0014	0.001454	0.002423	0.000000	1	below-floor
cluster-0002	216	N6833521D0225	0.001359	0.002265	0.000000	1	below-floor
cluster-0002	217	N0042120D0010	0.001260	0.002101	0.000000	1	below-floor
cluster-0002	218	N6852020D0012	0.001249	0.002082	0.000000	1	below-floor
cluster-0002	219	N6893622D0021	0.001198	0.001996	0.000000	1	below-floor
cluster-0002	220	N0042118D0044	0.001187	0.001978	0.000000	1	below-floor
cluster-0002	221	N6893619D0001	0.001169	0.001948	0.000000	1	below-floor
cluster-0002	222	N0042122D0096	0.001164	0.001940	0.000000	1	below-floor
cluster-0002	223	N0042121D0034	0.001138	0.001896	0.000000	1	below-floor
cluster-0002	224	N6134023D0003	0.001131	0.001886	0.000000	1	below-floor
cluster-0002	225	N0024424D0005	0.001130	0.001884	0.000000	1	below-floor
cluster-0002	226	N6833525D0010	0.001071	0.001785	0.000000	1	below-floor
cluster-0002	227	N6833522D0013	0.001022	0.001704	0.000000	1	below-floor
cluster-0002	228	N6893621D0045	0.001016	0.001693	0.000000	1	below-floor
cluster-0002	229	N6134020D0011	0.001011	0.001684	0.000000	1	below-floor
cluster-0002	230	N6893624D0015	0.001004	0.001673	0.000000	1	below-floor
cluster-0002	231	N6833524D0021	0.000983	0.001639	0.000000	1	below-floor
cluster-0002	232	N6893622D0017	0.000972	0.001621	0.000000	1	below-floor
cluster-0002	233	N6893620D0033	0.000950	0.001583	0.000000	1	below-floor
cluster-0002	234	N6833524D0010	0.000948	0.001580	0.000000	1	below-floor
cluster-0002	235	N6893619D0048	0.000932	0.001554	0.000000	1	below-floor
cluster-0002	236	N6893622D0041	0.000902	0.001503	0.000000	1	below-floor
cluster-0002	237	N0042120D0024	0.000895	0.001492	0.000000	1	below-floor
cluster-0002	238	N0001924D0106	0.000863	0.001438	0.000000	1	below-floor
cluster-0002	239	N0001918D0110	0.000854	0.001423	0.000000	1	below-floor
cluster-0002	240	N0042119D0029	0.000851	0.001419	0.000000	1	below-floor
cluster-0002	241	N6893624D0007	0.000833	0.001388	0.000000	1	below-floor
cluster-0002	242	N0042119D0033	0.000817	0.001362	0.000000	1	below-floor
cluster-0002	243	N0042119D0065	0.000806	0.001344	0.000000	1	below-floor
cluster-0002	244	N6852021D0005	0.000801	0.001335	0.000000	1	below-floor
cluster-0002	245	N0001918D0111	0.000764	0.001273	0.000000	1	below-floor
cluster-0002	246	N0001921D0015	0.000761	0.001268	0.000000	1	below-floor
cluster-0002	247	N0001923D0012	0.000739	0.001232	0.000000	1	below-floor
cluster-0002	248	N6833521D0045	0.000707	0.001179	0.000000	1	below-floor
cluster-0002	249	N6833524D0019	0.000683	0.001138	0.000000	1	below-floor
cluster-0002	250	N0042119D0035	0.000671	0.001118	0.000000	1	below-floor
cluster-0002	251	N6893624D0013	0.000666	0.001111	0.000000	1	below-floor
cluster-0002	252	N0042120D0072	0.000634	0.001056	0.000000	1	below-floor
cluster-0002	253	N0001920D0004	0.000537	0.000895	0.000000	1	below-floor
cluster-0002	254	N0042122D0005	0.000536	0.000894	0.000000	1	below-floor
cluster-0002	255	N0042124D0020	0.000486	0.000810	0.000000	1	below-floor
cluster-0002	256	N6893624D0006	0.000405	0.000675	0.000000	1	below-floor
cluster-0002	257	N0001921D0004	0.000353	0.000588	0.000000	1	below-floor
cluster-0002	258	N6893623D0028	0.000337	0.000561	0.000000	1	below-floor
cluster-0002	259	N6893619D0007	0.000325	0.000541	0.000000	1	below-floor
cluster-0002	260	N6893622D0007	0.000271	0.000451	0.000000	1	below-floor
cluster-0002	261	N0001917D0101	0.000000	0.000000	0.000000	1	below-floor
cluster-0002	262	N0001918D0001	0.000000	0.000000	0.000000	1	below-floor
cluster-0002	263	N0001919D0012	0.000000	0.000000	0.000000	1	below-floor
cluster-0002	264	N0001919D0013	0.000000	0.000000	0.000000	1	below-floor
cluster-0002	265	N0001919D0015	0.000000	0.000000	0.000000	1	below-floor
cluster-0002	266	N0001919D0023	0.000000	0.000000	0.000000	1	below-floor
cluster-0002	267	N0001919D0026	0.000000	0.000000	0.000000	1	below-floor
cluster-0002	268	N0001919D0027	0.000000	0.000000	0.000000	1	below-floor
cluster-0002	269	N0001920D0008	0.000000	0.000000	0.000000	1	below-floor
cluster-0002	270	N0001920D0013	0.000000	0.000000	0.000000	1	below-floor
cluster-0002	271	N0001920D0016	0.000000	0.000000	0.000000	1	below-floor
cluster-0002	272	N0001920D0106	0.000000	0.000000	0.000000	1	below-floor
cluster-0002	273	N0001920D0109	0.000000	0.000000	0.000000	1	below-floor
cluster-0002	274	N0001921D0011	0.000000	0.000000	0.000000	1	below-floor
cluster-0002	275	N0001922D0003	0.000000	0.000000	0.000000	1	below-floor
cluster-0002	276	N0001922D0007	0.000000	0.000000	0.000000	1	below-floor
cluster-0002	277	N0001922D0011	0.000000	0.000000	0.000000	1	below-floor
cluster-0002	278	N0001922D0038	0.000000	0.000000	0.000000	1	below-floor
cluster-0002	279	N0001923D0009	0.000000	0.000000	0.000000	1	below-floor
cluster-0002	280	N0001923D0011	0.000000	0.000000	0.000000	1	below-floor
cluster-0002	281	N0001924D0004	0.000000	0.000000	0.000000	1	below-floor
cluster-0002	282	N0001924D0008	0.000000	0.000000	0.000000	1	below-floor
cluster-0002	283	N0001924D0114	0.000000	0.000000	0.000000	1	below-floor
cluster-0002	284	N0024424D0010	0.000000	0.000000	0.000000	1	below-floor
cluster-0002	285	N0038324DBK01	0.000000	0.000000	0.000000	1	below-floor
cluster-0002	286	N0042115D0005	0.000000	0.000000	0.000000	1	below-floor
cluster-0002	287	N0042117D0015	0.000000	0.000000	0.000000	1	below-floor
cluster-0002	288	N0042117D0031	0.000000	0.000000	0.000000	1	below-floor
cluster-0002	289	N0042118D0001	0.000000	0.000000	0.000000	1	below-floor
cluster-0002	290	N0042118D0007	0.000000	0.000000	0.000000	1	below-floor
cluster-0002	291	N0042118D0030	0.000000	0.000000	0.000000	1	below-floor
cluster-0002	292	N0042118D0062	0.000000	0.000000	0.000000	1	below-floor
cluster-0002	293	N0042119D0026	0.000000	0.000000	0.000000	1	below-floor
cluster-0002	294	N0042119D0028	0.000000	0.000000	0.000000	1	below-floor
cluster-0002	295	N0042119D0058	0.000000	0.000000	0.000000	1	below-floor
cluster-0002	296	N0042119D0060	0.000000	0.000000	0.000000	1	below-floor
cluster-0002	297	N0042119D0071	0.000000	0.000000	0.000000	1	below-floor
cluster-0002	298	N0042119D0076	0.000000	0.000000	0.000000	1	below-floor
cluster-0002	299	N0042120D0001	0.000000	0.000000	0.000000	1	below-floor
cluster-0002	300	N0042120D0012	0.000000	0.000000	0.000000	1	below-floor
cluster-0002	301	N0042120D0023	0.000000	0.000000	0.000000	1	below-floor
cluster-0002	302	N0042120D0028	0.000000	0.000000	0.000000	1	below-floor
cluster-0002	303	N0042120D0109	0.000000	0.000000	0.000000	1	below-floor
cluster-0002	304	N0042120D0115	0.000000	0.000000	0.000000	1	below-floor
cluster-0002	305	N0042120D0117	0.000000	0.000000	0.000000	1	below-floor
cluster-0002	306	N0042120D0123	0.000000	0.000000	0.000000	1	below-floor
cluster-0002	307	N0042121D0002	0.000000	0.000000	0.000000	1	below-floor
cluster-0002	308	N0042121D0007	0.000000	0.000000	0.000000	1	below-floor
cluster-0002	309	N0042121D0019	0.000000	0.000000	0.000000	1	below-floor
cluster-0002	310	N0042121D0023	0.000000	0.000000	0.000000	1	below-floor
cluster-0002	311	N0042121D0037	0.000000	0.000000	0.000000	1	below-floor
cluster-0002	312	N0042122D0002	0.000000	0.000000	0.000000	1	below-floor
cluster-0002	313	N0042122D0003	0.000000	0.000000	0.000000	1	below-floor
cluster-0002	314	N0042122D0099	0.000000	0.000000	0.000000	1	below-floor
cluster-0002	315	N0042123D0001	0.000000	0.000000	0.000000	1	below-floor
cluster-0002	316	N0042123D0019	0.000000	0.000000	0.000000	1	below-floor
cluster-0002	317	N0042124D0005	0.000000	0.000000	0.000000	1	below-floor
cluster-0002	318	N0042124D0006	0.000000	0.000000	0.000000	1	below-floor
cluster-0002	319	N0042124D0012	0.000000	0.000000	0.000000	1	below-floor
cluster-0002	320	N0042124D0022	0.000000	0.000000	0.000000	1	below-floor
cluster-0002	321	N0042124D0071	0.000000	0.000000	0.000000	1	below-floor
cluster-0002	322	N0042125D0301	0.000000	0.000000	0.000000	1	below-floor
cluster-0002	323	N6134019D0003	0.000000	0.000000	0.000000	1	below-floor
cluster-0002	324	N6134020D0002	0.000000	0.000000	0.000000	1	below-floor
cluster-0002	325	N6134020D0004	0.000000	0.000000	0.000000	1	below-floor
cluster-0002	326	N6134020D0015	0.000000	0.000000	0.000000	1	below-floor
cluster-0002	327	N6134020D0020	0.000000	0.000000	0.000000	1	below-floor
cluster-0002	328	N6134025D0006	0.000000	0.000000	0.000000	1	below-floor
cluster-0002	329	N6833515D0026	0.000000	0.000000	0.000000	1	below-floor
cluster-0002	330	N6833516D0013	0.000000	0.000000	0.000000	1	below-floor
cluster-0002	331	N6833516D0020	0.000000	0.000000	0.000000	1	below-floor
cluster-0002	332	N6833519D0082	0.000000	0.000000	0.000000	1	below-floor
cluster-0002	333	N6833520D0022	0.000000	0.000000	0.000000	1	below-floor
cluster-0002	334	N6833521D0048	0.000000	0.000000	0.000000	1	below-floor
cluster-0002	335	N6833521D0053	0.000000	0.000000	0.000000	1	below-floor
cluster-0002	336	N6833521D0064	0.000000	0.000000	0.000000	1	below-floor
cluster-0002	337	N6833522D0004	0.000000	0.000000	0.000000	1	below-floor
cluster-0002	338	N6833522D0008	0.000000	0.000000	0.000000	1	below-floor
cluster-0002	339	N6833522D0012	0.000000	0.000000	0.000000	1	below-floor
cluster-0002	340	N6833522D0022	0.000000	0.000000	0.000000	1	below-floor
cluster-0002	341	N6833522D0037	0.000000	0.000000	0.000000	1	below-floor
cluster-0002	342	N6833522D0039	0.000000	0.000000	0.000000	1	below-floor
cluster-0002	343	N6833523D0010	0.000000	0.000000	0.000000	1	below-floor
cluster-0002	344	N6833523D0017	0.000000	0.000000	0.000000	1	below-floor
cluster-0002	345	N6833523D0025	0.000000	0.000000	0.000000	1	below-floor
cluster-0002	346	N6833523D0029	0.000000	0.000000	0.000000	1	below-floor
cluster-0002	347	N6833523D0035	0.000000	0.000000	0.000000	1	below-floor
cluster-0002	348	N6833524D0002	0.000000	0.000000	0.000000	1	below-floor
cluster-0002	349	N6833524D0009	0.000000	0.000000	0.000000	1	below-floor
cluster-0002	350	N6833524D0018	0.000000	0.000000	0.000000	1	below-floor
cluster-0002	351	N6833524D0023	0.000000	0.000000	0.000000	1	below-floor
cluster-0002	352	N6852021D0004	0.000000	0.000000	0.000000	1	below-floor
cluster-0002	353	N6852022D0003	0.000000	0.000000	0.000000	1	below-floor
cluster-0002	354	N6852023D0001	0.000000	0.000000	0.000000	1	below-floor
cluster-0002	355	N6852023D0012	0.000000	0.000000	0.000000	1	below-floor
cluster-0002	356	N6852023D0014	0.000000	0.000000	0.000000	1	below-floor
cluster-0002	357	N6893615D0015	0.000000	0.000000	0.000000	1	below-floor
cluster-0002	358	N6893616D0018	0.000000	0.000000	0.000000	1	below-floor
cluster-0002	359	N6893617D0010	0.000000	0.000000	0.000000	1	below-floor
cluster-0002	360	N6893618D0012	0.000000	0.000000	0.000000	1	below-floor
cluster-0002	361	N6893618D0014	0.000000	0.000000	0.000000	1	below-floor
cluster-0002	362	N6893618D0015	0.000000	0.000000	0.000000	1	below-floor
cluster-0002	363	N6893618D0029	0.000000	0.000000	0.000000	1	below-floor
cluster-0002	364	N6893618D0036	0.000000	0.000000	0.000000	1	below-floor
cluster-0002	365	N6893619D0008	0.000000	0.000000	0.000000	1	below-floor
cluster-0002	366	N6893619D0017	0.000000	0.000000	0.000000	1	below-floor
cluster-0002	367	N6893620D0005	0.000000	0.000000	0.000000	1	below-floor
cluster-0002	368	N6893620D0018	0.000000	0.000000	0.000000	1	below-floor
cluster-0002	369	N6893621D0016	0.000000	0.000000	0.000000	1	below-floor
cluster-0002	370	N6893621D0017	0.000000	0.000000	0.000000	1	below-floor
cluster-0002	371	N6893621D0024	0.000000	0.000000	0.000000	1	below-floor
cluster-0002	372	N6893621D0026	0.000000	0.000000	0.000000	1	below-floor
cluster-0002	373	N6893621D0043	0.000000	0.000000	0.000000	1	below-floor
cluster-0002	374	N6893621D0044	0.000000	0.000000	0.000000	1	below-floor
cluster-0002	375	N6893622D0011	0.000000	0.000000	0.000000	1	below-floor
cluster-0002	376	N6893622D0018	0.000000	0.000000	0.000000	1	below-floor
cluster-0002	377	N6893622D0026	0.000000	0.000000	0.000000	1	below-floor
cluster-0002	378	N6893622D0027	0.000000	0.000000	0.000000	1	below-floor
cluster-0002	379	N6893622D0034	0.000000	0.000000	0.000000	1	below-floor
cluster-0002	380	N6893622D0036	0.000000	0.000000	0.000000	1	below-floor
cluster-0002	381	N6893622D0038	0.000000	0.000000	0.000000	1	below-floor
cluster-0002	382	N6893623D0025	0.000000	0.000000	0.000000	1	below-floor
cluster-0002	383	N6893623D0036	0.000000	0.000000	0.000000	1	below-floor
cluster-0002	384	N6893623D0037	0.000000	0.000000	0.000000	1	below-floor
cluster-0002	385	N6893623D0039	0.000000	0.000000	0.000000	1	below-floor
cluster-0002	386	N6893623D0041	0.000000	0.000000	0.000000	1	below-floor
cluster-0002	387	N6893623D0054	0.000000	0.000000	0.000000	1	below-floor
cluster-0002	388	N6893624D0002	0.000000	0.000000	0.000000	1	below-floor
cluster-0002	389	N6893624D0004	0.000000	0.000000	0.000000	1	below-floor
cluster-0002	390	N6893624D0008	0.000000	0.000000	0.000000	1	below-floor
cluster-0002	391	N6893624D0009	0.000000	0.000000	0.000000	1	below-floor
cluster-0002	392	N6893624D0012	0.000000	0.000000	0.000000	1	below-floor
cluster-0002	393	N6893624D0020	0.000000	0.000000	0.000000	1	below-floor
cluster-0002	394	N6893624D0022	0.000000	0.000000	0.000000	1	below-floor
cluster-0002	395	N6893624D0023	0.000000	0.000000	0.000000	1	below-floor
cluster-0002	396	N6893624D0025	0.000000	0.000000	0.000000	1	below-floor
cluster-0002	397	N6893625D0008	0.000000	0.000000	0.000000	1	below-floor
cluster-0002	398	N6893625D0011	0.000000	0.000000	0.000000	1	below-floor
cluster-0002	399	DON-ESL-BPA	0.005678	0.009463	0.000000	2	below-floor
cluster-0002	400	N6833523A0038	0.004598	0.007664	0.000000	2	below-floor
cluster-0002	401	N6852024A0004	0.004322	0.007203	0.000000	2	below-floor
cluster-0002	402	N6833523A0029	0.002140	0.003567	0.000000	2	below-floor
cluster-0002	403	N0042124A0003	0.001482	0.002469	0.000000	2	below-floor
cluster-0002	404	N6883621A0003	0.001475	0.002459	0.000000	2	below-floor
cluster-0002	405	N0042124A0004	0.000772	0.001287	0.000000	2	below-floor
cluster-0002	406	N6833524A0026	0.000670	0.001117	0.000000	2	below-floor
cluster-0002	407	N6833524A0033	0.000670	0.001117	0.000000	2	below-floor
cluster-0002	408	N6833522A0027	0.000601	0.001002	0.000000	2	below-floor
cluster-0002	409	N0042124A0005	0.000529	0.000881	0.000000	2	below-floor
cluster-0002	410	N6833523A0040	0.000387	0.000645	0.000000	2	below-floor
cluster-0002	411	N6833525A0007	0.000362	0.000603	0.000000	2	below-floor
cluster-0002	412	N6833522A0017	0.000000	0.000000	0.000000	2	below-floor
cluster-0002	413	N6833522A0029	0.000000	0.000000	0.000000	2	below-floor
cluster-0002	414	N6833522A0032	0.000000	0.000000	0.000000	2	below-floor
cluster-0002	415	N6833522A0035	0.000000	0.000000	0.000000	2	below-floor
cluster-0002	416	N6833523A0016	0.000000	0.000000	0.000000	2	below-floor
cluster-0002	417	N6833523A0018	0.000000	0.000000	0.000000	2	below-floor
cluster-0002	418	N6833523A0020	0.000000	0.000000	0.000000	2	below-floor
cluster-0002	419	N6833523A0021	0.000000	0.000000	0.000000	2	below-floor
cluster-0002	420	N6833523A0025	0.000000	0.000000	0.000000	2	below-floor
cluster-0002	421	N6833523A0027	0.000000	0.000000	0.000000	2	below-floor
cluster-0002	422	N6833523A0028	0.000000	0.000000	0.000000	2	below-floor
cluster-0002	423	N6833523A0030	0.000000	0.000000	0.000000	2	below-floor
cluster-0002	424	N6833523A0041	0.000000	0.000000	0.000000	2	below-floor
cluster-0002	425	N6833523A0043	0.000000	0.000000	0.000000	2	below-floor
cluster-0002	426	N6833523A0049	0.000000	0.000000	0.000000	2	below-floor
cluster-0002	427	N6833523A0051	0.000000	0.000000	0.000000	2	below-floor
cluster-0002	428	N6833523A0059	0.000000	0.000000	0.000000	2	below-floor
cluster-0002	429	N6833523A0062	0.000000	0.000000	0.000000	2	below-floor
cluster-0002	430	N6833523A0120	0.000000	0.000000	0.000000	2	below-floor
cluster-0002	431	N6833523A0134	0.000000	0.000000	0.000000	2	below-floor
cluster-0002	432	N6833523A0151	0.000000	0.000000	0.000000	2	below-floor
cluster-0002	433	N6833523A0153	0.000000	0.000000	0.000000	2	below-floor
cluster-0002	434	N6833523A0167	0.000000	0.000000	0.000000	2	below-floor
cluster-0002	435	N6833523A0194	0.000000	0.000000	0.000000	2	below-floor
cluster-0002	436	N6833524A0002	0.000000	0.000000	0.000000	2	below-floor
cluster-0002	437	N6833524A0007	0.000000	0.000000	0.000000	2	below-floor
cluster-0002	438	N6833524A0016	0.000000	0.000000	0.000000	2	below-floor
cluster-0002	439	N6833524A0032	0.000000	0.000000	0.000000	2	below-floor
cluster-0002	440	N6833524A0040	0.000000	0.000000	0.000000	2	below-floor
cluster-0002	441	N6833525A0008	0.000000	0.000000	0.000000	2	below-floor
cluster-0002	442	N6833525A0038	0.000000	0.000000	0.000000	2	below-floor
cluster-0002	443	GSA-OASIS-PLUS	0.016862	0.028103	0.000000	3	below-floor
cluster-0002	444	NASA-SEWP	0.009922	0.016536	0.000000	3	below-floor
cluster-0002	445	W15QKN15D0001	0.005361	0.008935	0.000000	3	below-floor
cluster-0002	446	FA857619D0001	0.000832	0.001387	0.000000	3	below-floor
cluster-0002	447	FA860423DB001	0.000000	0.000000	0.000000	3	below-floor
cluster-0002	448	N6134019G0002	0.015182	0.025303	0.000000	5	below-floor
cluster-0002	449	N6833524G0038	0.015141	0.025235	0.000000	5	below-floor
cluster-0002	450	NAVAIR-HQ-BOA	0.014577	0.024294	0.000000	5	below-floor
cluster-0002	451	N6833519G0013	0.011831	0.019718	0.000000	5	below-floor
cluster-0002	452	N6833522G0041	0.011013	0.018355	0.000000	5	below-floor
cluster-0002	453	N6833519G0059	0.010590	0.017650	0.000000	5	below-floor
cluster-0002	454	N0042123G0005	0.010175	0.016958	0.000000	5	below-floor
cluster-0002	455	N0042122G0101	0.009674	0.016123	0.000000	5	below-floor
cluster-0002	456	N6833522G0035	0.008313	0.013855	0.000000	5	below-floor
cluster-0002	457	N6833520G0002	0.007785	0.012975	0.000000	5	below-floor
cluster-0002	458	N0042117G0003	0.007107	0.011845	0.000000	5	below-floor
cluster-0002	459	N6833518G0014	0.007083	0.011805	0.000000	5	below-floor
cluster-0002	460	N6833522G0010	0.006767	0.011278	0.000000	5	below-floor
cluster-0002	461	N0042121G0005	0.006183	0.010305	0.000000	5	below-floor
cluster-0002	462	N6833519G0041	0.005357	0.008929	0.000000	5	below-floor
cluster-0002	463	N6833521G0020	0.005007	0.008344	0.000000	5	below-floor
cluster-0002	464	N6833522G0036	0.003678	0.006131	0.000000	5	below-floor
cluster-0002	465	N6833523G0001	0.003412	0.005687	0.000000	5	below-floor
cluster-0002	466	N0042123G0001	0.003070	0.005116	0.000000	5	below-floor
cluster-0002	467	SPE4A123G0002	0.002774	0.004623	0.000000	5	below-floor
cluster-0002	468	N6833515G0022	0.002279	0.003798	0.000000	5	below-floor
cluster-0002	469	N0042124G0005	0.001947	0.003244	0.000000	5	below-floor
cluster-0002	470	N6833522G0029	0.001666	0.002777	0.000000	5	below-floor
cluster-0002	471	N6833524G0021	0.001395	0.002324	0.000000	5	below-floor
cluster-0002	472	N6833524G0009	0.001320	0.002201	0.000000	5	below-floor
cluster-0002	473	N6833524G0007	0.001136	0.001894	0.000000	5	below-floor
cluster-0002	474	N6833523G0004	0.000859	0.001431	0.000000	5	below-floor
cluster-0002	475	N6833519G0050	0.000527	0.000878	0.000000	5	below-floor
cluster-0002	476	N0042119G0001	0.000000	0.000000	0.000000	5	below-floor
cluster-0002	477	N0042119G0004	0.000000	0.000000	0.000000	5	below-floor
cluster-0002	478	N0042121G0004	0.000000	0.000000	0.000000	5	below-floor
cluster-0002	479	N0042123G0002	0.000000	0.000000	0.000000	5	below-floor
cluster-0002	480	N0042123G0004	0.000000	0.000000	0.000000	5	below-floor
cluster-0002	481	N0042124G0001	0.000000	0.000000	0.000000	5	below-floor
cluster-0002	482	N0042125G0003	0.000000	0.000000	0.000000	5	below-floor
cluster-0002	483	N6833521G0021	0.000000	0.000000	0.000000	5	below-floor
cluster-0002	484	N6833524G0028	0.000000	0.000000	0.000000	5	below-floor
cluster-0003	1	N0042121D0010	0.093403	0.155672	0.000000	1	candidate
cluster-0003	2	N6893619D0027	0.079489	0.132481	0.000000	1	candidate
cluster-0003	3	N0001922D0008	0.071357	0.118928	0.000000	1	candidate
cluster-0003	4	N6893618D0014	0.058356	0.097261	0.000000	1	candidate
cluster-0003	5	SEAPORT-NXG	0.057877	0.096461	0.000000	1	candidate
cluster-0003	6	NAWCTSD-FTSS-V	0.054154	0.090257	0.000000	1	candidate
cluster-0003	7	N0042120D0007	0.049996	0.083327	0.000000	1	below-floor
cluster-0003	8	N0042120D0006	0.047557	0.079261	0.000000	1	below-floor
cluster-0003	9	N0042119D0024	0.047458	0.079096	0.000000	1	below-floor
cluster-0003	10	N6134021D0015	0.047456	0.079094	0.000000	1	below-floor
cluster-0003	11	N6893623D0023	0.047156	0.078593	0.000000	1	below-floor
cluster-0003	12	N0042122D0101	0.046791	0.077985	0.000000	1	below-floor
cluster-0003	13	N0042118D0028	0.045321	0.075536	0.000000	1	below-floor
cluster-0003	14	GSA-OASIS-PLUS	0.043825	0.073041	0.000000	3	below-floor
cluster-0003	15	N0042121D0005	0.039976	0.066627	0.000000	1	below-floor
cluster-0003	16	NAWCTSD-TSC-IV	0.037584	0.062640	0.000000	1	below-floor
cluster-0003	17	N6134016D1005	0.037505	0.062508	0.000000	1	below-floor
cluster-0003	18	NAWCTSD-PACRM	0.036989	0.061649	0.000000	1	below-floor
cluster-0003	19	N6852021D0002	0.036874	0.061457	0.000000	1	below-floor
cluster-0003	20	N6893621D0007	0.035622	0.059370	0.000000	1	below-floor
cluster-0003	21	NAWCAD-SCI-MAC	0.034679	0.057798	0.000000	1	below-floor
cluster-0003	22	N6893620D0001	0.034595	0.057658	0.000000	1	below-floor
cluster-0003	23	N6893622D0015	0.034466	0.057444	0.000000	1	below-floor
cluster-0003	24	N0001922D0001	0.034040	0.056733	0.000000	1	below-floor
cluster-0003	25	N0042123D0007	0.032361	0.053935	0.000000	1	below-floor
cluster-0003	26	N6893620D0007	0.031867	0.053112	0.000000	1	below-floor
cluster-0003	27	N0001924D0110	0.031842	0.053070	0.000000	1	below-floor
cluster-0003	28	N6134020D0025	0.030875	0.051459	0.000000	1	below-floor
cluster-0003	29	N6893622D0002	0.030229	0.050382	0.000000	1	below-floor
cluster-0003	30	N0001920D0007	0.028781	0.047968	0.000000	1	below-floor
cluster-0003	31	N6893623D0042	0.027669	0.046116	0.000000	1	below-floor
cluster-0003	32	N0001925D0016	0.027482	0.045803	0.000000	1	below-floor
cluster-0003	33	N6893624D0020	0.027176	0.045293	0.000000	1	below-floor
cluster-0003	34	N6893625D0001	0.027128	0.045213	0.000000	1	below-floor
cluster-0003	35	N6893623D0033	0.026373	0.043955	0.000000	1	below-floor
cluster-0003	36	N0001922D0009	0.026025	0.043375	0.000000	1	below-floor
cluster-0003	37	N6134020D0002	0.025954	0.043257	0.000000	1	below-floor
cluster-0003	38	N0001919D0021	0.025764	0.042939	0.000000	1	below-floor
cluster-0003	39	N0042119D0055	0.025513	0.042522	0.000000	1	below-floor
cluster-0003	40	N6852025D0001	0.025299	0.042164	0.000000	1	below-floor
cluster-0003	41	N0001920D0001	0.025043	0.041739	0.000000	1	below-floor
cluster-0003	42	N6134019D1006	0.024751	0.041252	0.000000	1	below-floor
cluster-0003	43	N0001922D0013	0.024703	0.041172	0.000000	1	below-floor
cluster-0003	44	N6134018D0004	0.024696	0.041161	0.000000	1	below-floor
cluster-0003	45	N0001920D0024	0.024561	0.040935	0.000000	1	below-floor
cluster-0003	46	N6893624D0004	0.024406	0.040677	0.000000	1	below-floor
cluster-0003	47	N0042118D0042	0.024197	0.040328	0.000000	1	below-floor
cluster-0003	48	N0001920D0023	0.024086	0.040143	0.000000	1	below-floor
cluster-0003	49	N6893622D0021	0.023989	0.039982	0.000000	1	below-floor
cluster-0003	50	N0001925D0009	0.023824	0.039706	0.000000	1	below-floor
cluster-0003	51	N0042121D0035	0.023727	0.039546	0.000000	1	below-floor
cluster-0003	52	N6134020D0021	0.023380	0.038966	0.000000	1	below-floor
cluster-0003	53	N0042118D0016	0.023308	0.038846	0.000000	1	below-floor
cluster-0003	54	N0001923D0018	0.023250	0.038750	0.000000	1	below-floor
cluster-0003	55	N0001918D0103	0.023196	0.038660	0.000000	1	below-floor
cluster-0003	56	N0001925D0012	0.023117	0.038529	0.000000	1	below-floor
cluster-0003	57	N0042120D0010	0.022773	0.037955	0.000000	1	below-floor
cluster-0003	58	N6893621D0009	0.022705	0.037842	0.000000	1	below-floor
cluster-0003	59	N0001925D0014	0.022657	0.037761	0.000000	1	below-floor
cluster-0003	60	N6134023D0004	0.022375	0.037292	0.000000	1	below-floor
cluster-0003	61	N0001920D0004	0.022268	0.037113	0.000000	1	below-floor
cluster-0003	62	N0001922D0004	0.021851	0.036418	0.000000	1	below-floor
cluster-0003	63	N6134020D0004	0.021654	0.036090	0.000000	1	below-floor
cluster-0003	64	N0001922D0042	0.021247	0.035412	0.000000	1	below-floor
cluster-0003	65	N6134022D0006	0.021202	0.035336	0.000000	1	below-floor
cluster-0003	66	NAWCAD-CYBER-IDIQ	0.020719	0.034532	0.000000	1	below-floor
cluster-0003	67	N6893618D0006	0.020376	0.033960	0.000000	1	below-floor
cluster-0003	68	N0042123D0011	0.020370	0.033950	0.000000	1	below-floor
cluster-0003	69	N6134023D0008	0.019554	0.032589	0.000000	1	below-floor
cluster-0003	70	N6893623D0047	0.019394	0.032324	0.000000	1	below-floor
cluster-0003	71	N0042118D0015	0.019106	0.031844	0.000000	1	below-floor
cluster-0003	72	N0001922D0003	0.018077	0.030128	0.000000	1	below-floor
cluster-0003	73	N0001919D0005	0.018032	0.030054	0.000000	1	below-floor
cluster-0003	74	N0001918D0111	0.017914	0.029856	0.000000	1	below-floor
cluster-0003	75	N6893623D0034	0.017770	0.029616	0.000000	1	below-floor
cluster-0003	76	N6134021D0016	0.017762	0.029604	0.000000	1	below-floor
cluster-0003	77	N6134022D0008	0.017613	0.029354	0.000000	1	below-floor
cluster-0003	78	N6134020D0020	0.017422	0.029037	0.000000	1	below-floor
cluster-0003	79	N6893622D0024	0.017326	0.028877	0.000000	1	below-floor
cluster-0003	80	N6833523D0035	0.016871	0.028119	0.000000	1	below-floor
cluster-0003	81	N0042125D0303	0.016838	0.028063	0.000000	1	below-floor
cluster-0003	82	N0001922D0040	0.016833	0.028055	0.000000	1	below-floor
cluster-0003	83	N0042117D0045	0.016795	0.027992	0.000000	1	below-floor
cluster-0003	84	N6134024D0006	0.016636	0.027727	0.000000	1	below-floor
cluster-0003	85	N6134020D0019	0.016456	0.027427	0.000000	1	below-floor
cluster-0003	86	N6134023D0003	0.016256	0.027093	0.000000	1	below-floor
cluster-0003	87	N6134024D0001	0.016198	0.026996	0.000000	1	below-floor
cluster-0003	88	N6134019D0003	0.016122	0.026871	0.000000	1	below-floor
cluster-0003	89	N0001920D0017	0.016101	0.026835	0.000000	1	below-floor
cluster-0003	90	N0001924D0126	0.016031	0.026719	0.000000	1	below-floor
cluster-0003	91	N6833523D0004	0.015927	0.026545	0.000000	1	below-floor
cluster-0003	92	N6833520D0048	0.015875	0.026458	0.000000	1	below-floor
cluster-0003	93	N6893619D0020	0.015768	0.026279	0.000000	1	below-floor
cluster-0003	94	N0001918D0110	0.015744	0.026241	0.000000	1	below-floor
cluster-0003	95	N0001923D0001	0.015574	0.025956	0.000000	1	below-floor
cluster-0003	96	N6833521D0048	0.015344	0.025574	0.000000	1	below-floor
cluster-0003	97	N6893624D0002	0.015169	0.025281	0.000000	1	below-floor
cluster-0003	98	N0001921D0004	0.015019	0.025032	0.000000	1	below-floor
cluster-0003	99	N0042119D0042	0.015014	0.025024	0.000000	1	below-floor
cluster-0003	100	N6833521D0225	0.014412	0.024020	0.000000	1	below-floor
cluster-0003	101	N6134017D0002	0.014331	0.023886	0.000000	1	below-floor
cluster-0003	102	N6893619D0048	0.014318	0.023864	0.000000	1	below-floor
cluster-0003	103	N6893624D0006	0.014310	0.023851	0.000000	1	below-floor
cluster-0003	104	N6893624D0001	0.014160	0.023599	0.000000	1	below-floor
cluster-0003	105	N6134019D0906	0.014140	0.023567	0.000000	1	below-floor
cluster-0003	106	N6833522D0039	0.014039	0.023399	0.000000	1	below-floor
cluster-0003	107	N0042124D0008	0.014007	0.023345	0.000000	1	below-floor
cluster-0003	108	N0042121D0023	0.013951	0.023251	0.000000	1	below-floor
cluster-0003	109	N0001923D0015	0.013800	0.022999	0.000000	1	below-floor
cluster-0003	110	N6134023D0001	0.013712	0.022853	0.000000	1	below-floor
cluster-0003	111	N0042117D0052	0.013609	0.022682	0.000000	1	below-floor
cluster-0003	112	N6134016D1003	0.013464	0.022439	0.000000	1	below-floor
cluster-0003	113	N6893622D0014	0.013427	0.022379	0.000000	1	below-floor
cluster-0003	114	N6893623D0014	0.013410	0.022350	0.000000	1	below-floor
cluster-0003	115	N6833522D0008	0.013374	0.022291	0.000000	1	below-floor
cluster-0003	116	N0042124D0012	0.013363	0.022271	0.000000	1	below-floor
cluster-0003	117	N0042118D0017	0.013239	0.022065	0.000000	1	below-floor
cluster-0003	118	N0001921D0010	0.012463	0.020772	0.000000	1	below-floor
cluster-0003	119	N6893616D0018	0.012449	0.020749	0.000000	1	below-floor
cluster-0003	120	N6893624D0003	0.012440	0.020733	0.000000	1	below-floor
cluster-0003	121	N6134018D0009	0.012428	0.020713	0.000000	1	below-floor
cluster-0003	122	N0042119D0001	0.012225	0.020375	0.000000	1	below-floor
cluster-0003	123	N6893623D0018	0.012112	0.020187	0.000000	1	below-floor
cluster-0003	124	N0001923D0022	0.012048	0.020081	0.000000	1	below-floor
cluster-0003	125	N6134015D0003	0.011991	0.019985	0.000000	1	below-floor
cluster-0003	126	N0001923D0013	0.011934	0.019891	0.000000	1	below-floor
cluster-0003	127	N6134018D0002	0.011883	0.019805	0.000000	1	below-floor
cluster-0003	128	N6134020D0024	0.011720	0.019533	0.000000	1	below-floor
cluster-0003	129	N6852020D0012	0.011645	0.019408	0.000000	1	below-floor
cluster-0003	130	N6893622D0025	0.011569	0.019282	0.000000	1	below-floor
cluster-0003	131	N6893624D0015	0.011475	0.019125	0.000000	1	below-floor
cluster-0003	132	N0001421D4002	0.011422	0.019036	0.000000	1	below-floor
cluster-0003	133	N0001924D0008	0.011402	0.019004	0.000000	1	below-floor
cluster-0003	134	N0042122D0084	0.010958	0.018263	0.000000	1	below-floor
cluster-0003	135	N6134020D0008	0.010500	0.017501	0.000000	1	below-floor
cluster-0003	136	N6833523D0025	0.010340	0.017233	0.000000	1	below-floor
cluster-0003	137	N6893623D0013	0.010334	0.017224	0.000000	1	below-floor
cluster-0003	138	N6893618D0015	0.010266	0.017110	0.000000	1	below-floor
cluster-0003	139	N0042122D0094	0.010203	0.017004	0.000000	1	below-floor
cluster-0003	140	N6893620D0033	0.010105	0.016841	0.000000	1	below-floor
cluster-0003	141	N6852023D0013	0.010091	0.016818	0.000000	1	below-floor
cluster-0003	142	N0001923D0010	0.009902	0.016503	0.000000	1	below-floor
cluster-0003	143	N0001921D0015	0.009702	0.016170	0.000000	1	below-floor
cluster-0003	144	N0042120D0028	0.009697	0.016161	0.000000	1	below-floor
cluster-0003	145	N0001920D0008	0.009663	0.016104	0.000000	1	below-floor
cluster-0003	146	N6134024D0013	0.009583	0.015972	0.000000	1	below-floor
cluster-0003	147	N6833520D0022	0.009515	0.015858	0.000000	1	below-floor
cluster-0003	148	N0001920D0106	0.009479	0.015798	0.000000	1	below-floor
cluster-0003	149	N0001924D0114	0.009434	0.015723	0.000000	1	below-floor
cluster-0003	150	N0042120D0108	0.009067	0.015111	0.000000	1	below-floor
cluster-0003	151	N6893625D0013	0.008908	0.014846	0.000000	1	below-floor
cluster-0003	152	N6833525D0001	0.008782	0.014636	0.000000	1	below-floor
cluster-0003	153	N6893623D0001	0.008746	0.014577	0.000000	1	below-floor
cluster-0003	154	N6893624D0017	0.008646	0.014410	0.000000	1	below-floor
cluster-0003	155	N6852023D0014	0.008626	0.014377	0.000000	1	below-floor
cluster-0003	156	N6833522D0004	0.008574	0.014290	0.000000	1	below-floor
cluster-0003	157	N6893620D0024	0.008538	0.014230	0.000000	1	below-floor
cluster-0003	158	N0001920D0051	0.008528	0.014214	0.000000	1	below-floor
cluster-0003	159	N6893621D0045	0.008482	0.014136	0.000000	1	below-floor
cluster-0003	160	N6852022D0003	0.008454	0.014090	0.000000	1	below-floor
cluster-0003	161	N6833523D0003	0.008431	0.014051	0.000000	1	below-floor
cluster-0003	162	N6833518D0031	0.008429	0.014049	0.000000	1	below-floor
cluster-0003	163	N0001917D0004	0.008413	0.014021	0.000000	1	below-floor
cluster-0003	164	N0001924D0106	0.008370	0.013950	0.000000	1	below-floor
cluster-0003	165	N6833521D0227	0.008303	0.013838	0.000000	1	below-floor
cluster-0003	166	N0042119D0065	0.008289	0.013815	0.000000	1	below-floor
cluster-0003	167	N0001922D0038	0.008219	0.013699	0.000000	1	below-floor
cluster-0003	168	N0001922D0011	0.008106	0.013510	0.000000	1	below-floor
cluster-0003	169	N0042124D0071	0.008045	0.013409	0.000000	1	below-floor
cluster-0003	170	N0001923D0014	0.008020	0.013366	0.000000	1	below-floor
cluster-0003	171	N6852023D0111	0.007982	0.013303	0.000000	1	below-floor
cluster-0003	172	N0042124D0005	0.007787	0.012978	0.000000	1	below-floor
cluster-0003	173	N6833521D0046	0.007734	0.012889	0.000000	1	below-floor
cluster-0003	174	N6833522D0013	0.007686	0.012809	0.000000	1	below-floor
cluster-0003	175	N0001917D0089	0.007239	0.012065	0.000000	1	below-floor
cluster-0003	176	N0042122D0103	0.007139	0.011898	0.000000	1	below-floor
cluster-0003	177	N0042116D0002	0.007091	0.011819	0.000000	1	below-floor
cluster-0003	178	N0042124D0006	0.007057	0.011761	0.000000	1	below-floor
cluster-0003	179	N0042118D0030	0.007017	0.011695	0.000000	1	below-floor
cluster-0003	180	N6893621D0046	0.006940	0.011566	0.000000	1	below-floor
cluster-0003	181	N0001922D0006	0.006938	0.011564	0.000000	1	below-floor
cluster-0003	182	N6893616D0016	0.006905	0.011509	0.000000	1	below-floor
cluster-0003	183	N0042120D0024	0.006827	0.011379	0.000000	1	below-floor
cluster-0003	184	N0042121D0019	0.006782	0.011304	0.000000	1	below-floor
cluster-0003	185	N6893622D0028	0.006603	0.011005	0.000000	1	below-floor
cluster-0003	186	N6893621D0001	0.006567	0.010945	0.000000	1	below-floor
cluster-0003	187	N0042118D0044	0.006460	0.010767	0.000000	1	below-floor
cluster-0003	188	N6893621D0026	0.006437	0.010728	0.000000	1	below-floor
cluster-0003	189	N0001922D0022	0.006435	0.010724	0.000000	1	below-floor
cluster-0003	190	N0001919D0001	0.006323	0.010539	0.000000	1	below-floor
cluster-0003	191	N0042120D0015	0.006297	0.010494	0.000000	1	below-floor
cluster-0003	192	N6833522D0005	0.006270	0.010451	0.000000	1	below-floor
cluster-0003	193	N6893623D0046	0.006263	0.010439	0.000000	1	below-floor
cluster-0003	194	N6893623D0051	0.006239	0.010399	0.000000	1	below-floor
cluster-0003	195	N0042123D0001	0.006044	0.010074	0.000000	1	below-floor
cluster-0003	196	N6893622D0026	0.005912	0.009853	0.000000	1	below-floor
cluster-0003	197	N0042122D0096	0.005890	0.009816	0.000000	1	below-floor
cluster-0003	198	N6893622D0010	0.005528	0.009213	0.000000	1	below-floor
cluster-0003	199	N0042119D0023	0.005345	0.008908	0.000000	1	below-floor
cluster-0003	200	N0042118D0059	0.005293	0.008822	0.000000	1	below-floor
cluster-0003	201	N6134025D0005	0.005271	0.008785	0.000000	1	below-floor
cluster-0003	202	N0042120D0071	0.005267	0.008779	0.000000	1	below-floor
cluster-0003	203	N0042120D0023	0.005212	0.008687	0.000000	1	below-floor
cluster-0003	204	N0001923D0008	0.005168	0.008613	0.000000	1	below-floor
cluster-0003	205	N6134019D1010	0.005130	0.008551	0.000000	1	below-floor
cluster-0003	206	N0042116D0005	0.005082	0.008469	0.000000	1	below-floor
cluster-0003	207	N0042122D0005	0.004998	0.008331	0.000000	1	below-floor
cluster-0003	208	N6833521D0053	0.004983	0.008304	0.000000	1	below-floor
cluster-0003	209	N0042125D0302	0.004959	0.008264	0.000000	1	below-floor
cluster-0003	210	N0042123D0005	0.004930	0.008216	0.000000	1	below-floor
cluster-0003	211	N6893619D0001	0.004922	0.008203	0.000000	1	below-floor
cluster-0003	212	N0042116D0013	0.004920	0.008200	0.000000	1	below-floor
cluster-0003	213	N6833521D0229	0.004919	0.008198	0.000000	1	below-floor
cluster-0003	214	N6833519D0135	0.004910	0.008183	0.000000	1	below-floor
cluster-0003	215	N0001922D0007	0.004861	0.008102	0.000000	1	below-floor
cluster-0003	216	N0001919D0027	0.004821	0.008035	0.000000	1	below-floor
cluster-0003	217	N6833522D0012	0.004796	0.007994	0.000000	1	below-floor
cluster-0003	218	N6852023D0001	0.004778	0.007963	0.000000	1	below-floor
cluster-0003	219	N6893625D0011	0.004768	0.007947	0.000000	1	below-floor
cluster-0003	220	N0042121D0018	0.004715	0.007858	0.000000	1	below-floor
cluster-0003	221	N6893625D0008	0.004621	0.007701	0.000000	1	below-floor
cluster-0003	222	N0042122D0002	0.004590	0.007650	0.000000	1	below-floor
cluster-0003	223	N6893618D0036	0.004575	0.007626	0.000000	1	below-floor
cluster-0003	224	N6833521D0214	0.004535	0.007558	0.000000	1	below-floor
cluster-0003	225	N6852021D0005	0.004513	0.007522	0.000000	1	below-floor
cluster-0003	226	N6893623D0045	0.004512	0.007521	0.000000	1	below-floor
cluster-0003	227	N6893621D0011	0.004497	0.007494	0.000000	1	below-floor
cluster-0003	228	N6893620D0005	0.004483	0.007471	0.000000	1	below-floor
cluster-0003	229	N6893621D0024	0.004442	0.007403	0.000000	1	below-floor
cluster-0003	230	N0001917D0009	0.004435	0.007392	0.000000	1	below-floor
cluster-0003	231	N6893620D0016	0.004429	0.007382	0.000000	1	below-floor
cluster-0003	232	N6893615D0015	0.004406	0.007344	0.000000	1	below-floor
cluster-0003	233	N6893621D0051	0.004355	0.007258	0.000000	1	below-floor
cluster-0003	234	N6893618D0029	0.004321	0.007201	0.000000	1	below-floor
cluster-0003	235	N0042119D0047	0.004253	0.007089	0.000000	1	below-floor
cluster-0003	236	N0042118D0054	0.004216	0.007026	0.000000	1	below-floor
cluster-0003	237	N0001921D0050	0.004106	0.006844	0.000000	1	below-floor
cluster-0003	238	N6893620D0015	0.004066	0.006777	0.000000	1	below-floor
cluster-0003	239	N0001923D0011	0.003947	0.006579	0.000000	1	below-floor
cluster-0003	240	N6893621D0010	0.003922	0.006536	0.000000	1	below-floor
cluster-0003	241	N0042119D0028	0.003893	0.006488	0.000000	1	below-floor
cluster-0003	242	N0042121D0034	0.003837	0.006395	0.000000	1	below-floor
cluster-0003	243	N0001923D0009	0.003795	0.006324	0.000000	1	below-floor
cluster-0003	244	N0042122D0003	0.003671	0.006118	0.000000	1	below-floor
cluster-0003	245	N6852021D0006	0.003573	0.005955	0.000000	1	below-floor
cluster-0003	246	N6833523D0001	0.003540	0.005901	0.000000	1	below-floor
cluster-0003	247	N0001918D0118	0.003491	0.005818	0.000000	1	below-floor
cluster-0003	248	N0001924D0119	0.003490	0.005816	0.000000	1	below-floor
cluster-0003	249	N6893624D0013	0.003449	0.005748	0.000000	1	below-floor
cluster-0003	250	N6893619D0007	0.003442	0.005737	0.000000	1	below-floor
cluster-0003	251	N6852023D0012	0.003385	0.005642	0.000000	1	below-floor
cluster-0003	252	N0001919D0026	0.003340	0.005567	0.000000	1	below-floor
cluster-0003	253	N6833520D0935	0.003289	0.005482	0.000000	1	below-floor
cluster-0003	254	N0042121D0033	0.003259	0.005432	0.000000	1	below-floor
cluster-0003	255	N6833521D0049	0.003200	0.005333	0.000000	1	below-floor
cluster-0003	256	N6893619D0008	0.003142	0.005236	0.000000	1	below-floor
cluster-0003	257	N6893618D0012	0.003134	0.005223	0.000000	1	below-floor
cluster-0003	258	N6893623D0029	0.003123	0.005206	0.000000	1	below-floor
cluster-0003	259	N6134021D0017	0.003037	0.005061	0.000000	1	below-floor
cluster-0003	260	N0001925D0023	0.002970	0.004950	0.000000	1	below-floor
cluster-0003	261	N0042119D0066	0.002962	0.004937	0.000000	1	below-floor
cluster-0003	262	N6833525D0005	0.002947	0.004911	0.000000	1	below-floor
cluster-0003	263	N6134020D0011	0.002866	0.004777	0.000000	1	below-floor
cluster-0003	264	N6852023D0011	0.002858	0.004764	0.000000	1	below-floor
cluster-0003	265	N0042122D0001	0.002826	0.004710	0.000000	1	below-floor
cluster-0003	266	N6893622D0008	0.002823	0.004704	0.000000	1	below-floor
cluster-0003	267	N0001920D0013	0.002815	0.004691	0.000000	1	below-floor
cluster-0003	268	N0001918D0123	0.002725	0.004541	0.000000	1	below-floor
cluster-0003	269	N6893623D0028	0.002715	0.004525	0.000000	1	below-floor
cluster-0003	270	N0042117D0032	0.002663	0.004438	0.000000	1	below-floor
cluster-0003	271	N6893614D0008	0.002602	0.004336	0.000000	1	below-floor
cluster-0003	272	N6833523D0046	0.002543	0.004238	0.000000	1	below-floor
cluster-0003	273	N6134022D0002	0.002502	0.004169	0.000000	1	below-floor
cluster-0003	274	N6893622D0009	0.002493	0.004156	0.000000	1	below-floor
cluster-0003	275	N0042120D0117	0.002476	0.004127	0.000000	1	below-floor
cluster-0003	276	N0042120D0072	0.002384	0.003973	0.000000	1	below-floor
cluster-0003	277	N6833520D0032	0.002376	0.003960	0.000000	1	below-floor
cluster-0003	278	N6893624D0009	0.002370	0.003949	0.000000	1	below-floor
cluster-0003	279	N6833525D0004	0.002367	0.003945	0.000000	1	below-floor
cluster-0003	280	N6833523D0010	0.002365	0.003942	0.000000	1	below-floor
cluster-0003	281	N6893622D0004	0.002303	0.003839	0.000000	1	below-floor
cluster-0003	282	N6833524D0009	0.002302	0.003837	0.000000	1	below-floor
cluster-0003	283	N0042121D0008	0.002292	0.003819	0.000000	1	below-floor
cluster-0003	284	N0042121D0007	0.002249	0.003748	0.000000	1	below-floor
cluster-0003	285	N6893621D0016	0.002241	0.003735	0.000000	1	below-floor
cluster-0003	286	N0001919D0032	0.002185	0.003641	0.000000	1	below-floor
cluster-0003	287	N0001918D0001	0.002177	0.003628	0.000000	1	below-floor
cluster-0003	288	N6893622D0018	0.002105	0.003508	0.000000	1	below-floor
cluster-0003	289	N0001924D0004	0.002089	0.003482	0.000000	1	below-floor
cluster-0003	290	N0001923D0012	0.002062	0.003437	0.000000	1	below-floor
cluster-0003	291	N0001919D0015	0.002038	0.003397	0.000000	1	below-floor
cluster-0003	292	N6134022D0004	0.002037	0.003394	0.000000	1	below-floor
cluster-0003	293	N6134020D0015	0.002018	0.003363	0.000000	1	below-floor
cluster-0003	294	N6893617D0010	0.002001	0.003335	0.000000	1	below-floor
cluster-0003	295	N0042120D0003	0.001991	0.003318	0.000000	1	below-floor
cluster-0003	296	N6893618D0026	0.001988	0.003314	0.000000	1	below-floor
cluster-0003	297	N0042119D0029	0.001975	0.003291	0.000000	1	below-floor
cluster-0003	298	N0042124D0022	0.001972	0.003286	0.000000	1	below-floor
cluster-0003	299	N0001919D0023	0.001964	0.003273	0.000000	1	below-floor
cluster-0003	300	N6893624D0008	0.001911	0.003184	0.000000	1	below-floor
cluster-0003	301	N0042120D0123	0.001903	0.003172	0.000000	1	below-floor
cluster-0003	302	N0042121D0037	0.001874	0.003123	0.000000	1	below-floor
cluster-0003	303	N0042120D0073	0.001857	0.003095	0.000000	1	below-floor
cluster-0003	304	N0042119D0026	0.001832	0.003053	0.000000	1	below-floor
cluster-0003	305	N6893619D0017	0.001768	0.002947	0.000000	1	below-floor
cluster-0003	306	N0042119D0035	0.001729	0.002881	0.000000	1	below-floor
cluster-0003	307	N6893621D0044	0.001657	0.002762	0.000000	1	below-floor
cluster-0003	308	N0042120D0012	0.001624	0.002707	0.000000	1	below-floor
cluster-0003	309	N0042119D0058	0.001593	0.002655	0.000000	1	below-floor
cluster-0003	310	N6833521D0045	0.001574	0.002624	0.000000	1	below-floor
cluster-0003	311	N0001919D0012	0.001511	0.002518	0.000000	1	below-floor
cluster-0003	312	N0001919D0013	0.001511	0.002518	0.000000	1	below-floor
cluster-0003	313	N6893624D0007	0.001484	0.002473	0.000000	1	below-floor
cluster-0003	314	N6893623D0021	0.001465	0.002441	0.000000	1	below-floor
cluster-0003	315	N0042118D0001	0.001460	0.002433	0.000000	1	below-floor
cluster-0003	316	N0001922D0043	0.001445	0.002409	0.000000	1	below-floor
cluster-0003	317	N0042115D0005	0.001444	0.002407	0.000000	1	below-floor
cluster-0003	318	N0042117D0031	0.001426	0.002376	0.000000	1	below-floor
cluster-0003	319	N6134021D0013	0.001412	0.002353	0.000000	1	below-floor
cluster-0003	320	N0042119D0033	0.001403	0.002338	0.000000	1	below-floor
cluster-0003	321	N6893623D0026	0.001385	0.002308	0.000000	1	below-floor
cluster-0003	322	N6833517D0021	0.001374	0.002290	0.000000	1	below-floor
cluster-0003	323	N0042119D0060	0.001322	0.002204	0.000000	1	below-floor
cluster-0003	324	N0042121D0002	0.001322	0.002203	0.000000	1	below-floor
cluster-0003	325	N6893619D0035	0.001254	0.002090	0.000000	1	below-floor
cluster-0003	326	N0042119D0075	0.001247	0.002078	0.000000	1	below-floor
cluster-0003	327	N6833524D0020	0.001222	0.002037	0.000000	1	below-floor
cluster-0003	328	N0042120D0001	0.001198	0.001997	0.000000	1	below-floor
cluster-0003	329	N6833524D0010	0.001196	0.001993	0.000000	1	below-floor
cluster-0003	330	N6893620D0014	0.001181	0.001968	0.000000	1	below-floor
cluster-0003	331	N0042120D0115	0.001146	0.001910	0.000000	1	below-floor
cluster-0003	332	N0042117D0015	0.001137	0.001895	0.000000	1	below-floor
cluster-0003	333	N0042121D0001	0.001134	0.001889	0.000000	1	below-floor
cluster-0003	334	N6893623D0037	0.001116	0.001861	0.000000	1	below-floor
cluster-0003	335	N6852021D0004	0.001097	0.001828	0.000000	1	below-floor
cluster-0003	336	N6893624D0023	0.001079	0.001799	0.000000	1	below-floor
cluster-0003	337	N0042119D0071	0.001077	0.001794	0.000000	1	below-floor
cluster-0003	338	N6893622D0011	0.001074	0.001791	0.000000	1	below-floor
cluster-0003	339	N6893622D0034	0.001071	0.001785	0.000000	1	below-floor
cluster-0003	340	N6833522D0037	0.001068	0.001779	0.000000	1	below-floor
cluster-0003	341	N6833522D0017	0.001057	0.001762	0.000000	1	below-floor
cluster-0003	342	N0042123D0019	0.001051	0.001752	0.000000	1	below-floor
cluster-0003	343	N0042124D0011	0.000993	0.001655	0.000000	1	below-floor
cluster-0003	344	N6833525D0010	0.000833	0.001389	0.000000	1	below-floor
cluster-0003	345	N6833519D0082	0.000806	0.001343	0.000000	1	below-floor
cluster-0003	346	N6833523D0029	0.000797	0.001329	0.000000	1	below-floor
cluster-0003	347	N6893624D0012	0.000790	0.001317	0.000000	1	below-floor
cluster-0003	348	N6893624D0025	0.000766	0.001277	0.000000	1	below-floor
cluster-0003	349	N6833521D0064	0.000746	0.001244	0.000000	1	below-floor
cluster-0003	350	N0042125D0301	0.000745	0.001242	0.000000	1	below-floor
cluster-0003	351	N6893622D0038	0.000745	0.001241	0.000000	1	below-floor
cluster-0003	352	N0001921D0001	0.000666	0.001110	0.000000	1	below-floor
cluster-0003	353	N0001920D0016	0.000656	0.001093	0.000000	1	below-floor
cluster-0003	354	N6833524D0003	0.000640	0.001067	0.000000	1	below-floor
cluster-0003	355	N0001920D0109	0.000638	0.001064	0.000000	1	below-floor
cluster-0003	356	N6893622D0017	0.000603	0.001004	0.000000	1	below-floor
cluster-0003	357	N0042124D0020	0.000541	0.000901	0.000000	1	below-floor
cluster-0003	358	N6833524D0019	0.000531	0.000885	0.000000	1	below-floor
cluster-0003	359	N6893622D0032	0.000441	0.000734	0.000000	1	below-floor
cluster-0003	360	N6833524D0021	0.000437	0.000728	0.000000	1	below-floor
cluster-0003	361	N0042122D0099	0.000436	0.000727	0.000000	1	below-floor
cluster-0003	362	N0001921D0011	0.000434	0.000723	0.000000	1	below-floor
cluster-0003	363	N0042119D0076	0.000406	0.000676	0.000000	1	below-floor
cluster-0003	364	N0042117D0027	0.000360	0.000600	0.000000	1	below-floor
cluster-0003	365	N6893621D0043	0.000287	0.000479	0.000000	1	below-floor
cluster-0003	366	N0001917D0101	0.000000	0.000000	0.000000	1	below-floor
cluster-0003	367	N0024424D0005	0.000000	0.000000	0.000000	1	below-floor
cluster-0003	368	N0024424D0010	0.000000	0.000000	0.000000	1	below-floor
cluster-0003	369	N0038324DBK01	0.000000	0.000000	0.000000	1	below-floor
cluster-0003	370	N0042118D0007	0.000000	0.000000	0.000000	1	below-floor
cluster-0003	371	N0042118D0062	0.000000	0.000000	0.000000	1	below-floor
cluster-0003	372	N0042119D0002	0.000000	0.000000	0.000000	1	below-floor
cluster-0003	373	N0042119D0067	0.000000	0.000000	0.000000	1	below-floor
cluster-0003	374	N0042120D0109	0.000000	0.000000	0.000000	1	below-floor
cluster-0003	375	N6134025D0006	0.000000	0.000000	0.000000	1	below-floor
cluster-0003	376	N6833515D0026	0.000000	0.000000	0.000000	1	below-floor
cluster-0003	377	N6833516D0013	0.000000	0.000000	0.000000	1	below-floor
cluster-0003	378	N6833516D0020	0.000000	0.000000	0.000000	1	below-floor
cluster-0003	379	N6833522D0022	0.000000	0.000000	0.000000	1	below-floor
cluster-0003	380	N6833523D0017	0.000000	0.000000	0.000000	1	below-floor
cluster-0003	381	N6833524D0002	0.000000	0.000000	0.000000	1	below-floor
cluster-0003	382	N6833524D0018	0.000000	0.000000	0.000000	1	below-floor
cluster-0003	383	N6833524D0023	0.000000	0.000000	0.000000	1	below-floor
cluster-0003	384	N6893620D0018	0.000000	0.000000	0.000000	1	below-floor
cluster-0003	385	N6893621D0017	0.000000	0.000000	0.000000	1	below-floor
cluster-0003	386	N6893622D0007	0.000000	0.000000	0.000000	1	below-floor
cluster-0003	387	N6893622D0027	0.000000	0.000000	0.000000	1	below-floor
cluster-0003	388	N6893622D0036	0.000000	0.000000	0.000000	1	below-floor
cluster-0003	389	N6893622D0041	0.000000	0.000000	0.000000	1	below-floor
cluster-0003	390	N6893623D0019	0.000000	0.000000	0.000000	1	below-floor
cluster-0003	391	N6893623D0025	0.000000	0.000000	0.000000	1	below-floor
cluster-0003	392	N6893623D0036	0.000000	0.000000	0.000000	1	below-floor
cluster-0003	393	N6893623D0039	0.000000	0.000000	0.000000	1	below-floor
cluster-0003	394	N6893623D0041	0.000000	0.000000	0.000000	1	below-floor
cluster-0003	395	N6893623D0054	0.000000	0.000000	0.000000	1	below-floor
cluster-0003	396	N6893624D0022	0.000000	0.000000	0.000000	1	below-floor
cluster-0003	397	DON-ESL-BPA	0.016292	0.027154	0.000000	2	below-floor
cluster-0003	398	GSA-MAS	0.015404	0.025673	0.000000	2	below-floor
cluster-0003	399	N6833523A0027	0.011762	0.019604	0.000000	2	below-floor
cluster-0003	400	N6852024A0004	0.010697	0.017829	0.000000	2	below-floor
cluster-0003	401	N6833523A0029	0.004825	0.008041	0.000000	2	below-floor
cluster-0003	402	N6833522A0027	0.003544	0.005906	0.000000	2	below-floor
cluster-0003	403	N6833522A0029	0.003542	0.005904	0.000000	2	below-floor
cluster-0003	404	N6833523A0153	0.003537	0.005895	0.000000	2	below-floor
cluster-0003	405	N6833525A0038	0.003534	0.005890	0.000000	2	below-floor
cluster-0003	406	N6833523A0120	0.003502	0.005837	0.000000	2	below-floor
cluster-0003	407	N6833523A0021	0.003485	0.005808	0.000000	2	below-floor
cluster-0003	408	N6833525A0008	0.003483	0.005806	0.000000	2	below-floor
cluster-0003	409	N6833523A0167	0.003472	0.005787	0.000000	2	below-floor
cluster-0003	410	N6833522A0035	0.003411	0.005685	0.000000	2	below-floor
cluster-0003	411	N6833523A0018	0.003411	0.005685	0.000000	2	below-floor
cluster-0003	412	N6833523A0041	0.003411	0.005685	0.000000	2	below-floor
cluster-0003	413	N6833523A0051	0.003411	0.005685	0.000000	2	below-floor
cluster-0003	414	N6833523A0059	0.003411	0.005685	0.000000	2	below-floor
cluster-0003	415	N6833522A0032	0.003400	0.005666	0.000000	2	below-floor
cluster-0003	416	N6833523A0049	0.003365	0.005609	0.000000	2	below-floor
cluster-0003	417	N6833525A0007	0.003365	0.005608	0.000000	2	below-floor
cluster-0003	418	N6833523A0038	0.003363	0.005605	0.000000	2	below-floor
cluster-0003	419	N6833523A0030	0.003310	0.005517	0.000000	2	below-floor
cluster-0003	420	N6833523A0020	0.003195	0.005325	0.000000	2	below-floor
cluster-0003	421	N6833523A0028	0.003152	0.005253	0.000000	2	below-floor
cluster-0003	422	N6833523A0016	0.003086	0.005143	0.000000	2	below-floor
cluster-0003	423	N6833523A0025	0.003073	0.005121	0.000000	2	below-floor
cluster-0003	424	N6833522A0017	0.003062	0.005103	0.000000	2	below-floor
cluster-0003	425	N6833523A0062	0.003033	0.005054	0.000000	2	below-floor
cluster-0003	426	N6833524A0026	0.003026	0.005044	0.000000	2	below-floor
cluster-0003	427	N6833524A0033	0.003026	0.005044	0.000000	2	below-floor
cluster-0003	428	N6833524A0016	0.003006	0.005010	0.000000	2	below-floor
cluster-0003	429	N6833524A0032	0.002985	0.004976	0.000000	2	below-floor
cluster-0003	430	N6833523A0151	0.002966	0.004944	0.000000	2	below-floor
cluster-0003	431	N6833523A0043	0.002956	0.004926	0.000000	2	below-floor
cluster-0003	432	N0042124A0005	0.002897	0.004828	0.000000	2	below-floor
cluster-0003	433	N6833523A0040	0.002866	0.004777	0.000000	2	below-floor
cluster-0003	434	N6833524A0040	0.002560	0.004267	0.000000	2	below-floor
cluster-0003	435	N6833524A0002	0.002549	0.004248	0.000000	2	below-floor
cluster-0003	436	N0042124A0003	0.002408	0.004014	0.000000	2	below-floor
cluster-0003	437	N0042124A0004	0.002259	0.003765	0.000000	2	below-floor
cluster-0003	438	N6833523A0134	0.002222	0.003703	0.000000	2	below-floor
cluster-0003	439	N6833523A0194	0.001586	0.002644	0.000000	2	below-floor
cluster-0003	440	N6833524A0007	0.000768	0.001280	0.000000	2	below-floor
cluster-0003	441	N6883621A0003	0.000000	0.000000	0.000000	2	below-floor
cluster-0003	442	NASA-SEWP	0.014723	0.024539	0.000000	3	below-floor
cluster-0003	443	W15QKN15D0001	0.008422	0.014037	0.000000	3	below-floor
cluster-0003	444	FA860423DB001	0.001609	0.002682	0.000000	3	below-floor
cluster-0003	445	FA857619D0001	0.000919	0.001532	0.000000	3	below-floor
cluster-0003	446	NAVAIR-HQ-BOA	0.032449	0.054081	0.000000	5	below-floor
cluster-0003	447	N6833520G3036	0.021968	0.036614	0.000000	5	below-floor
cluster-0003	448	N6134019G0002	0.021479	0.035799	0.000000	5	below-floor
cluster-0003	449	N0042121G0005	0.021300	0.035499	0.000000	5	below-floor
cluster-0003	450	N6833524G0038	0.019785	0.032975	0.000000	5	below-floor
cluster-0003	451	N0042117G0003	0.019214	0.032024	0.000000	5	below-floor
cluster-0003	452	N6833522G0041	0.017107	0.028511	0.000000	5	below-floor
cluster-0003	453	N6833519G0059	0.014280	0.023800	0.000000	5	below-floor
cluster-0003	454	N6833519G0013	0.013309	0.022182	0.000000	5	below-floor
cluster-0003	455	N0042122G0101	0.010998	0.018330	0.000000	5	below-floor
cluster-0003	456	N0042123G0001	0.010663	0.017772	0.000000	5	below-floor
cluster-0003	457	N6833524G0007	0.010596	0.017661	0.000000	5	below-floor
cluster-0003	458	N6833520G0002	0.010466	0.017444	0.000000	5	below-floor
cluster-0003	459	N0042124G0005	0.009441	0.015735	0.000000	5	below-floor
cluster-0003	460	N6833520G1048	0.008199	0.013665	0.000000	5	below-floor
cluster-0003	461	N0042121G0004	0.007681	0.012802	0.000000	5	below-floor
cluster-0003	462	N0042125G0003	0.007492	0.012487	0.000000	5	below-floor
cluster-0003	463	N0042123G0005	0.006671	0.011119	0.000000	5	below-floor
cluster-0003	464	N6833521G0020	0.006671	0.011119	0.000000	5	below-floor
cluster-0003	465	N6833522G0010	0.006273	0.010456	0.000000	5	below-floor
cluster-0003	466	N6833522G0029	0.006125	0.010209	0.000000	5	below-floor
cluster-0003	467	N6833518G0014	0.005525	0.009208	0.000000	5	below-floor
cluster-0003	468	N6833524G0021	0.004113	0.006855	0.000000	5	below-floor
cluster-0003	469	N6833522G0035	0.003619	0.006031	0.000000	5	below-floor
cluster-0003	470	N6833523G0001	0.003162	0.005269	0.000000	5	below-floor
cluster-0003	471	N0042123G0004	0.002066	0.003443	0.000000	5	below-floor
cluster-0003	472	N6833519G0041	0.001983	0.003305	0.000000	5	below-floor
cluster-0003	473	N6833524G0009	0.001262	0.002103	0.000000	5	below-floor
cluster-0003	474	N6833523G0004	0.001177	0.001962	0.000000	5	below-floor
cluster-0003	475	N6833522G0036	0.001102	0.001837	0.000000	5	below-floor
cluster-0003	476	N6833524G0028	0.001031	0.001719	0.000000	5	below-floor
cluster-0003	477	N0042123G0002	0.000980	0.001633	0.000000	5	below-floor
cluster-0003	478	N0042119G0004	0.000356	0.000594	0.000000	5	below-floor
cluster-0003	479	N0042119G0001	0.000000	0.000000	0.000000	5	below-floor
cluster-0003	480	N0042124G0001	0.000000	0.000000	0.000000	5	below-floor
cluster-0003	481	N6833515G0022	0.000000	0.000000	0.000000	5	below-floor
cluster-0003	482	N6833519G0050	0.000000	0.000000	0.000000	5	below-floor
cluster-0003	483	N6833521G0021	0.000000	0.000000	0.000000	5	below-floor
cluster-0003	484	SPE4A123G0002	0.000000	0.000000	0.000000	5	below-floor
cluster-0004	1	SEAPORT-NXG	0.088670	0.147784	0.000000	1	candidate
cluster-0004	2	NAWCTSD-TSC-IV	0.053783	0.089639	0.000000	1	candidate
cluster-0004	3	NAWCAD-SCI-MAC	0.049659	0.082765	0.000000	1	below-floor
cluster-0004	4	NAWCTSD-FTSS-V	0.045475	0.075792	0.000000	1	below-floor
cluster-0004	5	NAWCTSD-PACRM	0.045074	0.075123	0.000000	1	below-floor
cluster-0004	6	GSA-MAS	0.050251	0.083752	0.000000	2	candidate
cluster-0004	7	NAVAIR-HQ-BOA	0.065968	0.109946	0.000000	5	candidate
cluster-0004	8	NAWCAD-CYBER-IDIQ	0.023524	0.039207	0.000000	1	below-floor
cluster-0004	9	DON-ESL-BPA	0.016572	0.027619	0.000000	2	below-floor
cluster-0004	10	GSA-OASIS-PLUS	0.034227	0.057045	0.000000	3	below-floor
cluster-0004	11	NASA-SEWP	0.028997	0.048329	0.000000	3	below-floor
cluster-0004	0	FA857619D0001	0.000000	0.000000	0.000000	0	eliminated:OFFICE-NOT-AMONG-OBSERVED-ORDERING-ACTIVITIES
cluster-0004	0	FA860423DB001	0.000000	0.000000	0.000000	0	eliminated:OFFICE-NOT-AMONG-OBSERVED-ORDERING-ACTIVITIES
cluster-0004	0	N0001421D4002	0.000000	0.000000	0.000000	0	eliminated:OFFICE-NOT-AMONG-OBSERVED-ORDERING-ACTIVITIES
cluster-0004	0	N0001917D0004	0.000000	0.000000	0.000000	0	eliminated:OFFICE-NOT-AMONG-OBSERVED-ORDERING-ACTIVITIES
cluster-0004	0	N0001917D0009	0.000000	0.000000	0.000000	0	eliminated:OFFICE-NOT-AMONG-OBSERVED-ORDERING-ACTIVITIES
cluster-0004	0	N0001917D0089	0.000000	0.000000	0.000000	0	eliminated:OFFICE-NOT-AMONG-OBSERVED-ORDERING-ACTIVITIES
cluster-0004	0	N0001917D0101	0.000000	0.000000	0.000000	0	eliminated:OFFICE-NOT-AMONG-OBSERVED-ORDERING-ACTIVITIES
cluster-0004	0	N0001918D0001	0.000000	0.000000	0.000000	0	eliminated:OFFICE-NOT-AMONG-OBSERVED-ORDERING-ACTIVITIES
cluster-0004	0	N0001918D0103	0.000000	0.000000	0.000000	0	eliminated:OFFICE-NOT-AMONG-OBSERVED-ORDERING-ACTIVITIES
cluster-0004	0	N0001918D0110	0.000000	0.000000	0.000000	0	eliminated:OFFICE-NOT-AMONG-OBSERVED-ORDERING-ACTIVITIES
cluster-0004	0	N0001918D0111	0.000000	0.000000	0.000000	0	eliminated:OFFICE-NOT-AMONG-OBSERVED-ORDERING-ACTIVITIES
cluster-0004	0	N0001918D0118	0.000000	0.000000	0.000000	0	eliminated:OFFICE-NOT-AMONG-OBSERVED-ORDERING-ACTIVITIES
cluster-0004	0	N0001918D0123	0.000000	0.000000	0.000000	0	eliminated:OFFICE-NOT-AMONG-OBSERVED-ORDERING-ACTIVITIES
cluster-0004	0	N0001919D0001	0.000000	0.000000	0.000000	0	eliminated:OFFICE-NOT-AMONG-OBSERVED-ORDERING-ACTIVITIES
cluster-0004	0	N0001919D0005	0.000000	0.000000	0.000000	0	eliminated:OFFICE-NOT-AMONG-OBSERVED-ORDERING-ACTIVITIES
cluster-0004	0	N0001919D0012	0.000000	0.000000	0.000000	0	eliminated:OFFICE-NOT-AMONG-OBSERVED-ORDERING-ACTIVITIES
cluster-0004	0	N0001919D0013	0.000000	0.000000	0.000000	0	eliminated:OFFICE-NOT-AMONG-OBSERVED-ORDERING-ACTIVITIES
cluster-0004	0	N0001919D0015	0.000000	0.000000	0.000000	0	eliminated:OFFICE-NOT-AMONG-OBSERVED-ORDERING-ACTIVITIES
cluster-0004	0	N0001919D0021	0.000000	0.000000	0.000000	0	eliminated:OFFICE-NOT-AMONG-OBSERVED-ORDERING-ACTIVITIES
cluster-0004	0	N0001919D0023	0.000000	0.000000	0.000000	0	eliminated:OFFICE-NOT-AMONG-OBSERVED-ORDERING-ACTIVITIES
cluster-0004	0	N0001919D0026	0.000000	0.000000	0.000000	0	eliminated:OFFICE-NOT-AMONG-OBSERVED-ORDERING-ACTIVITIES
cluster-0004	0	N0001919D0027	0.000000	0.000000	0.000000	0	eliminated:OFFICE-NOT-AMONG-OBSERVED-ORDERING-ACTIVITIES
cluster-0004	0	N0001919D0032	0.000000	0.000000	0.000000	0	eliminated:OFFICE-NOT-AMONG-OBSERVED-ORDERING-ACTIVITIES
cluster-0004	0	N0001920D0001	0.000000	0.000000	0.000000	0	eliminated:OFFICE-NOT-AMONG-OBSERVED-ORDERING-ACTIVITIES
cluster-0004	0	N0001920D0004	0.000000	0.000000	0.000000	0	eliminated:OFFICE-NOT-AMONG-OBSERVED-ORDERING-ACTIVITIES
cluster-0004	0	N0001920D0007	0.000000	0.000000	0.000000	0	eliminated:OFFICE-NOT-AMONG-OBSERVED-ORDERING-ACTIVITIES
cluster-0004	0	N0001920D0008	0.000000	0.000000	0.000000	0	eliminated:OFFICE-NOT-AMONG-OBSERVED-ORDERING-ACTIVITIES
cluster-0004	0	N0001920D0013	0.000000	0.000000	0.000000	0	eliminated:OFFICE-NOT-AMONG-OBSERVED-ORDERING-ACTIVITIES
cluster-0004	0	N0001920D0016	0.000000	0.000000	0.000000	0	eliminated:OFFICE-NOT-AMONG-OBSERVED-ORDERING-ACTIVITIES
cluster-0004	0	N0001920D0017	0.000000	0.000000	0.000000	0	eliminated:OFFICE-NOT-AMONG-OBSERVED-ORDERING-ACTIVITIES
cluster-0004	0	N0001920D0023	0.000000	0.000000	0.000000	0	eliminated:OFFICE-NOT-AMONG-OBSERVED-ORDERING-ACTIVITIES
cluster-0004	0	N0001920D0024	0.000000	0.000000	0.000000	0	eliminated:OFFICE-NOT-AMONG-OBSERVED-ORDERING-ACTIVITIES
cluster-0004	0	N0001920D0051	0.000000	0.000000	0.000000	0	eliminated:OFFICE-NOT-AMONG-OBSERVED-ORDERING-ACTIVITIES
cluster-0004	0	N0001920D0106	0.000000	0.000000	0.000000	0	eliminated:OFFICE-NOT-AMONG-OBSERVED-ORDERING-ACTIVITIES
cluster-0004	0	N0001920D0109	0.000000	0.000000	0.000000	0	eliminated:OFFICE-NOT-AMONG-OBSERVED-ORDERING-ACTIVITIES
cluster-0004	0	N0001921D0001	0.000000	0.000000	0.000000	0	eliminated:OFFICE-NOT-AMONG-OBSERVED-ORDERING-ACTIVITIES
cluster-0004	0	N0001921D0004	0.000000	0.000000	0.000000	0	eliminated:OFFICE-NOT-AMONG-OBSERVED-ORDERING-ACTIVITIES
cluster-0004	0	N0001921D0010	0.000000	0.000000	0.000000	0	eliminated:OFFICE-NOT-AMONG-OBSERVED-ORDERING-ACTIVITIES
cluster-0004	0	N0001921D0011	0.000000	0.000000	0.000000	0	eliminated:OFFICE-NOT-AMONG-OBSERVED-ORDERING-ACTIVITIES
cluster-0004	0	N0001921D0015	0.000000	0.000000	0.000000	0	eliminated:OFFICE-NOT-AMONG-OBSERVED-ORDERING-ACTIVITIES
cluster-0004	0	N0001921D0050	0.000000	0.000000	0.000000	0	eliminated:OFFICE-NOT-AMONG-OBSERVED-ORDERING-ACTIVITIES
cluster-0004	0	N0001922D0001	0.000000	0.000000	0.000000	0	eliminated:OFFICE-NOT-AMONG-OBSERVED-ORDERING-ACTIVITIES
cluster-0004	0	N0001922D0003	0.000000	0.000000	0.000000	0	eliminated:OFFICE-NOT-AMONG-OBSERVED-ORDERING-ACTIVITIES
cluster-0004	0	N0001922D0004	0.000000	0.000000	0.000000	0	eliminated:OFFICE-NOT-AMONG-OBSERVED-ORDERING-ACTIVITIES
cluster-0004	0	N0001922D0006	0.000000	0.000000	0.000000	0	eliminated:OFFICE-NOT-AMONG-OBSERVED-ORDERING-ACTIVITIES
cluster-0004	0	N0001922D0007	0.000000	0.000000	0.000000	0	eliminated:OFFICE-NOT-AMONG-OBSERVED-ORDERING-ACTIVITIES
cluster-0004	0	N0001922D0008	0.000000	0.000000	0.000000	0	eliminated:OFFICE-NOT-AMONG-OBSERVED-ORDERING-ACTIVITIES
cluster-0004	0	N0001922D0009	0.000000	0.000000	0.000000	0	eliminated:OFFICE-NOT-AMONG-OBSERVED-ORDERING-ACTIVITIES
cluster-0004	0	N0001922D0011	0.000000	0.000000	0.000000	0	eliminated:OFFICE-NOT-AMONG-OBSERVED-ORDERING-ACTIVITIES
cluster-0004	0	N0001922D0013	0.000000	0.000000	0.000000	0	eliminated:OFFICE-NOT-AMONG-OBSERVED-ORDERING-ACTIVITIES
cluster-0004	0	N0001922D0022	0.000000	0.000000	0.000000	0	eliminated:OFFICE-NOT-AMONG-OBSERVED-ORDERING-ACTIVITIES
cluster-0004	0	N0001922D0038	0.000000	0.000000	0.000000	0	eliminated:OFFICE-NOT-AMONG-OBSERVED-ORDERING-ACTIVITIES
cluster-0004	0	N0001922D0040	0.000000	0.000000	0.000000	0	eliminated:OFFICE-NOT-AMONG-OBSERVED-ORDERING-ACTIVITIES
cluster-0004	0	N0001922D0042	0.000000	0.000000	0.000000	0	eliminated:OFFICE-NOT-AMONG-OBSERVED-ORDERING-ACTIVITIES
cluster-0004	0	N0001922D0043	0.000000	0.000000	0.000000	0	eliminated:OFFICE-NOT-AMONG-OBSERVED-ORDERING-ACTIVITIES
cluster-0004	0	N0001923D0001	0.000000	0.000000	0.000000	0	eliminated:OFFICE-NOT-AMONG-OBSERVED-ORDERING-ACTIVITIES
cluster-0004	0	N0001923D0008	0.000000	0.000000	0.000000	0	eliminated:OFFICE-NOT-AMONG-OBSERVED-ORDERING-ACTIVITIES
cluster-0004	0	N0001923D0009	0.000000	0.000000	0.000000	0	eliminated:OFFICE-NOT-AMONG-OBSERVED-ORDERING-ACTIVITIES
cluster-0004	0	N0001923D0010	0.000000	0.000000	0.000000	0	eliminated:OFFICE-NOT-AMONG-OBSERVED-ORDERING-ACTIVITIES
cluster-0004	0	N0001923D0011	0.000000	0.000000	0.000000	0	eliminated:OFFICE-NOT-AMONG-OBSERVED-ORDERING-ACTIVITIES
cluster-0004	0	N0001923D0012	0.000000	0.000000	0.000000	0	eliminated:OFFICE-NOT-AMONG-OBSERVED-ORDERING-ACTIVITIES
cluster-0004	0	N0001923D0013	0.000000	0.000000	0.000000	0	eliminated:OFFICE-NOT-AMONG-OBSERVED-ORDERING-ACTIVITIES
cluster-0004	0	N0001923D0014	0.000000	0.000000	0.000000	0	eliminated:OFFICE-NOT-AMONG-OBSERVED-ORDERING-ACTIVITIES
cluster-0004	0	N0001923D0015	0.000000	0.000000	0.000000	0	eliminated:OFFICE-NOT-AMONG-OBSERVED-ORDERING-ACTIVITIES
cluster-0004	0	N0001923D0018	0.000000	0.000000	0.000000	0	eliminated:OFFICE-NOT-AMONG-OBSERVED-ORDERING-ACTIVITIES
cluster-0004	0	N0001923D0022	0.000000	0.000000	0.000000	0	eliminated:OFFICE-NOT-AMONG-OBSERVED-ORDERING-ACTIVITIES
cluster-0004	0	N0001924D0004	0.000000	0.000000	0.000000	0	eliminated:OFFICE-NOT-AMONG-OBSERVED-ORDERING-ACTIVITIES
cluster-0004	0	N0001924D0008	0.000000	0.000000	0.000000	0	eliminated:OFFICE-NOT-AMONG-OBSERVED-ORDERING-ACTIVITIES
cluster-0004	0	N0001924D0106	0.000000	0.000000	0.000000	0	eliminated:OFFICE-NOT-AMONG-OBSERVED-ORDERING-ACTIVITIES
cluster-0004	0	N0001924D0110	0.000000	0.000000	0.000000	0	eliminated:OFFICE-NOT-AMONG-OBSERVED-ORDERING-ACTIVITIES
cluster-0004	0	N0001924D0114	0.000000	0.000000	0.000000	0	eliminated:OFFICE-NOT-AMONG-OBSERVED-ORDERING-ACTIVITIES
cluster-0004	0	N0001924D0119	0.000000	0.000000	0.000000	0	eliminated:OFFICE-NOT-AMONG-OBSERVED-ORDERING-ACTIVITIES
cluster-0004	0	N0001924D0126	0.000000	0.000000	0.000000	0	eliminated:OFFICE-NOT-AMONG-OBSERVED-ORDERING-ACTIVITIES
cluster-0004	0	N0001925D0009	0.000000	0.000000	0.000000	0	eliminated:OFFICE-NOT-AMONG-OBSERVED-ORDERING-ACTIVITIES
cluster-0004	0	N0001925D0012	0.000000	0.000000	0.000000	0	eliminated:OFFICE-NOT-AMONG-OBSERVED-ORDERING-ACTIVITIES
cluster-0004	0	N0001925D0014	0.000000	0.000000	0.000000	0	eliminated:OFFICE-NOT-AMONG-OBSERVED-ORDERING-ACTIVITIES
cluster-0004	0	N0001925D0016	0.000000	0.000000	0.000000	0	eliminated:OFFICE-NOT-AMONG-OBSERVED-ORDERING-ACTIVITIES
cluster-0004	0	N0001925D0023	0.000000	0.000000	0.000000	0	eliminated:OFFICE-NOT-AMONG-OBSERVED-ORDERING-ACTIVITIES
cluster-0004	0	N0024424D0005	0.000000	0.000000	0.000000	0	eliminated:OFFICE-NOT-AMONG-OBSERVED-ORDERING-ACTIVITIES
cluster-0004	0	N0024424D0010	0.000000	0.000000	0.000000	0	eliminated:OFFICE-NOT-AMONG-OBSERVED-ORDERING-ACTIVITIES
cluster-0004	0	N0038324DBK01	0.000000	0.000000	0.000000	0	eliminated:OFFICE-NOT-AMONG-OBSERVED-ORDERING-ACTIVITIES
cluster-0004	0	N0042115D0005	0.000000	0.000000	0.000000	0	eliminated:OFFICE-NOT-AMONG-OBSERVED-ORDERING-ACTIVITIES
cluster-0004	0	N0042116D0002	0.000000	0.000000	0.000000	0	eliminated:OFFICE-NOT-AMONG-OBSERVED-ORDERING-ACTIVITIES
cluster-0004	0	N0042116D0005	0.000000	0.000000	0.000000	0	eliminated:OFFICE-NOT-AMONG-OBSERVED-ORDERING-ACTIVITIES
cluster-0004	0	N0042116D0013	0.000000	0.000000	0.000000	0	eliminated:OFFICE-NOT-AMONG-OBSERVED-ORDERING-ACTIVITIES
cluster-0004	0	N0042117D0015	0.000000	0.000000	0.000000	0	eliminated:OFFICE-NOT-AMONG-OBSERVED-ORDERING-ACTIVITIES
cluster-0004	0	N0042117D0027	0.000000	0.000000	0.000000	0	eliminated:OFFICE-NOT-AMONG-OBSERVED-ORDERING-ACTIVITIES
cluster-0004	0	N0042117D0031	0.000000	0.000000	0.000000	0	eliminated:OFFICE-NOT-AMONG-OBSERVED-ORDERING-ACTIVITIES
cluster-0004	0	N0042117D0032	0.000000	0.000000	0.000000	0	eliminated:OFFICE-NOT-AMONG-OBSERVED-ORDERING-ACTIVITIES
cluster-0004	0	N0042117D0045	0.000000	0.000000	0.000000	0	eliminated:OFFICE-NOT-AMONG-OBSERVED-ORDERING-ACTIVITIES
cluster-0004	0	N0042117D0052	0.000000	0.000000	0.000000	0	eliminated:OFFICE-NOT-AMONG-OBSERVED-ORDERING-ACTIVITIES
cluster-0004	0	N0042117G0003	0.000000	0.000000	0.000000	0	eliminated:OFFICE-NOT-AMONG-OBSERVED-ORDERING-ACTIVITIES
cluster-0004	0	N0042118D0001	0.000000	0.000000	0.000000	0	eliminated:OFFICE-NOT-AMONG-OBSERVED-ORDERING-ACTIVITIES
cluster-0004	0	N0042118D0007	0.000000	0.000000	0.000000	0	eliminated:OFFICE-NOT-AMONG-OBSERVED-ORDERING-ACTIVITIES
cluster-0004	0	N0042118D0015	0.000000	0.000000	0.000000	0	eliminated:OFFICE-NOT-AMONG-OBSERVED-ORDERING-ACTIVITIES
cluster-0004	0	N0042118D0016	0.000000	0.000000	0.000000	0	eliminated:OFFICE-NOT-AMONG-OBSERVED-ORDERING-ACTIVITIES
cluster-0004	0	N0042118D0017	0.000000	0.000000	0.000000	0	eliminated:OFFICE-NOT-AMONG-OBSERVED-ORDERING-ACTIVITIES
cluster-0004	0	N0042118D0028	0.000000	0.000000	0.000000	0	eliminated:OFFICE-NOT-AMONG-OBSERVED-ORDERING-ACTIVITIES
cluster-0004	0	N0042118D0030	0.000000	0.000000	0.000000	0	eliminated:OFFICE-NOT-AMONG-OBSERVED-ORDERING-ACTIVITIES
cluster-0004	0	N0042118D0042	0.000000	0.000000	0.000000	0	eliminated:OFFICE-NOT-AMONG-OBSERVED-ORDERING-ACTIVITIES
cluster-0004	0	N0042118D0044	0.000000	0.000000	0.000000	0	eliminated:OFFICE-NOT-AMONG-OBSERVED-ORDERING-ACTIVITIES
cluster-0004	0	N0042118D0054	0.000000	0.000000	0.000000	0	eliminated:OFFICE-NOT-AMONG-OBSERVED-ORDERING-ACTIVITIES
cluster-0004	0	N0042118D0059	0.000000	0.000000	0.000000	0	eliminated:OFFICE-NOT-AMONG-OBSERVED-ORDERING-ACTIVITIES
cluster-0004	0	N0042118D0062	0.000000	0.000000	0.000000	0	eliminated:OFFICE-NOT-AMONG-OBSERVED-ORDERING-ACTIVITIES
cluster-0004	0	N0042119D0001	0.000000	0.000000	0.000000	0	eliminated:OFFICE-NOT-AMONG-OBSERVED-ORDERING-ACTIVITIES
cluster-0004	0	N0042119D0002	0.000000	0.000000	0.000000	0	eliminated:OFFICE-NOT-AMONG-OBSERVED-ORDERING-ACTIVITIES
cluster-0004	0	N0042119D0023	0.000000	0.000000	0.000000	0	eliminated:OFFICE-NOT-AMONG-OBSERVED-ORDERING-ACTIVITIES
cluster-0004	0	N0042119D0024	0.000000	0.000000	0.000000	0	eliminated:OFFICE-NOT-AMONG-OBSERVED-ORDERING-ACTIVITIES
cluster-0004	0	N0042119D0026	0.000000	0.000000	0.000000	0	eliminated:OFFICE-NOT-AMONG-OBSERVED-ORDERING-ACTIVITIES
cluster-0004	0	N0042119D0028	0.000000	0.000000	0.000000	0	eliminated:OFFICE-NOT-AMONG-OBSERVED-ORDERING-ACTIVITIES
cluster-0004	0	N0042119D0029	0.000000	0.000000	0.000000	0	eliminated:OFFICE-NOT-AMONG-OBSERVED-ORDERING-ACTIVITIES
cluster-0004	0	N0042119D0033	0.000000	0.000000	0.000000	0	eliminated:OFFICE-NOT-AMONG-OBSERVED-ORDERING-ACTIVITIES
cluster-0004	0	N0042119D0035	0.000000	0.000000	0.000000	0	eliminated:OFFICE-NOT-AMONG-OBSERVED-ORDERING-ACTIVITIES
cluster-0004	0	N0042119D0042	0.000000	0.000000	0.000000	0	eliminated:OFFICE-NOT-AMONG-OBSERVED-ORDERING-ACTIVITIES
cluster-0004	0	N0042119D0047	0.000000	0.000000	0.000000	0	eliminated:OFFICE-NOT-AMONG-OBSERVED-ORDERING-ACTIVITIES
cluster-0004	0	N0042119D0055	0.000000	0.000000	0.000000	0	eliminated:OFFICE-NOT-AMONG-OBSERVED-ORDERING-ACTIVITIES
cluster-0004	0	N0042119D0058	0.000000	0.000000	0.000000	0	eliminated:OFFICE-NOT-AMONG-OBSERVED-ORDERING-ACTIVITIES
cluster-0004	0	N0042119D0060	0.000000	0.000000	0.000000	0	eliminated:OFFICE-NOT-AMONG-OBSERVED-ORDERING-ACTIVITIES
cluster-0004	0	N0042119D0065	0.000000	0.000000	0.000000	0	eliminated:OFFICE-NOT-AMONG-OBSERVED-ORDERING-ACTIVITIES
cluster-0004	0	N0042119D0066	0.000000	0.000000	0.000000	0	eliminated:OFFICE-NOT-AMONG-OBSERVED-ORDERING-ACTIVITIES
cluster-0004	0	N0042119D0067	0.000000	0.000000	0.000000	0	eliminated:OFFICE-NOT-AMONG-OBSERVED-ORDERING-ACTIVITIES
cluster-0004	0	N0042119D0071	0.000000	0.000000	0.000000	0	eliminated:OFFICE-NOT-AMONG-OBSERVED-ORDERING-ACTIVITIES
cluster-0004	0	N0042119D0075	0.000000	0.000000	0.000000	0	eliminated:OFFICE-NOT-AMONG-OBSERVED-ORDERING-ACTIVITIES
cluster-0004	0	N0042119D0076	0.000000	0.000000	0.000000	0	eliminated:OFFICE-NOT-AMONG-OBSERVED-ORDERING-ACTIVITIES
cluster-0004	0	N0042119G0001	0.000000	0.000000	0.000000	0	eliminated:OFFICE-NOT-AMONG-OBSERVED-ORDERING-ACTIVITIES
cluster-0004	0	N0042119G0004	0.000000	0.000000	0.000000	0	eliminated:OFFICE-NOT-AMONG-OBSERVED-ORDERING-ACTIVITIES
cluster-0004	0	N0042120D0001	0.000000	0.000000	0.000000	0	eliminated:OFFICE-NOT-AMONG-OBSERVED-ORDERING-ACTIVITIES
cluster-0004	0	N0042120D0003	0.000000	0.000000	0.000000	0	eliminated:OFFICE-NOT-AMONG-OBSERVED-ORDERING-ACTIVITIES
cluster-0004	0	N0042120D0006	0.000000	0.000000	0.000000	0	eliminated:OFFICE-NOT-AMONG-OBSERVED-ORDERING-ACTIVITIES
cluster-0004	0	N0042120D0007	0.000000	0.000000	0.000000	0	eliminated:OFFICE-NOT-AMONG-OBSERVED-ORDERING-ACTIVITIES
cluster-0004	0	N0042120D0010	0.000000	0.000000	0.000000	0	eliminated:OFFICE-NOT-AMONG-OBSERVED-ORDERING-ACTIVITIES
cluster-0004	0	N0042120D0012	0.000000	0.000000	0.000000	0	eliminated:OFFICE-NOT-AMONG-OBSERVED-ORDERING-ACTIVITIES
cluster-0004	0	N0042120D0015	0.000000	0.000000	0.000000	0	eliminated:OFFICE-NOT-AMONG-OBSERVED-ORDERING-ACTIVITIES
cluster-0004	0	N0042120D0023	0.000000	0.000000	0.000000	0	eliminated:OFFICE-NOT-AMONG-OBSERVED-ORDERING-ACTIVITIES
cluster-0004	0	N0042120D0024	0.000000	0.000000	0.000000	0	eliminated:OFFICE-NOT-AMONG-OBSERVED-ORDERING-ACTIVITIES
cluster-0004	0	N0042120D0028	0.000000	0.000000	0.000000	0	eliminated:OFFICE-NOT-AMONG-OBSERVED-ORDERING-ACTIVITIES
cluster-0004	0	N0042120D0071	0.000000	0.000000	0.000000	0	eliminated:OFFICE-NOT-AMONG-OBSERVED-ORDERING-ACTIVITIES
cluster-0004	0	N0042120D0072	0.000000	0.000000	0.000000	0	eliminated:OFFICE-NOT-AMONG-OBSERVED-ORDERING-ACTIVITIES
cluster-0004	0	N0042120D0073	0.000000	0.000000	0.000000	0	eliminated:OFFICE-NOT-AMONG-OBSERVED-ORDERING-ACTIVITIES
cluster-0004	0	N0042120D0108	0.000000	0.000000	0.000000	0	eliminated:OFFICE-NOT-AMONG-OBSERVED-ORDERING-ACTIVITIES
cluster-0004	0	N0042120D0109	0.000000	0.000000	0.000000	0	eliminated:OFFICE-NOT-AMONG-OBSERVED-ORDERING-ACTIVITIES
cluster-0004	0	N0042120D0115	0.000000	0.000000	0.000000	0	eliminated:OFFICE-NOT-AMONG-OBSERVED-ORDERING-ACTIVITIES
cluster-0004	0	N0042120D0117	0.000000	0.000000	0.000000	0	eliminated:OFFICE-NOT-AMONG-OBSERVED-ORDERING-ACTIVITIES
cluster-0004	0	N0042120D0123	0.000000	0.000000	0.000000	0	eliminated:OFFICE-NOT-AMONG-OBSERVED-ORDERING-ACTIVITIES
cluster-0004	0	N0042121D0001	0.000000	0.000000	0.000000	0	eliminated:OFFICE-NOT-AMONG-OBSERVED-ORDERING-ACTIVITIES
cluster-0004	0	N0042121D0002	0.000000	0.000000	0.000000	0	eliminated:OFFICE-NOT-AMONG-OBSERVED-ORDERING-ACTIVITIES
cluster-0004	0	N0042121D0005	0.000000	0.000000	0.000000	0	eliminated:OFFICE-NOT-AMONG-OBSERVED-ORDERING-ACTIVITIES
cluster-0004	0	N0042121D0007	0.000000	0.000000	0.000000	0	eliminated:OFFICE-NOT-AMONG-OBSERVED-ORDERING-ACTIVITIES
cluster-0004	0	N0042121D0008	0.000000	0.000000	0.000000	0	eliminated:OFFICE-NOT-AMONG-OBSERVED-ORDERING-ACTIVITIES
cluster-0004	0	N0042121D0010	0.000000	0.000000	0.000000	0	eliminated:OFFICE-NOT-AMONG-OBSERVED-ORDERING-ACTIVITIES
cluster-0004	0	N0042121D0018	0.000000	0.000000	0.000000	0	eliminated:OFFICE-NOT-AMONG-OBSERVED-ORDERING-ACTIVITIES
cluster-0004	0	N0042121D0019	0.000000	0.000000	0.000000	0	eliminated:OFFICE-NOT-AMONG-OBSERVED-ORDERING-ACTIVITIES
cluster-0004	0	N0042121D0023	0.000000	0.000000	0.000000	0	eliminated:OFFICE-NOT-AMONG-OBSERVED-ORDERING-ACTIVITIES
cluster-0004	0	N0042121D0033	0.000000	0.000000	0.000000	0	eliminated:OFFICE-NOT-AMONG-OBSERVED-ORDERING-ACTIVITIES
cluster-0004	0	N0042121D0034	0.000000	0.000000	0.000000	0	eliminated:OFFICE-NOT-AMONG-OBSERVED-ORDERING-ACTIVITIES
cluster-0004	0	N0042121D0035	0.000000	0.000000	0.000000	0	eliminated:OFFICE-NOT-AMONG-OBSERVED-ORDERING-ACTIVITIES
cluster-0004	0	N0042121D0037	0.000000	0.000000	0.000000	0	eliminated:OFFICE-NOT-AMONG-OBSERVED-ORDERING-ACTIVITIES
cluster-0004	0	N0042121G0004	0.000000	0.000000	0.000000	0	eliminated:OFFICE-NOT-AMONG-OBSERVED-ORDERING-ACTIVITIES
cluster-0004	0	N0042121G0005	0.000000	0.000000	0.000000	0	eliminated:OFFICE-NOT-AMONG-OBSERVED-ORDERING-ACTIVITIES
cluster-0004	0	N0042122D0001	0.000000	0.000000	0.000000	0	eliminated:OFFICE-NOT-AMONG-OBSERVED-ORDERING-ACTIVITIES
cluster-0004	0	N0042122D0002	0.000000	0.000000	0.000000	0	eliminated:OFFICE-NOT-AMONG-OBSERVED-ORDERING-ACTIVITIES
cluster-0004	0	N0042122D0003	0.000000	0.000000	0.000000	0	eliminated:OFFICE-NOT-AMONG-OBSERVED-ORDERING-ACTIVITIES
cluster-0004	0	N0042122D0005	0.000000	0.000000	0.000000	0	eliminated:OFFICE-NOT-AMONG-OBSERVED-ORDERING-ACTIVITIES
cluster-0004	0	N0042122D0084	0.000000	0.000000	0.000000	0	eliminated:OFFICE-NOT-AMONG-OBSERVED-ORDERING-ACTIVITIES
cluster-0004	0	N0042122D0094	0.000000	0.000000	0.000000	0	eliminated:OFFICE-NOT-AMONG-OBSERVED-ORDERING-ACTIVITIES
cluster-0004	0	N0042122D0096	0.000000	0.000000	0.000000	0	eliminated:OFFICE-NOT-AMONG-OBSERVED-ORDERING-ACTIVITIES
cluster-0004	0	N0042122D0099	0.000000	0.000000	0.000000	0	eliminated:OFFICE-NOT-AMONG-OBSERVED-ORDERING-ACTIVITIES
cluster-0004	0	N0042122D0101	0.000000	0.000000	0.000000	0	eliminated:OFFICE-NOT-AMONG-OBSERVED-ORDERING-ACTIVITIES
cluster-0004	0	N0042122D0103	0.000000	0.000000	0.000000	0	eliminated:OFFICE-NOT-AMONG-OBSERVED-ORDERING-ACTIVITIES
cluster-0004	0	N0042122G0101	0.000000	0.000000	0.000000	0	eliminated:OFFICE-NOT-AMONG-OBSERVED-ORDERING-ACTIVITIES
cluster-0004	0	N0042123D0001	0.000000	0.000000	0.000000	0	eliminated:OFFICE-NOT-AMONG-OBSERVED-ORDERING-ACTIVITIES
cluster-0004	0	N0042123D0005	0.000000	0.000000	0.000000	0	eliminated:OFFICE-NOT-AMONG-OBSERVED-ORDERING-ACTIVITIES
cluster-0004	0	N0042123D0007	0.000000	0.000000	0.000000	0	eliminated:OFFICE-NOT-AMONG-OBSERVED-ORDERING-ACTIVITIES
cluster-0004	0	N0042123D0011	0.000000	0.000000	0.000000	0	eliminated:OFFICE-NOT-AMONG-OBSERVED-ORDERING-ACTIVITIES
cluster-0004	0	N0042123D0019	0.000000	0.000000	0.000000	0	eliminated:OFFICE-NOT-AMONG-OBSERVED-ORDERING-ACTIVITIES
cluster-0004	0	N0042123G0001	0.000000	0.000000	0.000000	0	eliminated:OFFICE-NOT-AMONG-OBSERVED-ORDERING-ACTIVITIES
cluster-0004	0	N0042123G0002	0.000000	0.000000	0.000000	0	eliminated:OFFICE-NOT-AMONG-OBSERVED-ORDERING-ACTIVITIES
cluster-0004	0	N0042123G0004	0.000000	0.000000	0.000000	0	eliminated:OFFICE-NOT-AMONG-OBSERVED-ORDERING-ACTIVITIES
cluster-0004	0	N0042123G0005	0.000000	0.000000	0.000000	0	eliminated:OFFICE-NOT-AMONG-OBSERVED-ORDERING-ACTIVITIES
cluster-0004	0	N0042124A0003	0.000000	0.000000	0.000000	0	eliminated:OFFICE-NOT-AMONG-OBSERVED-ORDERING-ACTIVITIES
cluster-0004	0	N0042124A0004	0.000000	0.000000	0.000000	0	eliminated:OFFICE-NOT-AMONG-OBSERVED-ORDERING-ACTIVITIES
cluster-0004	0	N0042124A0005	0.000000	0.000000	0.000000	0	eliminated:OFFICE-NOT-AMONG-OBSERVED-ORDERING-ACTIVITIES
cluster-0004	0	N0042124D0005	0.000000	0.000000	0.000000	0	eliminated:OFFICE-NOT-AMONG-OBSERVED-ORDERING-ACTIVITIES
cluster-0004	0	N0042124D0006	0.000000	0.000000	0.000000	0	eliminated:OFFICE-NOT-AMONG-OBSERVED-ORDERING-ACTIVITIES
cluster-0004	0	N0042124D0008	0.000000	0.000000	0.000000	0	eliminated:OFFICE-NOT-AMONG-OBSERVED-ORDERING-ACTIVITIES
cluster-0004	0	N0042124D0011	0.000000	0.000000	0.000000	0	eliminated:OFFICE-NOT-AMONG-OBSERVED-ORDERING-ACTIVITIES
cluster-0004	0	N0042124D0012	0.000000	0.000000	0.000000	0	eliminated:OFFICE-NOT-AMONG-OBSERVED-ORDERING-ACTIVITIES
cluster-0004	0	N0042124D0020	0.000000	0.000000	0.000000	0	eliminated:OFFICE-NOT-AMONG-OBSERVED-ORDERING-ACTIVITIES
cluster-0004	0	N0042124D0022	0.000000	0.000000	0.000000	0	eliminated:OFFICE-NOT-AMONG-OBSERVED-ORDERING-ACTIVITIES
cluster-0004	0	N0042124D0071	0.000000	0.000000	0.000000	0	eliminated:OFFICE-NOT-AMONG-OBSERVED-ORDERING-ACTIVITIES
cluster-0004	0	N0042124G0001	0.000000	0.000000	0.000000	0	eliminated:OFFICE-NOT-AMONG-OBSERVED-ORDERING-ACTIVITIES
cluster-0004	0	N0042124G0005	0.000000	0.000000	0.000000	0	eliminated:OFFICE-NOT-AMONG-OBSERVED-ORDERING-ACTIVITIES
cluster-0004	0	N0042125D0301	0.000000	0.000000	0.000000	0	eliminated:OFFICE-NOT-AMONG-OBSERVED-ORDERING-ACTIVITIES
cluster-0004	0	N0042125D0302	0.000000	0.000000	0.000000	0	eliminated:OFFICE-NOT-AMONG-OBSERVED-ORDERING-ACTIVITIES
cluster-0004	0	N0042125D0303	0.000000	0.000000	0.000000	0	eliminated:OFFICE-NOT-AMONG-OBSERVED-ORDERING-ACTIVITIES
cluster-0004	0	N0042125G0003	0.000000	0.000000	0.000000	0	eliminated:OFFICE-NOT-AMONG-OBSERVED-ORDERING-ACTIVITIES
cluster-0004	0	N6134015D0003	0.000000	0.000000	0.000000	0	eliminated:OFFICE-NOT-AMONG-OBSERVED-ORDERING-ACTIVITIES
cluster-0004	0	N6134016D1003	0.000000	0.000000	0.000000	0	eliminated:OFFICE-NOT-AMONG-OBSERVED-ORDERING-ACTIVITIES
cluster-0004	0	N6134016D1005	0.000000	0.000000	0.000000	0	eliminated:OFFICE-NOT-AMONG-OBSERVED-ORDERING-ACTIVITIES
cluster-0004	0	N6134017D0002	0.000000	0.000000	0.000000	0	eliminated:OFFICE-NOT-AMONG-OBSERVED-ORDERING-ACTIVITIES
cluster-0004	0	N6134018D0002	0.000000	0.000000	0.000000	0	eliminated:OFFICE-NOT-AMONG-OBSERVED-ORDERING-ACTIVITIES
cluster-0004	0	N6134018D0004	0.000000	0.000000	0.000000	0	eliminated:OFFICE-NOT-AMONG-OBSERVED-ORDERING-ACTIVITIES
cluster-0004	0	N6134018D0009	0.000000	0.000000	0.000000	0	eliminated:OFFICE-NOT-AMONG-OBSERVED-ORDERING-ACTIVITIES
cluster-0004	0	N6134019D0003	0.000000	0.000000	0.000000	0	eliminated:OFFICE-NOT-AMONG-OBSERVED-ORDERING-ACTIVITIES
cluster-0004	0	N6134019D0906	0.000000	0.000000	0.000000	0	eliminated:OFFICE-NOT-AMONG-OBSERVED-ORDERING-ACTIVITIES
cluster-0004	0	N6134019D1006	0.000000	0.000000	0.000000	0	eliminated:OFFICE-NOT-AMONG-OBSERVED-ORDERING-ACTIVITIES
cluster-0004	0	N6134019D1010	0.000000	0.000000	0.000000	0	eliminated:OFFICE-NOT-AMONG-OBSERVED-ORDERING-ACTIVITIES
cluster-0004	0	N6134019G0002	0.000000	0.000000	0.000000	0	eliminated:OFFICE-NOT-AMONG-OBSERVED-ORDERING-ACTIVITIES
cluster-0004	0	N6134020D0002	0.000000	0.000000	0.000000	0	eliminated:OFFICE-NOT-AMONG-OBSERVED-ORDERING-ACTIVITIES
cluster-0004	0	N6134020D0004	0.000000	0.000000	0.000000	0	eliminated:OFFICE-NOT-AMONG-OBSERVED-ORDERING-ACTIVITIES
cluster-0004	0	N6134020D0008	0.000000	0.000000	0.000000	0	eliminated:OFFICE-NOT-AMONG-OBSERVED-ORDERING-ACTIVITIES
cluster-0004	0	N6134020D0011	0.000000	0.000000	0.000000	0	eliminated:OFFICE-NOT-AMONG-OBSERVED-ORDERING-ACTIVITIES
cluster-0004	0	N6134020D0015	0.000000	0.000000	0.000000	0	eliminated:OFFICE-NOT-AMONG-OBSERVED-ORDERING-ACTIVITIES
cluster-0004	0	N6134020D0019	0.000000	0.000000	0.000000	0	eliminated:OFFICE-NOT-AMONG-OBSERVED-ORDERING-ACTIVITIES
cluster-0004	0	N6134020D0020	0.000000	0.000000	0.000000	0	eliminated:OFFICE-NOT-AMONG-OBSERVED-ORDERING-ACTIVITIES
cluster-0004	0	N6134020D0021	0.000000	0.000000	0.000000	0	eliminated:OFFICE-NOT-AMONG-OBSERVED-ORDERING-ACTIVITIES
cluster-0004	0	N6134020D0024	0.000000	0.000000	0.000000	0	eliminated:OFFICE-NOT-AMONG-OBSERVED-ORDERING-ACTIVITIES
cluster-0004	0	N6134020D0025	0.000000	0.000000	0.000000	0	eliminated:OFFICE-NOT-AMONG-OBSERVED-ORDERING-ACTIVITIES
cluster-0004	0	N6134021D0013	0.000000	0.000000	0.000000	0	eliminated:OFFICE-NOT-AMONG-OBSERVED-ORDERING-ACTIVITIES
cluster-0004	0	N6134021D0015	0.000000	0.000000	0.000000	0	eliminated:OFFICE-NOT-AMONG-OBSERVED-ORDERING-ACTIVITIES
cluster-0004	0	N6134021D0016	0.000000	0.000000	0.000000	0	eliminated:OFFICE-NOT-AMONG-OBSERVED-ORDERING-ACTIVITIES
cluster-0004	0	N6134021D0017	0.000000	0.000000	0.000000	0	eliminated:OFFICE-NOT-AMONG-OBSERVED-ORDERING-ACTIVITIES
cluster-0004	0	N6134022D0002	0.000000	0.000000	0.000000	0	eliminated:OFFICE-NOT-AMONG-OBSERVED-ORDERING-ACTIVITIES
cluster-0004	0	N6134022D0004	0.000000	0.000000	0.000000	0	eliminated:OFFICE-NOT-AMONG-OBSERVED-ORDERING-ACTIVITIES
cluster-0004	0	N6134022D0006	0.000000	0.000000	0.000000	0	eliminated:OFFICE-NOT-AMONG-OBSERVED-ORDERING-ACTIVITIES
cluster-0004	0	N6134022D0008	0.000000	0.000000	0.000000	0	eliminated:OFFICE-NOT-AMONG-OBSERVED-ORDERING-ACTIVITIES
cluster-0004	0	N6134023D0001	0.000000	0.000000	0.000000	0	eliminated:OFFICE-NOT-AMONG-OBSERVED-ORDERING-ACTIVITIES
cluster-0004	0	N6134023D0003	0.000000	0.000000	0.000000	0	eliminated:OFFICE-NOT-AMONG-OBSERVED-ORDERING-ACTIVITIES
cluster-0004	0	N6134023D0004	0.000000	0.000000	0.000000	0	eliminated:OFFICE-NOT-AMONG-OBSERVED-ORDERING-ACTIVITIES
cluster-0004	0	N6134023D0008	0.000000	0.000000	0.000000	0	eliminated:OFFICE-NOT-AMONG-OBSERVED-ORDERING-ACTIVITIES
cluster-0004	0	N6134024D0001	0.000000	0.000000	0.000000	0	eliminated:OFFICE-NOT-AMONG-OBSERVED-ORDERING-ACTIVITIES
cluster-0004	0	N6134024D0006	0.000000	0.000000	0.000000	0	eliminated:OFFICE-NOT-AMONG-OBSERVED-ORDERING-ACTIVITIES
cluster-0004	0	N6134024D0013	0.000000	0.000000	0.000000	0	eliminated:OFFICE-NOT-AMONG-OBSERVED-ORDERING-ACTIVITIES
cluster-0004	0	N6134025D0005	0.000000	0.000000	0.000000	0	eliminated:OFFICE-NOT-AMONG-OBSERVED-ORDERING-ACTIVITIES
cluster-0004	0	N6134025D0006	0.000000	0.000000	0.000000	0	eliminated:OFFICE-NOT-AMONG-OBSERVED-ORDERING-ACTIVITIES
cluster-0004	0	N6833515D0026	0.000000	0.000000	0.000000	0	eliminated:OFFICE-NOT-AMONG-OBSERVED-ORDERING-ACTIVITIES
cluster-0004	0	N6833515G0022	0.000000	0.000000	0.000000	0	eliminated:OFFICE-NOT-AMONG-OBSERVED-ORDERING-ACTIVITIES
cluster-0004	0	N6833516D0013	0.000000	0.000000	0.000000	0	eliminated:OFFICE-NOT-AMONG-OBSERVED-ORDERING-ACTIVITIES
cluster-0004	0	N6833516D0020	0.000000	0.000000	0.000000	0	eliminated:OFFICE-NOT-AMONG-OBSERVED-ORDERING-ACTIVITIES
cluster-0004	0	N6833517D0021	0.000000	0.000000	0.000000	0	eliminated:OFFICE-NOT-AMONG-OBSERVED-ORDERING-ACTIVITIES
cluster-0004	0	N6833518D0031	0.000000	0.000000	0.000000	0	eliminated:OFFICE-NOT-AMONG-OBSERVED-ORDERING-ACTIVITIES
cluster-0004	0	N6833518G0014	0.000000	0.000000	0.000000	0	eliminated:OFFICE-NOT-AMONG-OBSERVED-ORDERING-ACTIVITIES
cluster-0004	0	N6833519D0082	0.000000	0.000000	0.000000	0	eliminated:OFFICE-NOT-AMONG-OBSERVED-ORDERING-ACTIVITIES
cluster-0004	0	N6833519D0135	0.000000	0.000000	0.000000	0	eliminated:OFFICE-NOT-AMONG-OBSERVED-ORDERING-ACTIVITIES
cluster-0004	0	N6833519G0013	0.000000	0.000000	0.000000	0	eliminated:OFFICE-NOT-AMONG-OBSERVED-ORDERING-ACTIVITIES
cluster-0004	0	N6833519G0041	0.000000	0.000000	0.000000	0	eliminated:OFFICE-NOT-AMONG-OBSERVED-ORDERING-ACTIVITIES
cluster-0004	0	N6833519G0050	0.000000	0.000000	0.000000	0	eliminated:OFFICE-NOT-AMONG-OBSERVED-ORDERING-ACTIVITIES
cluster-0004	0	N6833519G0059	0.000000	0.000000	0.000000	0	eliminated:OFFICE-NOT-AMONG-OBSERVED-ORDERING-ACTIVITIES
cluster-0004	0	N6833520D0022	0.000000	0.000000	0.000000	0	eliminated:OFFICE-NOT-AMONG-OBSERVED-ORDERING-ACTIVITIES
cluster-0004	0	N6833520D0032	0.000000	0.000000	0.000000	0	eliminated:OFFICE-NOT-AMONG-OBSERVED-ORDERING-ACTIVITIES
cluster-0004	0	N6833520D0048	0.000000	0.000000	0.000000	0	eliminated:OFFICE-NOT-AMONG-OBSERVED-ORDERING-ACTIVITIES
cluster-0004	0	N6833520D0935	0.000000	0.000000	0.000000	0	eliminated:OFFICE-NOT-AMONG-OBSERVED-ORDERING-ACTIVITIES
cluster-0004	0	N6833520G0002	0.000000	0.000000	0.000000	0	eliminated:OFFICE-NOT-AMONG-OBSERVED-ORDERING-ACTIVITIES
cluster-0004	0	N6833520G1048	0.000000	0.000000	0.000000	0	eliminated:OFFICE-NOT-AMONG-OBSERVED-ORDERING-ACTIVITIES
cluster-0004	0	N6833520G3036	0.000000	0.000000	0.000000	0	eliminated:OFFICE-NOT-AMONG-OBSERVED-ORDERING-ACTIVITIES
cluster-0004	0	N6833521D0045	0.000000	0.000000	0.000000	0	eliminated:OFFICE-NOT-AMONG-OBSERVED-ORDERING-ACTIVITIES
cluster-0004	0	N6833521D0046	0.000000	0.000000	0.000000	0	eliminated:OFFICE-NOT-AMONG-OBSERVED-ORDERING-ACTIVITIES
cluster-0004	0	N6833521D0048	0.000000	0.000000	0.000000	0	eliminated:OFFICE-NOT-AMONG-OBSERVED-ORDERING-ACTIVITIES
cluster-0004	0	N6833521D0049	0.000000	0.000000	0.000000	0	eliminated:OFFICE-NOT-AMONG-OBSERVED-ORDERING-ACTIVITIES
cluster-0004	0	N6833521D0053	0.000000	0.000000	0.000000	0	eliminated:OFFICE-NOT-AMONG-OBSERVED-ORDERING-ACTIVITIES
cluster-0004	0	N6833521D0064	0.000000	0.000000	0.000000	0	eliminated:OFFICE-NOT-AMONG-OBSERVED-ORDERING-ACTIVITIES
cluster-0004	0	N6833521D0214	0.000000	0.000000	0.000000	0	eliminated:OFFICE-NOT-AMONG-OBSERVED-ORDERING-ACTIVITIES
cluster-0004	0	N6833521D0225	0.000000	0.000000	0.000000	0	eliminated:OFFICE-NOT-AMONG-OBSERVED-ORDERING-ACTIVITIES
cluster-0004	0	N6833521D0227	0.000000	0.000000	0.000000	0	eliminated:OFFICE-NOT-AMONG-OBSERVED-ORDERING-ACTIVITIES
cluster-0004	0	N6833521D0229	0.000000	0.000000	0.000000	0	eliminated:OFFICE-NOT-AMONG-OBSERVED-ORDERING-ACTIVITIES
cluster-0004	0	N6833521G0020	0.000000	0.000000	0.000000	0	eliminated:OFFICE-NOT-AMONG-OBSERVED-ORDERING-ACTIVITIES
cluster-0004	0	N6833521G0021	0.000000	0.000000	0.000000	0	eliminated:OFFICE-NOT-AMONG-OBSERVED-ORDERING-ACTIVITIES
cluster-0004	0	N6833522A0017	0.000000	0.000000	0.000000	0	eliminated:OFFICE-NOT-AMONG-OBSERVED-ORDERING-ACTIVITIES
cluster-0004	0	N6833522A0027	0.000000	0.000000	0.000000	0	eliminated:OFFICE-NOT-AMONG-OBSERVED-ORDERING-ACTIVITIES
cluster-0004	0	N6833522A0029	0.000000	0.000000	0.000000	0	eliminated:OFFICE-NOT-AMONG-OBSERVED-ORDERING-ACTIVITIES
cluster-0004	0	N6833522A0032	0.000000	0.000000	0.000000	0	eliminated:OFFICE-NOT-AMONG-OBSERVED-ORDERING-ACTIVITIES
cluster-0004	0	N6833522A0035	0.000000	0.000000	0.000000	0	eliminated:OFFICE-NOT-AMONG-OBSERVED-ORDERING-ACTIVITIES
cluster-0004	0	N6833522D0004	0.000000	0.000000	0.000000	0	eliminated:OFFICE-NOT-AMONG-OBSERVED-ORDERING-ACTIVITIES
cluster-0004	0	N6833522D0005	0.000000	0.000000	0.000000	0	eliminated:OFFICE-NOT-AMONG-OBSERVED-ORDERING-ACTIVITIES
cluster-0004	0	N6833522D0008	0.000000	0.000000	0.000000	0	eliminated:OFFICE-NOT-AMONG-OBSERVED-ORDERING-ACTIVITIES
cluster-0004	0	N6833522D0012	0.000000	0.000000	0.000000	0	eliminated:OFFICE-NOT-AMONG-OBSERVED-ORDERING-ACTIVITIES
cluster-0004	0	N6833522D0013	0.000000	0.000000	0.000000	0	eliminated:OFFICE-NOT-AMONG-OBSERVED-ORDERING-ACTIVITIES
cluster-0004	0	N6833522D0017	0.000000	0.000000	0.000000	0	eliminated:OFFICE-NOT-AMONG-OBSERVED-ORDERING-ACTIVITIES
cluster-0004	0	N6833522D0022	0.000000	0.000000	0.000000	0	eliminated:OFFICE-NOT-AMONG-OBSERVED-ORDERING-ACTIVITIES
cluster-0004	0	N6833522D0037	0.000000	0.000000	0.000000	0	eliminated:OFFICE-NOT-AMONG-OBSERVED-ORDERING-ACTIVITIES
cluster-0004	0	N6833522D0039	0.000000	0.000000	0.000000	0	eliminated:OFFICE-NOT-AMONG-OBSERVED-ORDERING-ACTIVITIES
cluster-0004	0	N6833522G0010	0.000000	0.000000	0.000000	0	eliminated:OFFICE-NOT-AMONG-OBSERVED-ORDERING-ACTIVITIES
cluster-0004	0	N6833522G0029	0.000000	0.000000	0.000000	0	eliminated:OFFICE-NOT-AMONG-OBSERVED-ORDERING-ACTIVITIES
cluster-0004	0	N6833522G0035	0.000000	0.000000	0.000000	0	eliminated:OFFICE-NOT-AMONG-OBSERVED-ORDERING-ACTIVITIES
cluster-0004	0	N6833522G0036	0.000000	0.000000	0.000000	0	eliminated:OFFICE-NOT-AMONG-OBSERVED-ORDERING-ACTIVITIES
cluster-0004	0	N6833522G0041	0.000000	0.000000	0.000000	0	eliminated:OFFICE-NOT-AMONG-OBSERVED-ORDERING-ACTIVITIES
cluster-0004	0	N6833523A0016	0.000000	0.000000	0.000000	0	eliminated:OFFICE-NOT-AMONG-OBSERVED-ORDERING-ACTIVITIES
cluster-0004	0	N6833523A0018	0.000000	0.000000	0.000000	0	eliminated:OFFICE-NOT-AMONG-OBSERVED-ORDERING-ACTIVITIES
cluster-0004	0	N6833523A0020	0.000000	0.000000	0.000000	0	eliminated:OFFICE-NOT-AMONG-OBSERVED-ORDERING-ACTIVITIES
cluster-0004	0	N6833523A0021	0.000000	0.000000	0.000000	0	eliminated:OFFICE-NOT-AMONG-OBSERVED-ORDERING-ACTIVITIES
cluster-0004	0	N6833523A0025	0.000000	0.000000	0.000000	0	eliminated:OFFICE-NOT-AMONG-OBSERVED-ORDERING-ACTIVITIES
cluster-0004	0	N6833523A0027	0.000000	0.000000	0.000000	0	eliminated:OFFICE-NOT-AMONG-OBSERVED-ORDERING-ACTIVITIES
cluster-0004	0	N6833523A0028	0.000000	0.000000	0.000000	0	eliminated:OFFICE-NOT-AMONG-OBSERVED-ORDERING-ACTIVITIES
cluster-0004	0	N6833523A0029	0.000000	0.000000	0.000000	0	eliminated:OFFICE-NOT-AMONG-OBSERVED-ORDERING-ACTIVITIES
cluster-0004	0	N6833523A0030	0.000000	0.000000	0.000000	0	eliminated:OFFICE-NOT-AMONG-OBSERVED-ORDERING-ACTIVITIES
cluster-0004	0	N6833523A0038	0.000000	0.000000	0.000000	0	eliminated:OFFICE-NOT-AMONG-OBSERVED-ORDERING-ACTIVITIES
cluster-0004	0	N6833523A0040	0.000000	0.000000	0.000000	0	eliminated:OFFICE-NOT-AMONG-OBSERVED-ORDERING-ACTIVITIES
cluster-0004	0	N6833523A0041	0.000000	0.000000	0.000000	0	eliminated:OFFICE-NOT-AMONG-OBSERVED-ORDERING-ACTIVITIES
cluster-0004	0	N6833523A0043	0.000000	0.000000	0.000000	0	eliminated:OFFICE-NOT-AMONG-OBSERVED-ORDERING-ACTIVITIES
cluster-0004	0	N6833523A0049	0.000000	0.000000	0.000000	0	eliminated:OFFICE-NOT-AMONG-OBSERVED-ORDERING-ACTIVITIES
cluster-0004	0	N6833523A0051	0.000000	0.000000	0.000000	0	eliminated:OFFICE-NOT-AMONG-OBSERVED-ORDERING-ACTIVITIES
cluster-0004	0	N6833523A0059	0.000000	0.000000	0.000000	0	eliminated:OFFICE-NOT-AMONG-OBSERVED-ORDERING-ACTIVITIES
cluster-0004	0	N6833523A0062	0.000000	0.000000	0.000000	0	eliminated:OFFICE-NOT-AMONG-OBSERVED-ORDERING-ACTIVITIES
cluster-0004	0	N6833523A0120	0.000000	0.000000	0.000000	0	eliminated:OFFICE-NOT-AMONG-OBSERVED-ORDERING-ACTIVITIES
cluster-0004	0	N6833523A0134	0.000000	0.000000	0.000000	0	eliminated:OFFICE-NOT-AMONG-OBSERVED-ORDERING-ACTIVITIES
cluster-0004	0	N6833523A0151	0.000000	0.000000	0.000000	0	eliminated:OFFICE-NOT-AMONG-OBSERVED-ORDERING-ACTIVITIES
cluster-0004	0	N6833523A0153	0.000000	0.000000	0.000000	0	eliminated:OFFICE-NOT-AMONG-OBSERVED-ORDERING-ACTIVITIES
cluster-0004	0	N6833523A0167	0.000000	0.000000	0.000000	0	eliminated:OFFICE-NOT-AMONG-OBSERVED-ORDERING-ACTIVITIES
cluster-0004	0	N6833523A0194	0.000000	0.000000	0.000000	0	eliminated:OFFICE-NOT-AMONG-OBSERVED-ORDERING-ACTIVITIES
cluster-0004	0	N6833523D0001	0.000000	0.000000	0.000000	0	eliminated:OFFICE-NOT-AMONG-OBSERVED-ORDERING-ACTIVITIES
cluster-0004	0	N6833523D0003	0.000000	0.000000	0.000000	0	eliminated:OFFICE-NOT-AMONG-OBSERVED-ORDERING-ACTIVITIES
cluster-0004	0	N6833523D0004	0.000000	0.000000	0.000000	0	eliminated:OFFICE-NOT-AMONG-OBSERVED-ORDERING-ACTIVITIES
cluster-0004	0	N6833523D0010	0.000000	0.000000	0.000000	0	eliminated:OFFICE-NOT-AMONG-OBSERVED-ORDERING-ACTIVITIES
cluster-0004	0	N6833523D0017	0.000000	0.000000	0.000000	0	eliminated:OFFICE-NOT-AMONG-OBSERVED-ORDERING-ACTIVITIES
cluster-0004	0	N6833523D0025	0.000000	0.000000	0.000000	0	eliminated:OFFICE-NOT-AMONG-OBSERVED-ORDERING-ACTIVITIES
cluster-0004	0	N6833523D0029	0.000000	0.000000	0.000000	0	eliminated:OFFICE-NOT-AMONG-OBSERVED-ORDERING-ACTIVITIES
cluster-0004	0	N6833523D0035	0.000000	0.000000	0.000000	0	eliminated:OFFICE-NOT-AMONG-OBSERVED-ORDERING-ACTIVITIES
cluster-0004	0	N6833523D0046	0.000000	0.000000	0.000000	0	eliminated:OFFICE-NOT-AMONG-OBSERVED-ORDERING-ACTIVITIES
cluster-0004	0	N6833523G0001	0.000000	0.000000	0.000000	0	eliminated:OFFICE-NOT-AMONG-OBSERVED-ORDERING-ACTIVITIES
cluster-0004	0	N6833523G0004	0.000000	0.000000	0.000000	0	eliminated:OFFICE-NOT-AMONG-OBSERVED-ORDERING-ACTIVITIES
cluster-0004	0	N6833524A0002	0.000000	0.000000	0.000000	0	eliminated:OFFICE-NOT-AMONG-OBSERVED-ORDERING-ACTIVITIES
cluster-0004	0	N6833524A0007	0.000000	0.000000	0.000000	0	eliminated:OFFICE-NOT-AMONG-OBSERVED-ORDERING-ACTIVITIES
cluster-0004	0	N6833524A0016	0.000000	0.000000	0.000000	0	eliminated:OFFICE-NOT-AMONG-OBSERVED-ORDERING-ACTIVITIES
cluster-0004	0	N6833524A0026	0.000000	0.000000	0.000000	0	eliminated:OFFICE-NOT-AMONG-OBSERVED-ORDERING-ACTIVITIES
cluster-0004	0	N6833524A0032	0.000000	0.000000	0.000000	0	eliminated:OFFICE-NOT-AMONG-OBSERVED-ORDERING-ACTIVITIES
cluster-0004	0	N6833524A0033	0.000000	0.000000	0.000000	0	eliminated:OFFICE-NOT-AMONG-OBSERVED-ORDERING-ACTIVITIES
cluster-0004	0	N6833524A0040	0.000000	0.000000	0.000000	0	eliminated:OFFICE-NOT-AMONG-OBSERVED-ORDERING-ACTIVITIES
cluster-0004	0	N6833524D0002	0.000000	0.000000	0.000000	0	eliminated:OFFICE-NOT-AMONG-OBSERVED-ORDERING-ACTIVITIES
cluster-0004	0	N6833524D0003	0.000000	0.000000	0.000000	0	eliminated:OFFICE-NOT-AMONG-OBSERVED-ORDERING-ACTIVITIES
cluster-0004	0	N6833524D0009	0.000000	0.000000	0.000000	0	eliminated:OFFICE-NOT-AMONG-OBSERVED-ORDERING-ACTIVITIES
cluster-0004	0	N6833524D0010	0.000000	0.000000	0.000000	0	eliminated:OFFICE-NOT-AMONG-OBSERVED-ORDERING-ACTIVITIES
cluster-0004	0	N6833524D0018	0.000000	0.000000	0.000000	0	eliminated:OFFICE-NOT-AMONG-OBSERVED-ORDERING-ACTIVITIES
cluster-0004	0	N6833524D0019	0.000000	0.000000	0.000000	0	eliminated:OFFICE-NOT-AMONG-OBSERVED-ORDERING-ACTIVITIES
cluster-0004	0	N6833524D0020	0.000000	0.000000	0.000000	0	eliminated:OFFICE-NOT-AMONG-OBSERVED-ORDERING-ACTIVITIES
cluster-0004	0	N6833524D0021	0.000000	0.000000	0.000000	0	eliminated:OFFICE-NOT-AMONG-OBSERVED-ORDERING-ACTIVITIES
cluster-0004	0	N6833524D0023	0.000000	0.000000	0.000000	0	eliminated:OFFICE-NOT-AMONG-OBSERVED-ORDERING-ACTIVITIES
cluster-0004	0	N6833524G0007	0.000000	0.000000	0.000000	0	eliminated:OFFICE-NOT-AMONG-OBSERVED-ORDERING-ACTIVITIES
cluster-0004	0	N6833524G0009	0.000000	0.000000	0.000000	0	eliminated:OFFICE-NOT-AMONG-OBSERVED-ORDERING-ACTIVITIES
cluster-0004	0	N6833524G0021	0.000000	0.000000	0.000000	0	eliminated:OFFICE-NOT-AMONG-OBSERVED-ORDERING-ACTIVITIES
cluster-0004	0	N6833524G0028	0.000000	0.000000	0.000000	0	eliminated:OFFICE-NOT-AMONG-OBSERVED-ORDERING-ACTIVITIES
cluster-0004	0	N6833524G0038	0.000000	0.000000	0.000000	0	eliminated:OFFICE-NOT-AMONG-OBSERVED-ORDERING-ACTIVITIES
cluster-0004	0	N6833525A0007	0.000000	0.000000	0.000000	0	eliminated:OFFICE-NOT-AMONG-OBSERVED-ORDERING-ACTIVITIES
cluster-0004	0	N6833525A0008	0.000000	0.000000	0.000000	0	eliminated:OFFICE-NOT-AMONG-OBSERVED-ORDERING-ACTIVITIES
cluster-0004	0	N6833525A0038	0.000000	0.000000	0.000000	0	eliminated:OFFICE-NOT-AMONG-OBSERVED-ORDERING-ACTIVITIES
cluster-0004	0	N6833525D0001	0.000000	0.000000	0.000000	0	eliminated:OFFICE-NOT-AMONG-OBSERVED-ORDERING-ACTIVITIES
cluster-0004	0	N6833525D0004	0.000000	0.000000	0.000000	0	eliminated:OFFICE-NOT-AMONG-OBSERVED-ORDERING-ACTIVITIES
cluster-0004	0	N6833525D0005	0.000000	0.000000	0.000000	0	eliminated:OFFICE-NOT-AMONG-OBSERVED-ORDERING-ACTIVITIES
cluster-0004	0	N6833525D0010	0.000000	0.000000	0.000000	0	eliminated:OFFICE-NOT-AMONG-OBSERVED-ORDERING-ACTIVITIES
cluster-0004	0	N6852020D0012	0.000000	0.000000	0.000000	0	eliminated:OFFICE-NOT-AMONG-OBSERVED-ORDERING-ACTIVITIES
cluster-0004	0	N6852021D0002	0.000000	0.000000	0.000000	0	eliminated:OFFICE-NOT-AMONG-OBSERVED-ORDERING-ACTIVITIES
cluster-0004	0	N6852021D0004	0.000000	0.000000	0.000000	0	eliminated:OFFICE-NOT-AMONG-OBSERVED-ORDERING-ACTIVITIES
cluster-0004	0	N6852021D0005	0.000000	0.000000	0.000000	0	eliminated:OFFICE-NOT-AMONG-OBSERVED-ORDERING-ACTIVITIES
cluster-0004	0	N6852021D0006	0.000000	0.000000	0.000000	0	eliminated:OFFICE-NOT-AMONG-OBSERVED-ORDERING-ACTIVITIES
cluster-0004	0	N6852022D0003	0.000000	0.000000	0.000000	0	eliminated:OFFICE-NOT-AMONG-OBSERVED-ORDERING-ACTIVITIES
cluster-0004	0	N6852023D0001	0.000000	0.000000	0.000000	0	eliminated:OFFICE-NOT-AMONG-OBSERVED-ORDERING-ACTIVITIES
cluster-0004	0	N6852023D0011	0.000000	0.000000	0.000000	0	eliminated:OFFICE-NOT-AMONG-OBSERVED-ORDERING-ACTIVITIES
cluster-0004	0	N6852023D0012	0.000000	0.000000	0.000000	0	eliminated:OFFICE-NOT-AMONG-OBSERVED-ORDERING-ACTIVITIES
cluster-0004	0	N6852023D0013	0.000000	0.000000	0.000000	0	eliminated:OFFICE-NOT-AMONG-OBSERVED-ORDERING-ACTIVITIES
cluster-0004	0	N6852023D0014	0.000000	0.000000	0.000000	0	eliminated:OFFICE-NOT-AMONG-OBSERVED-ORDERING-ACTIVITIES
cluster-0004	0	N6852023D0111	0.000000	0.000000	0.000000	0	eliminated:OFFICE-NOT-AMONG-OBSERVED-ORDERING-ACTIVITIES
cluster-0004	0	N6852024A0004	0.000000	0.000000	0.000000	0	eliminated:OFFICE-NOT-AMONG-OBSERVED-ORDERING-ACTIVITIES
cluster-0004	0	N6852025D0001	0.000000	0.000000	0.000000	0	eliminated:OFFICE-NOT-AMONG-OBSERVED-ORDERING-ACTIVITIES
cluster-0004	0	N6883621A0003	0.000000	0.000000	0.000000	0	eliminated:OFFICE-NOT-AMONG-OBSERVED-ORDERING-ACTIVITIES
cluster-0004	0	N6893614D0008	0.000000	0.000000	0.000000	0	eliminated:OFFICE-NOT-AMONG-OBSERVED-ORDERING-ACTIVITIES
cluster-0004	0	N6893615D0015	0.000000	0.000000	0.000000	0	eliminated:OFFICE-NOT-AMONG-OBSERVED-ORDERING-ACTIVITIES
cluster-0004	0	N6893616D0016	0.000000	0.000000	0.000000	0	eliminated:OFFICE-NOT-AMONG-OBSERVED-ORDERING-ACTIVITIES
cluster-0004	0	N6893616D0018	0.000000	0.000000	0.000000	0	eliminated:OFFICE-NOT-AMONG-OBSERVED-ORDERING-ACTIVITIES
cluster-0004	0	N6893617D0010	0.000000	0.000000	0.000000	0	eliminated:OFFICE-NOT-AMONG-OBSERVED-ORDERING-ACTIVITIES
cluster-0004	0	N6893618D0006	0.000000	0.000000	0.000000	0	eliminated:OFFICE-NOT-AMONG-OBSERVED-ORDERING-ACTIVITIES
cluster-0004	0	N6893618D0012	0.000000	0.000000	0.000000	0	eliminated:OFFICE-NOT-AMONG-OBSERVED-ORDERING-ACTIVITIES
cluster-0004	0	N6893618D0014	0.000000	0.000000	0.000000	0	eliminated:OFFICE-NOT-AMONG-OBSERVED-ORDERING-ACTIVITIES
cluster-0004	0	N6893618D0015	0.000000	0.000000	0.000000	0	eliminated:OFFICE-NOT-AMONG-OBSERVED-ORDERING-ACTIVITIES
cluster-0004	0	N6893618D0026	0.000000	0.000000	0.000000	0	eliminated:OFFICE-NOT-AMONG-OBSERVED-ORDERING-ACTIVITIES
cluster-0004	0	N6893618D0029	0.000000	0.000000	0.000000	0	eliminated:OFFICE-NOT-AMONG-OBSERVED-ORDERING-ACTIVITIES
cluster-0004	0	N6893618D0036	0.000000	0.000000	0.000000	0	eliminated:OFFICE-NOT-AMONG-OBSERVED-ORDERING-ACTIVITIES
cluster-0004	0	N6893619D0001	0.000000	0.000000	0.000000	0	eliminated:OFFICE-NOT-AMONG-OBSERVED-ORDERING-ACTIVITIES
cluster-0004	0	N6893619D0007	0.000000	0.000000	0.000000	0	eliminated:OFFICE-NOT-AMONG-OBSERVED-ORDERING-ACTIVITIES
cluster-0004	0	N6893619D0008	0.000000	0.000000	0.000000	0	eliminated:OFFICE-NOT-AMONG-OBSERVED-ORDERING-ACTIVITIES
cluster-0004	0	N6893619D0017	0.000000	0.000000	0.000000	0	eliminated:OFFICE-NOT-AMONG-OBSERVED-ORDERING-ACTIVITIES
cluster-0004	0	N6893619D0020	0.000000	0.000000	0.000000	0	eliminated:OFFICE-NOT-AMONG-OBSERVED-ORDERING-ACTIVITIES
cluster-0004	0	N6893619D0027	0.000000	0.000000	0.000000	0	eliminated:OFFICE-NOT-AMONG-OBSERVED-ORDERING-ACTIVITIES
cluster-0004	0	N6893619D0035	0.000000	0.000000	0.000000	0	eliminated:OFFICE-NOT-AMONG-OBSERVED-ORDERING-ACTIVITIES
cluster-0004	0	N6893619D0048	0.000000	0.000000	0.000000	0	eliminated:OFFICE-NOT-AMONG-OBSERVED-ORDERING-ACTIVITIES
cluster-0004	0	N6893620D0001	0.000000	0.000000	0.000000	0	eliminated:OFFICE-NOT-AMONG-OBSERVED-ORDERING-ACTIVITIES
cluster-0004	0	N6893620D0005	0.000000	0.000000	0.000000	0	eliminated:OFFICE-NOT-AMONG-OBSERVED-ORDERING-ACTIVITIES
cluster-0004	0	N6893620D0007	0.000000	0.000000	0.000000	0	eliminated:OFFICE-NOT-AMONG-OBSERVED-ORDERING-ACTIVITIES
cluster-0004	0	N6893620D0014	0.000000	0.000000	0.000000	0	eliminated:OFFICE-NOT-AMONG-OBSERVED-ORDERING-ACTIVITIES
cluster-0004	0	N6893620D0015	0.000000	0.000000	0.000000	0	eliminated:OFFICE-NOT-AMONG-OBSERVED-ORDERING-ACTIVITIES
cluster-0004	0	N6893620D0016	0.000000	0.000000	0.000000	0	eliminated:OFFICE-NOT-AMONG-OBSERVED-ORDERING-ACTIVITIES
cluster-0004	0	N6893620D0018	0.000000	0.000000	0.000000	0	eliminated:OFFICE-NOT-AMONG-OBSERVED-ORDERING-ACTIVITIES
cluster-0004	0	N6893620D0024	0.000000	0.000000	0.000000	0	eliminated:OFFICE-NOT-AMONG-OBSERVED-ORDERING-ACTIVITIES
cluster-0004	0	N6893620D0033	0.000000	0.000000	0.000000	0	eliminated:OFFICE-NOT-AMONG-OBSERVED-ORDERING-ACTIVITIES
cluster-0004	0	N6893621D0001	0.000000	0.000000	0.000000	0	eliminated:OFFICE-NOT-AMONG-OBSERVED-ORDERING-ACTIVITIES
cluster-0004	0	N6893621D0007	0.000000	0.000000	0.000000	0	eliminated:OFFICE-NOT-AMONG-OBSERVED-ORDERING-ACTIVITIES
cluster-0004	0	N6893621D0009	0.000000	0.000000	0.000000	0	eliminated:OFFICE-NOT-AMONG-OBSERVED-ORDERING-ACTIVITIES
cluster-0004	0	N6893621D0010	0.000000	0.000000	0.000000	0	eliminated:OFFICE-NOT-AMONG-OBSERVED-ORDERING-ACTIVITIES
cluster-0004	0	N6893621D0011	0.000000	0.000000	0.000000	0	eliminated:OFFICE-NOT-AMONG-OBSERVED-ORDERING-ACTIVITIES
cluster-0004	0	N6893621D0016	0.000000	0.000000	0.000000	0	eliminated:OFFICE-NOT-AMONG-OBSERVED-ORDERING-ACTIVITIES
cluster-0004	0	N6893621D0017	0.000000	0.000000	0.000000	0	eliminated:OFFICE-NOT-AMONG-OBSERVED-ORDERING-ACTIVITIES
cluster-0004	0	N6893621D0024	0.000000	0.000000	0.000000	0	eliminated:OFFICE-NOT-AMONG-OBSERVED-ORDERING-ACTIVITIES
cluster-0004	0	N6893621D0026	0.000000	0.000000	0.000000	0	eliminated:OFFICE-NOT-AMONG-OBSERVED-ORDERING-ACTIVITIES
cluster-0004	0	N6893621D0043	0.000000	0.000000	0.000000	0	eliminated:OFFICE-NOT-AMONG-OBSERVED-ORDERING-ACTIVITIES
cluster-0004	0	N6893621D0044	0.000000	0.000000	0.000000	0	eliminated:OFFICE-NOT-AMONG-OBSERVED-ORDERING-ACTIVITIES
cluster-0004	0	N6893621D0045	0.000000	0.000000	0.000000	0	eliminated:OFFICE-NOT-AMONG-OBSERVED-ORDERING-ACTIVITIES
cluster-0004	0	N6893621D0046	0.000000	0.000000	0.000000	0	eliminated:OFFICE-NOT-AMONG-OBSERVED-ORDERING-ACTIVITIES
cluster-0004	0	N6893621D0051	0.000000	0.000000	0.000000	0	eliminated:OFFICE-NOT-AMONG-OBSERVED-ORDERING-ACTIVITIES
cluster-0004	0	N6893622D0002	0.000000	0.000000	0.000000	0	eliminated:OFFICE-NOT-AMONG-OBSERVED-ORDERING-ACTIVITIES
cluster-0004	0	N6893622D0004	0.000000	0.000000	0.000000	0	eliminated:OFFICE-NOT-AMONG-OBSERVED-ORDERING-ACTIVITIES
cluster-0004	0	N6893622D0007	0.000000	0.000000	0.000000	0	eliminated:OFFICE-NOT-AMONG-OBSERVED-ORDERING-ACTIVITIES
cluster-0004	0	N6893622D0008	0.000000	0.000000	0.000000	0	eliminated:OFFICE-NOT-AMONG-OBSERVED-ORDERING-ACTIVITIES
cluster-0004	0	N6893622D0009	0.000000	0.000000	0.000000	0	eliminated:OFFICE-NOT-AMONG-OBSERVED-ORDERING-ACTIVITIES
cluster-0004	0	N6893622D0010	0.000000	0.000000	0.000000	0	eliminated:OFFICE-NOT-AMONG-OBSERVED-ORDERING-ACTIVITIES
cluster-0004	0	N6893622D0011	0.000000	0.000000	0.000000	0	eliminated:OFFICE-NOT-AMONG-OBSERVED-ORDERING-ACTIVITIES
cluster-0004	0	N6893622D0014	0.000000	0.000000	0.000000	0	eliminated:OFFICE-NOT-AMONG-OBSERVED-ORDERING-ACTIVITIES
cluster-0004	0	N6893622D0015	0.000000	0.000000	0.000000	0	eliminated:OFFICE-NOT-AMONG-OBSERVED-ORDERING-ACTIVITIES
cluster-0004	0	N6893622D0017	0.000000	0.000000	0.000000	0	eliminated:OFFICE-NOT-AMONG-OBSERVED-ORDERING-ACTIVITIES
cluster-0004	0	N6893622D0018	0.000000	0.000000	0.000000	0	eliminated:OFFICE-NOT-AMONG-OBSERVED-ORDERING-ACTIVITIES
cluster-0004	0	N6893622D0021	0.000000	0.000000	0.000000	0	eliminated:OFFICE-NOT-AMONG-OBSERVED-ORDERING-ACTIVITIES
cluster-0004	0	N6893622D0024	0.000000	0.000000	0.000000	0	eliminated:OFFICE-NOT-AMONG-OBSERVED-ORDERING-ACTIVITIES
cluster-0004	0	N6893622D0025	0.000000	0.000000	0.000000	0	eliminated:OFFICE-NOT-AMONG-OBSERVED-ORDERING-ACTIVITIES
cluster-0004	0	N6893622D0026	0.000000	0.000000	0.000000	0	eliminated:OFFICE-NOT-AMONG-OBSERVED-ORDERING-ACTIVITIES
cluster-0004	0	N6893622D0027	0.000000	0.000000	0.000000	0	eliminated:OFFICE-NOT-AMONG-OBSERVED-ORDERING-ACTIVITIES
cluster-0004	0	N6893622D0028	0.000000	0.000000	0.000000	0	eliminated:OFFICE-NOT-AMONG-OBSERVED-ORDERING-ACTIVITIES
cluster-0004	0	N6893622D0032	0.000000	0.000000	0.000000	0	eliminated:OFFICE-NOT-AMONG-OBSERVED-ORDERING-ACTIVITIES
cluster-0004	0	N6893622D0034	0.000000	0.000000	0.000000	0	eliminated:OFFICE-NOT-AMONG-OBSERVED-ORDERING-ACTIVITIES
cluster-0004	0	N6893622D0036	0.000000	0.000000	0.000000	0	eliminated:OFFICE-NOT-AMONG-OBSERVED-ORDERING-ACTIVITIES
cluster-0004	0	N6893622D0038	0.000000	0.000000	0.000000	0	eliminated:OFFICE-NOT-AMONG-OBSERVED-ORDERING-ACTIVITIES
cluster-0004	0	N6893622D0041	0.000000	0.000000	0.000000	0	eliminated:OFFICE-NOT-AMONG-OBSERVED-ORDERING-ACTIVITIES
cluster-0004	0	N6893623D0001	0.000000	0.000000	0.000000	0	eliminated:OFFICE-NOT-AMONG-OBSERVED-ORDERING-ACTIVITIES
cluster-0004	0	N6893623D0013	0.000000	0.000000	0.000000	0	eliminated:OFFICE-NOT-AMONG-OBSERVED-ORDERING-ACTIVITIES
cluster-0004	0	N6893623D0014	0.000000	0.000000	0.000000	0	eliminated:OFFICE-NOT-AMONG-OBSERVED-ORDERING-ACTIVITIES
cluster-0004	0	N6893623D0018	0.000000	0.000000	0.000000	0	eliminated:OFFICE-NOT-AMONG-OBSERVED-ORDERING-ACTIVITIES
cluster-0004	0	N6893623D0019	0.000000	0.000000	0.000000	0	eliminated:OFFICE-NOT-AMONG-OBSERVED-ORDERING-ACTIVITIES
cluster-0004	0	N6893623D0021	0.000000	0.000000	0.000000	0	eliminated:OFFICE-NOT-AMONG-OBSERVED-ORDERING-ACTIVITIES
cluster-0004	0	N6893623D0023	0.000000	0.000000	0.000000	0	eliminated:OFFICE-NOT-AMONG-OBSERVED-ORDERING-ACTIVITIES
cluster-0004	0	N6893623D0025	0.000000	0.000000	0.000000	0	eliminated:OFFICE-NOT-AMONG-OBSERVED-ORDERING-ACTIVITIES
cluster-0004	0	N6893623D0026	0.000000	0.000000	0.000000	0	eliminated:OFFICE-NOT-AMONG-OBSERVED-ORDERING-ACTIVITIES
cluster-0004	0	N6893623D0028	0.000000	0.000000	0.000000	0	eliminated:OFFICE-NOT-AMONG-OBSERVED-ORDERING-ACTIVITIES
cluster-0004	0	N6893623D0029	0.000000	0.000000	0.000000	0	eliminated:OFFICE-NOT-AMONG-OBSERVED-ORDERING-ACTIVITIES
cluster-0004	0	N6893623D0033	0.000000	0.000000	0.000000	0	eliminated:OFFICE-NOT-AMONG-OBSERVED-ORDERING-ACTIVITIES
cluster-0004	0	N6893623D0034	0.000000	0.000000	0.000000	0	eliminated:OFFICE-NOT-AMONG-OBSERVED-ORDERING-ACTIVITIES
cluster-0004	0	N6893623D0036	0.000000	0.000000	0.000000	0	eliminated:OFFICE-NOT-AMONG-OBSERVED-ORDERING-ACTIVITIES
cluster-0004	0	N6893623D0037	0.000000	0.000000	0.000000	0	eliminated:OFFICE-NOT-AMONG-OBSERVED-ORDERING-ACTIVITIES
cluster-0004	0	N6893623D0039	0.000000	0.000000	0.000000	0	eliminated:OFFICE-NOT-AMONG-OBSERVED-ORDERING-ACTIVITIES
cluster-0004	0	N6893623D0041	0.000000	0.000000	0.000000	0	eliminated:OFFICE-NOT-AMONG-OBSERVED-ORDERING-ACTIVITIES
cluster-0004	0	N6893623D0042	0.000000	0.000000	0.000000	0	eliminated:OFFICE-NOT-AMONG-OBSERVED-ORDERING-ACTIVITIES
cluster-0004	0	N6893623D0045	0.000000	0.000000	0.000000	0	eliminated:OFFICE-NOT-AMONG-OBSERVED-ORDERING-ACTIVITIES
cluster-0004	0	N6893623D0046	0.000000	0.000000	0.000000	0	eliminated:OFFICE-NOT-AMONG-OBSERVED-ORDERING-ACTIVITIES
cluster-0004	0	N6893623D0047	0.000000	0.000000	0.000000	0	eliminated:OFFICE-NOT-AMONG-OBSERVED-ORDERING-ACTIVITIES
cluster-0004	0	N6893623D0051	0.000000	0.000000	0.000000	0	eliminated:OFFICE-NOT-AMONG-OBSERVED-ORDERING-ACTIVITIES
cluster-0004	0	N6893623D0054	0.000000	0.000000	0.000000	0	eliminated:OFFICE-NOT-AMONG-OBSERVED-ORDERING-ACTIVITIES
cluster-0004	0	N6893624D0001	0.000000	0.000000	0.000000	0	eliminated:OFFICE-NOT-AMONG-OBSERVED-ORDERING-ACTIVITIES
cluster-0004	0	N6893624D0002	0.000000	0.000000	0.000000	0	eliminated:OFFICE-NOT-AMONG-OBSERVED-ORDERING-ACTIVITIES
cluster-0004	0	N6893624D0003	0.000000	0.000000	0.000000	0	eliminated:OFFICE-NOT-AMONG-OBSERVED-ORDERING-ACTIVITIES
cluster-0004	0	N6893624D0004	0.000000	0.000000	0.000000	0	eliminated:OFFICE-NOT-AMONG-OBSERVED-ORDERING-ACTIVITIES
cluster-0004	0	N6893624D0006	0.000000	0.000000	0.000000	0	eliminated:OFFICE-NOT-AMONG-OBSERVED-ORDERING-ACTIVITIES
cluster-0004	0	N6893624D0007	0.000000	0.000000	0.000000	0	eliminated:OFFICE-NOT-AMONG-OBSERVED-ORDERING-ACTIVITIES
cluster-0004	0	N6893624D0008	0.000000	0.000000	0.000000	0	eliminated:OFFICE-NOT-AMONG-OBSERVED-ORDERING-ACTIVITIES
cluster-0004	0	N6893624D0009	0.000000	0.000000	0.000000	0	eliminated:OFFICE-NOT-AMONG-OBSERVED-ORDERING-ACTIVITIES
cluster-0004	0	N6893624D0012	0.000000	0.000000	0.000000	0	eliminated:OFFICE-NOT-AMONG-OBSERVED-ORDERING-ACTIVITIES
cluster-0004	0	N6893624D0013	0.000000	0.000000	0.000000	0	eliminated:OFFICE-NOT-AMONG-OBSERVED-ORDERING-ACTIVITIES
cluster-0004	0	N6893624D0015	0.000000	0.000000	0.000000	0	eliminated:OFFICE-NOT-AMONG-OBSERVED-ORDERING-ACTIVITIES
cluster-0004	0	N6893624D0017	0.000000	0.000000	0.000000	0	eliminated:OFFICE-NOT-AMONG-OBSERVED-ORDERING-ACTIVITIES
cluster-0004	0	N6893624D0020	0.000000	0.000000	0.000000	0	eliminated:OFFICE-NOT-AMONG-OBSERVED-ORDERING-ACTIVITIES
cluster-0004	0	N6893624D0022	0.000000	0.000000	0.000000	0	eliminated:OFFICE-NOT-AMONG-OBSERVED-ORDERING-ACTIVITIES
cluster-0004	0	N6893624D0023	0.000000	0.000000	0.000000	0	eliminated:OFFICE-NOT-AMONG-OBSERVED-ORDERING-ACTIVITIES
cluster-0004	0	N6893624D0025	0.000000	0.000000	0.000000	0	eliminated:OFFICE-NOT-AMONG-OBSERVED-ORDERING-ACTIVITIES
cluster-0004	0	N6893625D0001	0.000000	0.000000	0.000000	0	eliminated:OFFICE-NOT-AMONG-OBSERVED-ORDERING-ACTIVITIES
cluster-0004	0	N6893625D0008	0.000000	0.000000	0.000000	0	eliminated:OFFICE-NOT-AMONG-OBSERVED-ORDERING-ACTIVITIES
cluster-0004	0	N6893625D0011	0.000000	0.000000	0.000000	0	eliminated:OFFICE-NOT-AMONG-OBSERVED-ORDERING-ACTIVITIES
cluster-0004	0	N6893625D0013	0.000000	0.000000	0.000000	0	eliminated:OFFICE-NOT-AMONG-OBSERVED-ORDERING-ACTIVITIES
cluster-0004	0	SPE4A123G0002	0.000000	0.000000	0.000000	0	eliminated:OFFICE-NOT-AMONG-OBSERVED-ORDERING-ACTIVITIES
cluster-0004	0	W15QKN15D0001	0.000000	0.000000	0.000000	0	eliminated:OFFICE-NOT-AMONG-OBSERVED-ORDERING-ACTIVITIES
cluster-0005	1	N6893619D0027	0.136314	0.227189	0.000000	1	candidate
cluster-0005	2	N6833521D0048	0.084753	0.141255	0.000000	1	candidate
cluster-0005	3	N6893620D0007	0.071408	0.119013	0.000000	1	candidate
cluster-0005	4	N0001922D0003	0.069840	0.116399	0.000000	1	candidate
cluster-0005	5	N0001924D0126	0.069656	0.116093	0.000000	1	candidate
cluster-0005	6	N6833523D0025	0.066147	0.110245	0.000000	1	candidate
cluster-0005	7	N0001920D0004	0.062066	0.103444	0.000000	1	candidate
cluster-0005	8	N0042118D0017	0.054573	0.090955	0.000000	1	candidate
cluster-0005	9	N6893621D0009	0.052252	0.087087	0.000000	1	candidate
cluster-0005	10	SEAPORT-NXG	0.052132	0.086887	0.000000	1	candidate
cluster-0005	11	N0042121D0010	0.052036	0.086726	0.000000	1	candidate
cluster-0005	12	NAWCAD-SCI-MAC	0.050040	0.083401	0.000000	1	candidate
cluster-0005	13	N6893622D0002	0.048844	0.081406	0.000000	1	below-floor
cluster-0005	14	N6893623D0014	0.047631	0.079385	0.000000	1	below-floor
cluster-0005	15	N6893623D0023	0.047558	0.079263	0.000000	1	below-floor
cluster-0005	16	N6134021D0015	0.045103	0.075172	0.000000	1	below-floor
cluster-0005	17	N0001923D0015	0.041725	0.069541	0.000000	1	below-floor
cluster-0005	18	N6893615D0015	0.041223	0.068704	0.000000	1	below-floor
cluster-0005	19	N0042119D0042	0.040802	0.068003	0.000000	1	below-floor
cluster-0005	20	N6893620D0001	0.039468	0.065780	0.000000	1	below-floor
cluster-0005	21	N6134025D0005	0.038243	0.063739	0.000000	1	below-floor
cluster-0005	22	N6852023D0001	0.038036	0.063393	0.000000	1	below-floor
cluster-0005	23	N0001922D0009	0.037155	0.061925	0.000000	1	below-floor
cluster-0005	24	N0042120D0003	0.036549	0.060915	0.000000	1	below-floor
cluster-0005	25	N0042118D0015	0.035603	0.059338	0.000000	1	below-floor
cluster-0005	26	N0001920D0017	0.035305	0.058842	0.000000	1	below-floor
cluster-0005	27	NAVAIR-HQ-BOA	0.043010	0.071683	0.000000	5	below-floor
cluster-0005	28	N0042123D0007	0.034652	0.057753	0.000000	1	below-floor
cluster-0005	29	N0001924D0119	0.034518	0.057530	0.000000	1	below-floor
cluster-0005	30	N0001920D0008	0.033170	0.055283	0.000000	1	below-floor
cluster-0005	31	NAWCTSD-PACRM	0.032738	0.054563	0.000000	1	below-floor
cluster-0005	32	N6893620D0024	0.032470	0.054116	0.000000	1	below-floor
cluster-0005	33	N6893618D0036	0.032017	0.053361	0.000000	1	below-floor
cluster-0005	34	N0042119D0001	0.031032	0.051720	0.000000	1	below-floor
cluster-0005	35	N6134019D0003	0.030628	0.051046	0.000000	1	below-floor
cluster-0005	36	N6893621D0007	0.030064	0.050107	0.000000	1	below-floor
cluster-0005	37	NAWCTSD-TSC-IV	0.030055	0.050091	0.000000	1	below-floor
cluster-0005	38	N0042120D0024	0.029909	0.049848	0.000000	1	below-floor
cluster-0005	39	N6852023D0013	0.029720	0.049533	0.000000	1	below-floor
cluster-0005	40	N0042122D0101	0.028755	0.047926	0.000000	1	below-floor
cluster-0005	41	N0001925D0012	0.028348	0.047247	0.000000	1	below-floor
cluster-0005	42	N0042118D0016	0.028278	0.047130	0.000000	1	below-floor
cluster-0005	43	N6833521D0225	0.028257	0.047095	0.000000	1	below-floor
cluster-0005	44	N6893623D0042	0.027440	0.045733	0.000000	1	below-floor
cluster-0005	45	N6852021D0002	0.026868	0.044780	0.000000	1	below-floor
cluster-0005	46	N0042119D0055	0.026840	0.044733	0.000000	1	below-floor
cluster-0005	47	N6893620D0005	0.026549	0.044249	0.000000	1	below-floor
cluster-0005	48	N0042120D0015	0.026383	0.043972	0.000000	1	below-floor
cluster-0005	49	N6134017D0002	0.025705	0.042842	0.000000	1	below-floor
cluster-0005	50	N6833523D0035	0.025467	0.042445	0.000000	1	below-floor
cluster-0005	51	N0042120D0007	0.025334	0.042224	0.000000	1	below-floor
cluster-0005	52	N6893624D0017	0.025125	0.041874	0.000000	1	below-floor
cluster-0005	53	NAWCTSD-FTSS-V	0.025029	0.041715	0.000000	1	below-floor
cluster-0005	54	N6893618D0029	0.024913	0.041522	0.000000	1	below-floor
cluster-0005	55	N0042121D0035	0.024822	0.041370	0.000000	1	below-floor
cluster-0005	56	N0001922D0004	0.024260	0.040434	0.000000	1	below-floor
cluster-0005	57	N0001920D0023	0.024210	0.040350	0.000000	1	below-floor
cluster-0005	58	N0001918D0103	0.023561	0.039269	0.000000	1	below-floor
cluster-0005	59	N0001924D0114	0.023423	0.039039	0.000000	1	below-floor
cluster-0005	60	N0042120D0010	0.022987	0.038311	0.000000	1	below-floor
cluster-0005	61	N6893623D0013	0.022477	0.037461	0.000000	1	below-floor
cluster-0005	62	N0001925D0014	0.022206	0.037010	0.000000	1	below-floor
cluster-0005	63	N6833518D0031	0.021780	0.036300	0.000000	1	below-floor
cluster-0005	64	N6893624D0002	0.021642	0.036070	0.000000	1	below-floor
cluster-0005	65	N0001917D0089	0.021393	0.035655	0.000000	1	below-floor
cluster-0005	66	N6134023D0004	0.020968	0.034946	0.000000	1	below-floor
cluster-0005	67	N0042116D0013	0.020827	0.034712	0.000000	1	below-floor
cluster-0005	68	N6833522D0005	0.020706	0.034510	0.000000	1	below-floor
cluster-0005	69	N0001919D0021	0.020596	0.034327	0.000000	1	below-floor
cluster-0005	70	N6833521D0049	0.020241	0.033735	0.000000	1	below-floor
cluster-0005	71	N6893623D0018	0.020128	0.033546	0.000000	1	below-floor
cluster-0005	72	N6893616D0016	0.020013	0.033355	0.000000	1	below-floor
cluster-0005	73	N6893623D0033	0.019971	0.033285	0.000000	1	below-floor
cluster-0005	74	N6893624D0020	0.019472	0.032453	0.000000	1	below-floor
cluster-0005	75	N6833523D0004	0.019359	0.032265	0.000000	1	below-floor
cluster-0005	76	N6893622D0025	0.019184	0.031973	0.000000	1	below-floor
cluster-0005	77	N0001924D0106	0.019151	0.031918	0.000000	1	below-floor
cluster-0005	78	N6893621D0051	0.019048	0.031747	0.000000	1	below-floor
cluster-0005	79	N6134019D1006	0.019006	0.031677	0.000000	1	below-floor
cluster-0005	80	N6893622D0009	0.018931	0.031552	0.000000	1	below-floor
cluster-0005	81	N6134020D0021	0.018433	0.030721	0.000000	1	below-floor
cluster-0005	82	N0042121D0008	0.018021	0.030035	0.000000	1	below-floor
cluster-0005	83	N6893625D0013	0.017992	0.029987	0.000000	1	below-floor
cluster-0005	84	N0001919D0005	0.017743	0.029571	0.000000	1	below-floor
cluster-0005	85	N6893614D0008	0.017627	0.029379	0.000000	1	below-floor
cluster-0005	86	N6893622D0036	0.017566	0.029277	0.000000	1	below-floor
cluster-0005	87	N0001924D0008	0.017043	0.028405	0.000000	1	below-floor
cluster-0005	88	N0001918D0123	0.017010	0.028350	0.000000	1	below-floor
cluster-0005	89	N6893619D0020	0.016674	0.027790	0.000000	1	below-floor
cluster-0005	90	N6893619D0017	0.016542	0.027570	0.000000	1	below-floor
cluster-0005	91	N0001918D0118	0.016330	0.027217	0.000000	1	below-floor
cluster-0005	92	N0042124D0006	0.016323	0.027206	0.000000	1	below-floor
cluster-0005	93	N6893623D0019	0.016231	0.027052	0.000000	1	below-floor
cluster-0005	94	N0042117D0032	0.016161	0.026934	0.000000	1	below-floor
cluster-0005	95	N0001922D0040	0.016042	0.026737	0.000000	1	below-floor
cluster-0005	96	N6893622D0032	0.016004	0.026674	0.000000	1	below-floor
cluster-0005	97	N6134020D0008	0.015823	0.026372	0.000000	1	below-floor
cluster-0005	98	N0042121D0033	0.015806	0.026343	0.000000	1	below-floor
cluster-0005	99	N6893622D0028	0.015632	0.026054	0.000000	1	below-floor
cluster-0005	100	N0042119D0024	0.015567	0.025945	0.000000	1	below-floor
cluster-0005	101	N6134021D0016	0.015454	0.025757	0.000000	1	below-floor
cluster-0005	102	N0001918D0111	0.015440	0.025734	0.000000	1	below-floor
cluster-0005	103	N0001921D0050	0.015410	0.025683	0.000000	1	below-floor
cluster-0005	104	NAWCAD-CYBER-IDIQ	0.015397	0.025661	0.000000	1	below-floor
cluster-0005	105	N0001923D0013	0.015360	0.025599	0.000000	1	below-floor
cluster-0005	106	N6134019D1010	0.015084	0.025139	0.000000	1	below-floor
cluster-0005	107	N0042117D0015	0.015001	0.025002	0.000000	1	below-floor
cluster-0005	108	N0001922D0038	0.014969	0.024948	0.000000	1	below-floor
cluster-0005	109	N6893623D0051	0.014868	0.024781	0.000000	1	below-floor
cluster-0005	110	N6134016D1005	0.014591	0.024318	0.000000	1	below-floor
cluster-0005	111	N6893622D0041	0.014562	0.024269	0.000000	1	below-floor
cluster-0005	112	N0001919D0001	0.014561	0.024269	0.000000	1	below-floor
cluster-0005	113	N6893625D0008	0.014452	0.024086	0.000000	1	below-floor
cluster-0005	114	N0042117D0045	0.014388	0.023980	0.000000	1	below-floor
cluster-0005	115	N0001923D0010	0.014378	0.023963	0.000000	1	below-floor
cluster-0005	116	N6134024D0001	0.014377	0.023962	0.000000	1	below-floor
cluster-0005	117	N6893623D0001	0.014217	0.023696	0.000000	1	below-floor
cluster-0005	118	N0001922D0022	0.014066	0.023443	0.000000	1	below-floor
cluster-0005	119	N0042121D0034	0.013675	0.022791	0.000000	1	below-floor
cluster-0005	120	N6893619D0001	0.013410	0.022350	0.000000	1	below-floor
cluster-0005	121	N6852025D0001	0.013345	0.022242	0.000000	1	below-floor
cluster-0005	122	N0042117D0031	0.013339	0.022232	0.000000	1	below-floor
cluster-0005	123	N0001918D0110	0.013289	0.022148	0.000000	1	below-floor
cluster-0005	124	N6852022D0003	0.013182	0.021970	0.000000	1	below-floor
cluster-0005	125	N6893621D0001	0.013047	0.021744	0.000000	1	below-floor
cluster-0005	126	N6852023D0111	0.012992	0.021654	0.000000	1	below-floor
cluster-0005	127	N6134020D0025	0.012956	0.021593	0.000000	1	below-floor
cluster-0005	128	N6134024D0006	0.012896	0.021494	0.000000	1	below-floor
cluster-0005	129	N0001920D0051	0.012853	0.021421	0.000000	1	below-floor
cluster-0005	130	N0001923D0018	0.012822	0.021369	0.000000	1	below-floor
cluster-0005	131	N6833522D0008	0.012766	0.021277	0.000000	1	below-floor
cluster-0005	132	N6134016D1003	0.012731	0.021219	0.000000	1	below-floor
cluster-0005	133	N6893620D0033	0.012697	0.021162	0.000000	1	below-floor
cluster-0005	134	N0001922D0011	0.012639	0.021066	0.000000	1	below-floor
cluster-0005	135	N6833521D0227	0.012424	0.020707	0.000000	1	below-floor
cluster-0005	136	N6893621D0046	0.012336	0.020559	0.000000	1	below-floor
cluster-0005	137	N6134020D0024	0.012196	0.020327	0.000000	1	below-floor
cluster-0005	138	N6852021D0006	0.012024	0.020040	0.000000	1	below-floor
cluster-0005	139	N0001922D0013	0.012014	0.020024	0.000000	1	below-floor
cluster-0005	140	N0042125D0302	0.011905	0.019841	0.000000	1	below-floor
cluster-0005	141	N6134023D0001	0.011904	0.019841	0.000000	1	below-floor
cluster-0005	142	N0001922D0001	0.011809	0.019682	0.000000	1	below-floor
cluster-0005	143	N0042123D0005	0.011582	0.019303	0.000000	1	below-floor
cluster-0005	144	N0001921D0015	0.011574	0.019290	0.000000	1	below-floor
cluster-0005	145	N6852023D0014	0.011535	0.019226	0.000000	1	below-floor
cluster-0005	146	N6893619D0048	0.011531	0.019218	0.000000	1	below-floor
cluster-0005	147	N0001921D0001	0.011341	0.018902	0.000000	1	below-floor
cluster-0005	148	N0001920D0106	0.011338	0.018897	0.000000	1	below-floor
cluster-0005	149	N0001923D0011	0.011298	0.018831	0.000000	1	below-floor
cluster-0005	150	N0001421D4002	0.011254	0.018757	0.000000	1	below-floor
cluster-0005	151	N6893624D0001	0.011237	0.018729	0.000000	1	below-floor
cluster-0005	152	N6833522D0013	0.011218	0.018697	0.000000	1	below-floor
cluster-0005	153	N0042120D0108	0.011093	0.018488	0.000000	1	below-floor
cluster-0005	154	N0001925D0009	0.010902	0.018170	0.000000	1	below-floor
cluster-0005	155	N0042119D0067	0.010873	0.018122	0.000000	1	below-floor
cluster-0005	156	N0042124D0008	0.010844	0.018073	0.000000	1	below-floor
cluster-0005	157	N0042122D0096	0.010633	0.017722	0.000000	1	below-floor
cluster-0005	158	N6134019D0906	0.010406	0.017344	0.000000	1	below-floor
cluster-0005	159	N6893618D0012	0.010403	0.017338	0.000000	1	below-floor
cluster-0005	160	N0042116D0002	0.010266	0.017109	0.000000	1	below-floor
cluster-0005	161	N0001921D0010	0.010094	0.016823	0.000000	1	below-floor
cluster-0005	162	N0042120D0028	0.009922	0.016536	0.000000	1	below-floor
cluster-0005	163	N0001923D0022	0.009865	0.016441	0.000000	1	below-floor
cluster-0005	164	N0001923D0008	0.009837	0.016395	0.000000	1	below-floor
cluster-0005	165	N6134018D0004	0.009823	0.016372	0.000000	1	below-floor
cluster-0005	166	N0042119D0047	0.009778	0.016297	0.000000	1	below-floor
cluster-0005	167	N0042121D0001	0.009668	0.016113	0.000000	1	below-floor
cluster-0005	168	N6833523D0003	0.009598	0.015996	0.000000	1	below-floor
cluster-0005	169	N6893624D0015	0.009378	0.015629	0.000000	1	below-floor
cluster-0005	170	N0001919D0027	0.009342	0.015569	0.000000	1	below-floor
cluster-0005	171	N6893623D0034	0.009322	0.015536	0.000000	1	below-floor
cluster-0005	172	N6893622D0026	0.009218	0.015364	0.000000	1	below-floor
cluster-0005	173	N6893623D0047	0.009215	0.015359	0.000000	1	below-floor
cluster-0005	174	N0001917D0004	0.009186	0.015311	0.000000	1	below-floor
cluster-0005	175	N0042121D0018	0.009178	0.015296	0.000000	1	below-floor
cluster-0005	176	N6893618D0006	0.009136	0.015226	0.000000	1	below-floor
cluster-0005	177	N6852023D0011	0.008935	0.014892	0.000000	1	below-floor
cluster-0005	178	N6833519D0082	0.008904	0.014839	0.000000	1	below-floor
cluster-0005	179	N6134021D0017	0.008778	0.014631	0.000000	1	below-floor
cluster-0005	180	N0042120D0123	0.008652	0.014420	0.000000	1	below-floor
cluster-0005	181	N0042119D0066	0.008471	0.014118	0.000000	1	below-floor
cluster-0005	182	N6893618D0015	0.008423	0.014038	0.000000	1	below-floor
cluster-0005	183	N0001922D0006	0.008411	0.014018	0.000000	1	below-floor
cluster-0005	184	N6893618D0026	0.008287	0.013812	0.000000	1	below-floor
cluster-0005	185	N6833522D0004	0.008279	0.013798	0.000000	1	below-floor
cluster-0005	186	N0042122D0103	0.008259	0.013765	0.000000	1	below-floor
cluster-0005	187	N6134020D0019	0.008185	0.013641	0.000000	1	below-floor
cluster-0005	188	N0001922D0007	0.008120	0.013534	0.000000	1	below-floor
cluster-0005	189	N0042120D0071	0.007841	0.013069	0.000000	1	below-floor
cluster-0005	190	N6134023D0003	0.007760	0.012933	0.000000	1	below-floor
cluster-0005	191	N6893622D0008	0.007672	0.012787	0.000000	1	below-floor
cluster-0005	192	N0001925D0016	0.007527	0.012544	0.000000	1	below-floor
cluster-0005	193	N0042121D0037	0.007417	0.012362	0.000000	1	below-floor
cluster-0005	194	N6833521D0229	0.007360	0.012267	0.000000	1	below-floor
cluster-0005	195	N6893621D0011	0.007281	0.012135	0.000000	1	below-floor
cluster-0005	196	N0001925D0023	0.007139	0.011898	0.000000	1	below-floor
cluster-0005	197	N0042122D0084	0.006907	0.011511	0.000000	1	below-floor
cluster-0005	198	N0001923D0001	0.006869	0.011448	0.000000	1	below-floor
cluster-0005	199	N6893619D0007	0.006757	0.011262	0.000000	1	below-floor
cluster-0005	200	N6134018D0002	0.006668	0.011114	0.000000	1	below-floor
cluster-0005	201	N6893624D0006	0.006529	0.010882	0.000000	1	below-floor
cluster-0005	202	N6893620D0014	0.006355	0.010592	0.000000	1	below-floor
cluster-0005	203	N0042119D0065	0.006333	0.010555	0.000000	1	below-floor
cluster-0005	204	N6833521D0046	0.006304	0.010507	0.000000	1	below-floor
cluster-0005	205	N6893623D0029	0.006262	0.010436	0.000000	1	below-floor
cluster-0005	206	N0001921D0004	0.006039	0.010065	0.000000	1	below-floor
cluster-0005	207	N0001920D0001	0.005703	0.009504	0.000000	1	below-floor
cluster-0005	208	N0042124D0005	0.005618	0.009363	0.000000	1	below-floor
cluster-0005	209	N6893620D0015	0.005609	0.009348	0.000000	1	below-floor
cluster-0005	210	N6893621D0016	0.005488	0.009146	0.000000	1	below-floor
cluster-0005	211	N0001920D0007	0.005463	0.009105	0.000000	1	below-floor
cluster-0005	212	N0001918D0001	0.005024	0.008374	0.000000	1	below-floor
cluster-0005	213	N0042122D0001	0.004958	0.008263	0.000000	1	below-floor
cluster-0005	214	N6833522D0017	0.004721	0.007868	0.000000	1	below-floor
cluster-0005	215	N6893622D0004	0.004644	0.007740	0.000000	1	below-floor
cluster-0005	216	N0042119D0029	0.004606	0.007676	0.000000	1	below-floor
cluster-0005	217	N0001924D0110	0.004492	0.007487	0.000000	1	below-floor
cluster-0005	218	N6134022D0004	0.004465	0.007442	0.000000	1	below-floor
cluster-0005	219	N0042125D0303	0.004438	0.007396	0.000000	1	below-floor
cluster-0005	220	N6893619D0035	0.004400	0.007333	0.000000	1	below-floor
cluster-0005	221	N0042116D0005	0.004162	0.006937	0.000000	1	below-floor
cluster-0005	222	N0042118D0054	0.004116	0.006860	0.000000	1	below-floor
cluster-0005	223	N0042118D0059	0.004085	0.006809	0.000000	1	below-floor
cluster-0005	224	N6833524D0010	0.004064	0.006773	0.000000	1	below-floor
cluster-0005	225	N6893620D0016	0.004004	0.006674	0.000000	1	below-floor
cluster-0005	226	N6134024D0013	0.003826	0.006377	0.000000	1	below-floor
cluster-0005	227	N6893619D0008	0.003784	0.006307	0.000000	1	below-floor
cluster-0005	228	N6134022D0006	0.003655	0.006092	0.000000	1	below-floor
cluster-0005	229	N6893623D0046	0.003622	0.006036	0.000000	1	below-floor
cluster-0005	230	N6893622D0010	0.003467	0.005778	0.000000	1	below-floor
cluster-0005	231	N6134022D0002	0.003457	0.005762	0.000000	1	below-floor
cluster-0005	232	N6893622D0017	0.003406	0.005676	0.000000	1	below-floor
cluster-0005	233	N0001924D0004	0.003327	0.005546	0.000000	1	below-floor
cluster-0005	234	N6893622D0018	0.003282	0.005471	0.000000	1	below-floor
cluster-0005	235	N0042123D0011	0.003146	0.005244	0.000000	1	below-floor
cluster-0005	236	N6134015D0003	0.003085	0.005142	0.000000	1	below-floor
cluster-0005	237	N0001921D0011	0.003045	0.005075	0.000000	1	below-floor
cluster-0005	238	N0001919D0032	0.003038	0.005064	0.000000	1	below-floor
cluster-0005	239	N0042118D0042	0.002944	0.004906	0.000000	1	below-floor
cluster-0005	240	N6893623D0045	0.002932	0.004887	0.000000	1	below-floor
cluster-0005	241	N0042117D0027	0.002528	0.004213	0.000000	1	below-floor
cluster-0005	242	N0042122D0005	0.002506	0.004176	0.000000	1	below-floor
cluster-0005	243	N6893622D0024	0.002324	0.003874	0.000000	1	below-floor
cluster-0005	244	N0042121D0005	0.002318	0.003863	0.000000	1	below-floor
cluster-0005	245	N0042120D0001	0.002254	0.003757	0.000000	1	below-floor
cluster-0005	246	N0042124D0012	0.002238	0.003729	0.000000	1	below-floor
cluster-0005	247	N6893622D0038	0.002210	0.003684	0.000000	1	below-floor
cluster-0005	248	N6893622D0014	0.002134	0.003556	0.000000	1	below-floor
cluster-0005	249	N0042120D0006	0.002005	0.003342	0.000000	1	below-floor
cluster-0005	250	N0042120D0023	0.001847	0.003078	0.000000	1	below-floor
cluster-0005	251	N6852021D0005	0.001832	0.003054	0.000000	1	below-floor
cluster-0005	252	N0042122D0003	0.001819	0.003031	0.000000	1	below-floor
cluster-0005	253	N0001919D0023	0.001708	0.002846	0.000000	1	below-floor
cluster-0005	254	N0042122D0099	0.001365	0.002275	0.000000	1	below-floor
cluster-0005	255	N6893623D0021	0.000623	0.001038	0.000000	1	below-floor
cluster-0005	256	N0001917D0009	0.000000	0.000000	0.000000	1	below-floor
cluster-0005	257	N0001917D0101	0.000000	0.000000	0.000000	1	below-floor
cluster-0005	258	N0001919D0012	0.000000	0.000000	0.000000	1	below-floor
cluster-0005	259	N0001919D0013	0.000000	0.000000	0.000000	1	below-floor
cluster-0005	260	N0001919D0015	0.000000	0.000000	0.000000	1	below-floor
cluster-0005	261	N0001919D0026	0.000000	0.000000	0.000000	1	below-floor
cluster-0005	262	N0001920D0013	0.000000	0.000000	0.000000	1	below-floor
cluster-0005	263	N0001920D0016	0.000000	0.000000	0.000000	1	below-floor
cluster-0005	264	N0001920D0024	0.000000	0.000000	0.000000	1	below-floor
cluster-0005	265	N0001920D0109	0.000000	0.000000	0.000000	1	below-floor
cluster-0005	266	N0001922D0008	0.000000	0.000000	0.000000	1	below-floor
cluster-0005	267	N0001922D0042	0.000000	0.000000	0.000000	1	below-floor
cluster-0005	268	N0001922D0043	0.000000	0.000000	0.000000	1	below-floor
cluster-0005	269	N0001923D0009	0.000000	0.000000	0.000000	1	below-floor
cluster-0005	270	N0001923D0012	0.000000	0.000000	0.000000	1	below-floor
cluster-0005	271	N0001923D0014	0.000000	0.000000	0.000000	1	below-floor
cluster-0005	272	N0024424D0005	0.000000	0.000000	0.000000	1	below-floor
cluster-0005	273	N0024424D0010	0.000000	0.000000	0.000000	1	below-floor
cluster-0005	274	N0038324DBK01	0.000000	0.000000	0.000000	1	below-floor
cluster-0005	275	N0042115D0005	0.000000	0.000000	0.000000	1	below-floor
cluster-0005	276	N0042117D0052	0.000000	0.000000	0.000000	1	below-floor
cluster-0005	277	N0042118D0001	0.000000	0.000000	0.000000	1	below-floor
cluster-0005	278	N0042118D0007	0.000000	0.000000	0.000000	1	below-floor
cluster-0005	279	N0042118D0028	0.000000	0.000000	0.000000	1	below-floor
cluster-0005	280	N0042118D0030	0.000000	0.000000	0.000000	1	below-floor
cluster-0005	281	N0042118D0044	0.000000	0.000000	0.000000	1	below-floor
cluster-0005	282	N0042118D0062	0.000000	0.000000	0.000000	1	below-floor
cluster-0005	283	N0042119D0002	0.000000	0.000000	0.000000	1	below-floor
cluster-0005	284	N0042119D0023	0.000000	0.000000	0.000000	1	below-floor
cluster-0005	285	N0042119D0026	0.000000	0.000000	0.000000	1	below-floor
cluster-0005	286	N0042119D0028	0.000000	0.000000	0.000000	1	below-floor
cluster-0005	287	N0042119D0033	0.000000	0.000000	0.000000	1	below-floor
cluster-0005	288	N0042119D0035	0.000000	0.000000	0.000000	1	below-floor
cluster-0005	289	N0042119D0058	0.000000	0.000000	0.000000	1	below-floor
cluster-0005	290	N0042119D0060	0.000000	0.000000	0.000000	1	below-floor
cluster-0005	291	N0042119D0071	0.000000	0.000000	0.000000	1	below-floor
cluster-0005	292	N0042119D0075	0.000000	0.000000	0.000000	1	below-floor
cluster-0005	293	N0042119D0076	0.000000	0.000000	0.000000	1	below-floor
cluster-0005	294	N0042120D0012	0.000000	0.000000	0.000000	1	below-floor
cluster-0005	295	N0042120D0072	0.000000	0.000000	0.000000	1	below-floor
cluster-0005	296	N0042120D0073	0.000000	0.000000	0.000000	1	below-floor
cluster-0005	297	N0042120D0109	0.000000	0.000000	0.000000	1	below-floor
cluster-0005	298	N0042120D0115	0.000000	0.000000	0.000000	1	below-floor
cluster-0005	299	N0042120D0117	0.000000	0.000000	0.000000	1	below-floor
cluster-0005	300	N0042121D0002	0.000000	0.000000	0.000000	1	below-floor
cluster-0005	301	N0042121D0007	0.000000	0.000000	0.000000	1	below-floor
cluster-0005	302	N0042121D0019	0.000000	0.000000	0.000000	1	below-floor
cluster-0005	303	N0042121D0023	0.000000	0.000000	0.000000	1	below-floor
cluster-0005	304	N0042122D0002	0.000000	0.000000	0.000000	1	below-floor
cluster-0005	305	N0042122D0094	0.000000	0.000000	0.000000	1	below-floor
cluster-0005	306	N0042123D0001	0.000000	0.000000	0.000000	1	below-floor
cluster-0005	307	N0042123D0019	0.000000	0.000000	0.000000	1	below-floor
cluster-0005	308	N0042124D0011	0.000000	0.000000	0.000000	1	below-floor
cluster-0005	309	N0042124D0020	0.000000	0.000000	0.000000	1	below-floor
cluster-0005	310	N0042124D0022	0.000000	0.000000	0.000000	1	below-floor
cluster-0005	311	N0042124D0071	0.000000	0.000000	0.000000	1	below-floor
cluster-0005	312	N0042125D0301	0.000000	0.000000	0.000000	1	below-floor
cluster-0005	313	N6134018D0009	0.000000	0.000000	0.000000	1	below-floor
cluster-0005	314	N6134020D0002	0.000000	0.000000	0.000000	1	below-floor
cluster-0005	315	N6134020D0004	0.000000	0.000000	0.000000	1	below-floor
cluster-0005	316	N6134020D0011	0.000000	0.000000	0.000000	1	below-floor
cluster-0005	317	N6134020D0015	0.000000	0.000000	0.000000	1	below-floor
cluster-0005	318	N6134020D0020	0.000000	0.000000	0.000000	1	below-floor
cluster-0005	319	N6134021D0013	0.000000	0.000000	0.000000	1	below-floor
cluster-0005	320	N6134022D0008	0.000000	0.000000	0.000000	1	below-floor
cluster-0005	321	N6134023D0008	0.000000	0.000000	0.000000	1	below-floor
cluster-0005	322	N6134025D0006	0.000000	0.000000	0.000000	1	below-floor
cluster-0005	323	N6833515D0026	0.000000	0.000000	0.000000	1	below-floor
cluster-0005	324	N6833516D0013	0.000000	0.000000	0.000000	1	below-floor
cluster-0005	325	N6833516D0020	0.000000	0.000000	0.000000	1	below-floor
cluster-0005	326	N6833517D0021	0.000000	0.000000	0.000000	1	below-floor
cluster-0005	327	N6833519D0135	0.000000	0.000000	0.000000	1	below-floor
cluster-0005	328	N6833520D0022	0.000000	0.000000	0.000000	1	below-floor
cluster-0005	329	N6833520D0032	0.000000	0.000000	0.000000	1	below-floor
cluster-0005	330	N6833520D0048	0.000000	0.000000	0.000000	1	below-floor
cluster-0005	331	N6833520D0935	0.000000	0.000000	0.000000	1	below-floor
cluster-0005	332	N6833521D0045	0.000000	0.000000	0.000000	1	below-floor
cluster-0005	333	N6833521D0053	0.000000	0.000000	0.000000	1	below-floor
cluster-0005	334	N6833521D0064	0.000000	0.000000	0.000000	1	below-floor
cluster-0005	335	N6833521D0214	0.000000	0.000000	0.000000	1	below-floor
cluster-0005	336	N6833522D0012	0.000000	0.000000	0.000000	1	below-floor
cluster-0005	337	N6833522D0022	0.000000	0.000000	0.000000	1	below-floor
cluster-0005	338	N6833522D0037	0.000000	0.000000	0.000000	1	below-floor
cluster-0005	339	N6833522D0039	0.000000	0.000000	0.000000	1	below-floor
cluster-0005	340	N6833523D0001	0.000000	0.000000	0.000000	1	below-floor
cluster-0005	341	N6833523D0010	0.000000	0.000000	0.000000	1	below-floor
cluster-0005	342	N6833523D0017	0.000000	0.000000	0.000000	1	below-floor
cluster-0005	343	N6833523D0029	0.000000	0.000000	0.000000	1	below-floor
cluster-0005	344	N6833523D0046	0.000000	0.000000	0.000000	1	below-floor
cluster-0005	345	N6833524D0002	0.000000	0.000000	0.000000	1	below-floor
cluster-0005	346	N6833524D0003	0.000000	0.000000	0.000000	1	below-floor
cluster-0005	347	N6833524D0009	0.000000	0.000000	0.000000	1	below-floor
cluster-0005	348	N6833524D0018	0.000000	0.000000	0.000000	1	below-floor
cluster-0005	349	N6833524D0019	0.000000	0.000000	0.000000	1	below-floor
cluster-0005	350	N6833524D0020	0.000000	0.000000	0.000000	1	below-floor
cluster-0005	351	N6833524D0021	0.000000	0.000000	0.000000	1	below-floor
cluster-0005	352	N6833524D0023	0.000000	0.000000	0.000000	1	below-floor
cluster-0005	353	N6833525D0001	0.000000	0.000000	0.000000	1	below-floor
cluster-0005	354	N6833525D0004	0.000000	0.000000	0.000000	1	below-floor
cluster-0005	355	N6833525D0005	0.000000	0.000000	0.000000	1	below-floor
cluster-0005	356	N6833525D0010	0.000000	0.000000	0.000000	1	below-floor
cluster-0005	357	N6852020D0012	0.000000	0.000000	0.000000	1	below-floor
cluster-0005	358	N6852021D0004	0.000000	0.000000	0.000000	1	below-floor
cluster-0005	359	N6852023D0012	0.000000	0.000000	0.000000	1	below-floor
cluster-0005	360	N6893616D0018	0.000000	0.000000	0.000000	1	below-floor
cluster-0005	361	N6893617D0010	0.000000	0.000000	0.000000	1	below-floor
cluster-0005	362	N6893618D0014	0.000000	0.000000	0.000000	1	below-floor
cluster-0005	363	N6893620D0018	0.000000	0.000000	0.000000	1	below-floor
cluster-0005	364	N6893621D0010	0.000000	0.000000	0.000000	1	below-floor
cluster-0005	365	N6893621D0017	0.000000	0.000000	0.000000	1	below-floor
cluster-0005	366	N6893621D0024	0.000000	0.000000	0.000000	1	below-floor
cluster-0005	367	N6893621D0026	0.000000	0.000000	0.000000	1	below-floor
cluster-0005	368	N6893621D0043	0.000000	0.000000	0.000000	1	below-floor
cluster-0005	369	N6893621D0044	0.000000	0.000000	0.000000	1	below-floor
cluster-0005	370	N6893621D0045	0.000000	0.000000	0.000000	1	below-floor
cluster-0005	371	N6893622D0007	0.000000	0.000000	0.000000	1	below-floor
cluster-0005	372	N6893622D0011	0.000000	0.000000	0.000000	1	below-floor
cluster-0005	373	N6893622D0015	0.000000	0.000000	0.000000	1	below-floor
cluster-0005	374	N6893622D0021	0.000000	0.000000	0.000000	1	below-floor
cluster-0005	375	N6893622D0027	0.000000	0.000000	0.000000	1	below-floor
cluster-0005	376	N6893622D0034	0.000000	0.000000	0.000000	1	below-floor
cluster-0005	377	N6893623D0025	0.000000	0.000000	0.000000	1	below-floor
cluster-0005	378	N6893623D0026	0.000000	0.000000	0.000000	1	below-floor
cluster-0005	379	N6893623D0028	0.000000	0.000000	0.000000	1	below-floor
cluster-0005	380	N6893623D0036	0.000000	0.000000	0.000000	1	below-floor
cluster-0005	381	N6893623D0037	0.000000	0.000000	0.000000	1	below-floor
cluster-0005	382	N6893623D0039	0.000000	0.000000	0.000000	1	below-floor
cluster-0005	383	N6893623D0041	0.000000	0.000000	0.000000	1	below-floor
cluster-0005	384	N6893623D0054	0.000000	0.000000	0.000000	1	below-floor
cluster-0005	385	N6893624D0003	0.000000	0.000000	0.000000	1	below-floor
cluster-0005	386	N6893624D0004	0.000000	0.000000	0.000000	1	below-floor
cluster-0005	387	N6893624D0007	0.000000	0.000000	0.000000	1	below-floor
cluster-0005	388	N6893624D0008	0.000000	0.000000	0.000000	1	below-floor
cluster-0005	389	N6893624D0009	0.000000	0.000000	0.000000	1	below-floor
cluster-0005	390	N6893624D0012	0.000000	0.000000	0.000000	1	below-floor
cluster-0005	391	N6893624D0013	0.000000	0.000000	0.000000	1	below-floor
cluster-0005	392	N6893624D0022	0.000000	0.000000	0.000000	1	below-floor
cluster-0005	393	N6893624D0023	0.000000	0.000000	0.000000	1	below-floor
cluster-0005	394	N6893624D0025	0.000000	0.000000	0.000000	1	below-floor
cluster-0005	395	N6893625D0001	0.000000	0.000000	0.000000	1	below-floor
cluster-0005	396	N6893625D0011	0.000000	0.000000	0.000000	1	below-floor
cluster-0005	397	GSA-MAS	0.029675	0.049459	0.000000	2	below-floor
cluster-0005	398	N6852024A0004	0.013517	0.022528	0.000000	2	below-floor
cluster-0005	399	N6833523A0029	0.005820	0.009699	0.000000	2	below-floor
cluster-0005	400	N6833522A0027	0.005812	0.009687	0.000000	2	below-floor
cluster-0005	401	N6833522A0029	0.003394	0.005657	0.000000	2	below-floor
cluster-0005	402	N6833523A0153	0.003390	0.005649	0.000000	2	below-floor
cluster-0005	403	N6833525A0038	0.003387	0.005644	0.000000	2	below-floor
cluster-0005	404	N6833523A0120	0.002816	0.004693	0.000000	2	below-floor
cluster-0005	405	N6833525A0008	0.002801	0.004668	0.000000	2	below-floor
cluster-0005	406	N6833522A0032	0.002733	0.004556	0.000000	2	below-floor
cluster-0005	407	N6833523A0021	0.002666	0.004443	0.000000	2	below-floor
cluster-0005	408	N6833523A0020	0.002471	0.004119	0.000000	2	below-floor
cluster-0005	409	N6833523A0030	0.002462	0.004103	0.000000	2	below-floor
cluster-0005	410	N6833523A0167	0.002405	0.004008	0.000000	2	below-floor
cluster-0005	411	N6833522A0035	0.002362	0.003937	0.000000	2	below-floor
cluster-0005	412	N6833523A0018	0.002362	0.003937	0.000000	2	below-floor
cluster-0005	413	N6833523A0041	0.002362	0.003937	0.000000	2	below-floor
cluster-0005	414	N6833523A0051	0.002362	0.003937	0.000000	2	below-floor
cluster-0005	415	N6833523A0059	0.002362	0.003937	0.000000	2	below-floor
cluster-0005	416	N6833525A0007	0.002330	0.003883	0.000000	2	below-floor
cluster-0005	417	N6833523A0038	0.002329	0.003881	0.000000	2	below-floor
cluster-0005	418	DON-ESL-BPA	0.000000	0.000000	0.000000	2	below-floor
cluster-0005	419	N0042124A0003	0.000000	0.000000	0.000000	2	below-floor
cluster-0005	420	N0042124A0004	0.000000	0.000000	0.000000	2	below-floor
cluster-0005	421	N0042124A0005	0.000000	0.000000	0.000000	2	below-floor
cluster-0005	422	N6833522A0017	0.000000	0.000000	0.000000	2	below-floor
cluster-0005	423	N6833523A0016	0.000000	0.000000	0.000000	2	below-floor
cluster-0005	424	N6833523A0025	0.000000	0.000000	0.000000	2	below-floor
cluster-0005	425	N6833523A0027	0.000000	0.000000	0.000000	2	below-floor
cluster-0005	426	N6833523A0028	0.000000	0.000000	0.000000	2	below-floor
cluster-0005	427	N6833523A0040	0.000000	0.000000	0.000000	2	below-floor
cluster-0005	428	N6833523A0043	0.000000	0.000000	0.000000	2	below-floor
cluster-0005	429	N6833523A0049	0.000000	0.000000	0.000000	2	below-floor
cluster-0005	430	N6833523A0062	0.000000	0.000000	0.000000	2	below-floor
cluster-0005	431	N6833523A0134	0.000000	0.000000	0.000000	2	below-floor
cluster-0005	432	N6833523A0151	0.000000	0.000000	0.000000	2	below-floor
cluster-0005	433	N6833523A0194	0.000000	0.000000	0.000000	2	below-floor
cluster-0005	434	N6833524A0002	0.000000	0.000000	0.000000	2	below-floor
cluster-0005	435	N6833524A0007	0.000000	0.000000	0.000000	2	below-floor
cluster-0005	436	N6833524A0016	0.000000	0.000000	0.000000	2	below-floor
cluster-0005	437	N6833524A0026	0.000000	0.000000	0.000000	2	below-floor
cluster-0005	438	N6833524A0032	0.000000	0.000000	0.000000	2	below-floor
cluster-0005	439	N6833524A0033	0.000000	0.000000	0.000000	2	below-floor
cluster-0005	440	N6833524A0040	0.000000	0.000000	0.000000	2	below-floor
cluster-0005	441	N6883621A0003	0.000000	0.000000	0.000000	2	below-floor
cluster-0005	442	GSA-OASIS-PLUS	0.018277	0.030462	0.000000	3	below-floor
cluster-0005	443	FA860423DB001	0.016078	0.026796	0.000000	3	below-floor
cluster-0005	444	W15QKN15D0001	0.009936	0.016560	0.000000	3	below-floor
cluster-0005	445	NASA-SEWP	0.002513	0.004189	0.000000	3	below-floor
cluster-0005	446	FA857619D0001	0.001905	0.003175	0.000000	3	below-floor
cluster-0005	447	N0042125G0003	0.033410	0.055683	0.000000	5	below-floor
cluster-0005	448	N0042121G0005	0.022492	0.037487	0.000000	5	below-floor
cluster-0005	449	N6833521G0020	0.020044	0.033406	0.000000	5	below-floor
cluster-0005	450	N0042123G0001	0.016336	0.027227	0.000000	5	below-floor
cluster-0005	451	N6833522G0029	0.015173	0.025288	0.000000	5	below-floor
cluster-0005	452	N6833519G0059	0.011418	0.019030	0.000000	5	below-floor
cluster-0005	453	N0042121G0004	0.011063	0.018438	0.000000	5	below-floor
cluster-0005	454	N6833524G0021	0.011054	0.018424	0.000000	5	below-floor
cluster-0005	455	SPE4A123G0002	0.010368	0.017280	0.000000	5	below-floor
cluster-0005	456	N6833522G0041	0.010292	0.017153	0.000000	5	below-floor
cluster-0005	457	N6833518G0014	0.010021	0.016701	0.000000	5	below-floor
cluster-0005	458	N0042123G0002	0.009165	0.015276	0.000000	5	below-floor
cluster-0005	459	N6833519G0050	0.009088	0.015147	0.000000	5	below-floor
cluster-0005	460	N6134019G0002	0.009033	0.015054	0.000000	5	below-floor
cluster-0005	461	N0042117G0003	0.008854	0.014756	0.000000	5	below-floor
cluster-0005	462	N6833519G0041	0.007428	0.012380	0.000000	5	below-floor
cluster-0005	463	N6833520G1048	0.006847	0.011412	0.000000	5	below-floor
cluster-0005	464	N6833515G0022	0.006589	0.010981	0.000000	5	below-floor
cluster-0005	465	N6833524G0007	0.006149	0.010248	0.000000	5	below-floor
cluster-0005	466	N6833523G0001	0.006017	0.010028	0.000000	5	below-floor
cluster-0005	467	N0042123G0005	0.005289	0.008814	0.000000	5	below-floor
cluster-0005	468	N6833519G0013	0.004610	0.007683	0.000000	5	below-floor
cluster-0005	469	N6833522G0010	0.004475	0.007459	0.000000	5	below-floor
cluster-0005	470	N0042122G0101	0.004315	0.007192	0.000000	5	below-floor
cluster-0005	471	N6833522G0035	0.003727	0.006211	0.000000	5	below-floor
cluster-0005	472	N6833524G0038	0.003671	0.006118	0.000000	5	below-floor
cluster-0005	473	N6833520G0002	0.003268	0.005447	0.000000	5	below-floor
cluster-0005	474	N6833520G3036	0.002576	0.004294	0.000000	5	below-floor
cluster-0005	475	N0042119G0001	0.000000	0.000000	0.000000	5	below-floor
cluster-0005	476	N0042119G0004	0.000000	0.000000	0.000000	5	below-floor
cluster-0005	477	N0042123G0004	0.000000	0.000000	0.000000	5	below-floor
cluster-0005	478	N0042124G0001	0.000000	0.000000	0.000000	5	below-floor
cluster-0005	479	N0042124G0005	0.000000	0.000000	0.000000	5	below-floor
cluster-0005	480	N6833521G0021	0.000000	0.000000	0.000000	5	below-floor
cluster-0005	481	N6833522G0036	0.000000	0.000000	0.000000	5	below-floor
cluster-0005	482	N6833523G0004	0.000000	0.000000	0.000000	5	below-floor
cluster-0005	483	N6833524G0009	0.000000	0.000000	0.000000	5	below-floor
cluster-0005	484	N6833524G0028	0.000000	0.000000	0.000000	5	below-floor
cluster-0006	1	N6833522D0012	0.059384	0.098974	0.000000	1	candidate
cluster-0006	2	N6833521D0046	0.045693	0.076155	0.000000	1	below-floor
cluster-0006	3	N0001921D0004	0.030166	0.050276	0.000000	1	below-floor
cluster-0006	4	N6893623D0001	0.030164	0.050274	0.000000	1	below-floor
cluster-0006	5	N0042124D0006	0.028734	0.047889	0.000000	1	below-floor
cluster-0006	6	N0001923D0010	0.028107	0.046845	0.000000	1	below-floor
cluster-0006	7	N0001918D0103	0.027815	0.046359	0.000000	1	below-floor
cluster-0006	8	N0042121D0010	0.027264	0.045440	0.000000	1	below-floor
cluster-0006	9	N6833522D0005	0.024820	0.041366	0.000000	1	below-floor
cluster-0006	10	N0001922D0009	0.024531	0.040885	0.000000	1	below-floor
cluster-0006	11	N6893623D0034	0.023343	0.038905	0.000000	1	below-floor
cluster-0006	12	N6893622D0028	0.023032	0.038387	0.000000	1	below-floor
cluster-0006	13	N6893620D0033	0.022805	0.038008	0.000000	1	below-floor
cluster-0006	14	N6134016D1005	0.021705	0.036175	0.000000	1	below-floor
cluster-0006	15	N6893623D0013	0.021380	0.035634	0.000000	1	below-floor
cluster-0006	16	N6893624D0004	0.020998	0.034996	0.000000	1	below-floor
cluster-0006	17	N0001925D0012	0.020989	0.034981	0.000000	1	below-floor
cluster-0006	18	N0001924D0114	0.020455	0.034091	0.000000	1	below-floor
cluster-0006	19	SEAPORT-NXG	0.020436	0.034060	0.000000	1	below-floor
cluster-0006	20	N6833518D0031	0.020330	0.033883	0.000000	1	below-floor
cluster-0006	21	N6893622D0002	0.020238	0.033730	0.000000	1	below-floor
cluster-0006	22	N0001919D0001	0.019969	0.033281	0.000000	1	below-floor
cluster-0006	23	N0001921D0001	0.019961	0.033268	0.000000	1	below-floor
cluster-0006	24	N6893623D0033	0.019752	0.032920	0.000000	1	below-floor
cluster-0006	25	N0042117D0045	0.019163	0.031938	0.000000	1	below-floor
cluster-0006	26	N0001920D0017	0.018947	0.031578	0.000000	1	below-floor
cluster-0006	27	N0001922D0013	0.018901	0.031502	0.000000	1	below-floor
cluster-0006	28	N0001923D0001	0.018588	0.030979	0.000000	1	below-floor
cluster-0006	29	N6134018D0004	0.018550	0.030917	0.000000	1	below-floor
cluster-0006	30	N0001920D0004	0.018269	0.030449	0.000000	1	below-floor
cluster-0006	31	N6893620D0007	0.018146	0.030243	0.000000	1	below-floor
cluster-0006	32	N0001922D0042	0.018143	0.030238	0.000000	1	below-floor
cluster-0006	33	N0001925D0009	0.017868	0.029780	0.000000	1	below-floor
cluster-0006	34	N6852025D0001	0.017611	0.029352	0.000000	1	below-floor
cluster-0006	35	N0042123D0007	0.017399	0.028998	0.000000	1	below-floor
cluster-0006	36	N0001922D0043	0.017148	0.028581	0.000000	1	below-floor
cluster-0006	37	N6893620D0001	0.016601	0.027668	0.000000	1	below-floor
cluster-0006	38	N6893622D0010	0.016518	0.027529	0.000000	1	below-floor
cluster-0006	39	N0042122D0103	0.016395	0.027325	0.000000	1	below-floor
cluster-0006	40	N6833521D0225	0.016352	0.027253	0.000000	1	below-floor
cluster-0006	41	N0042120D0010	0.015586	0.025977	0.000000	1	below-floor
cluster-0006	42	N6852020D0012	0.015448	0.025746	0.000000	1	below-floor
cluster-0006	43	NAWCTSD-FTSS-V	0.014889	0.024815	0.000000	1	below-floor
cluster-0006	44	NAWCTSD-TSC-IV	0.014826	0.024710	0.000000	1	below-floor
cluster-0006	45	N0042119D0067	0.014389	0.023982	0.000000	1	below-floor
cluster-0006	46	N0042120D0108	0.014385	0.023974	0.000000	1	below-floor
cluster-0006	47	N6134020D0025	0.014075	0.023458	0.000000	1	below-floor
cluster-0006	48	N0001920D0023	0.014028	0.023380	0.000000	1	below-floor
cluster-0006	49	N6893625D0013	0.013785	0.022975	0.000000	1	below-floor
cluster-0006	50	N6134019D1006	0.013609	0.022682	0.000000	1	below-floor
cluster-0006	51	N0001925D0016	0.013605	0.022675	0.000000	1	below-floor
cluster-0006	52	N6134023D0001	0.013258	0.022097	0.000000	1	below-floor
cluster-0006	53	N0001923D0014	0.013166	0.021944	0.000000	1	below-floor
cluster-0006	54	N6893616D0018	0.012845	0.021408	0.000000	1	below-floor
cluster-0006	55	N0001920D0001	0.012781	0.021302	0.000000	1	below-floor
cluster-0006	56	N6893621D0007	0.012760	0.021267	0.000000	1	below-floor
cluster-0006	57	N6893623D0029	0.012430	0.020717	0.000000	1	below-floor
cluster-0006	58	N0042123D0005	0.011916	0.019859	0.000000	1	below-floor
cluster-0006	59	N0042119D0024	0.011838	0.019729	0.000000	1	below-floor
cluster-0006	60	N6893623D0045	0.011749	0.019582	0.000000	1	below-floor
cluster-0006	61	N6852021D0006	0.011476	0.019126	0.000000	1	below-floor
cluster-0006	62	N6893621D0046	0.011339	0.018899	0.000000	1	below-floor
cluster-0006	63	N6893619D0027	0.011239	0.018731	0.000000	1	below-floor
cluster-0006	64	N0001923D0013	0.011171	0.018618	0.000000	1	below-floor
cluster-0006	65	N0042122D0101	0.011164	0.018607	0.000000	1	below-floor
cluster-0006	66	N0042118D0028	0.010908	0.018180	0.000000	1	below-floor
cluster-0006	67	N0001925D0023	0.010879	0.018132	0.000000	1	below-floor
cluster-0006	68	N0001923D0018	0.010843	0.018071	0.000000	1	below-floor
cluster-0006	69	N0001919D0021	0.010813	0.018022	0.000000	1	below-floor
cluster-0006	70	N6852021D0002	0.010581	0.017635	0.000000	1	below-floor
cluster-0006	71	N6134021D0015	0.010330	0.017217	0.000000	1	below-floor
cluster-0006	72	N0001918D0111	0.010261	0.017102	0.000000	1	below-floor
cluster-0006	73	N0001920D0007	0.010158	0.016930	0.000000	1	below-floor
cluster-0006	74	N6893622D0024	0.009804	0.016339	0.000000	1	below-floor
cluster-0006	75	N6893624D0015	0.009723	0.016204	0.000000	1	below-floor
cluster-0006	76	N0042122D0094	0.009718	0.016196	0.000000	1	below-floor
cluster-0006	77	N0001922D0001	0.009661	0.016101	0.000000	1	below-floor
cluster-0006	78	N0042120D0006	0.009504	0.015839	0.000000	1	below-floor
cluster-0006	79	N6893622D0008	0.009494	0.015823	0.000000	1	below-floor
cluster-0006	80	N6893620D0016	0.009415	0.015692	0.000000	1	below-floor
cluster-0006	81	N6833524D0010	0.009414	0.015689	0.000000	1	below-floor
cluster-0006	82	DON-ESL-BPA	0.017581	0.029302	0.000000	2	below-floor
cluster-0006	83	GSA-MAS	0.010264	0.017107	0.000000	2	below-floor
cluster-0006	84	NASA-SEWP	0.011904	0.019840	0.000000	3	below-floor
cluster-0006	85	FA860423DB001	0.010638	0.017731	0.000000	3	below-floor
cluster-0006	86	GSA-OASIS-PLUS	0.009975	0.016626	0.000000	3	below-floor
cluster-0006	87	N6833522G0010	0.033104	0.055174	0.000000	5	below-floor
cluster-0006	88	N6833518G0014	0.022462	0.037437	0.000000	5	below-floor
cluster-0006	89	N0042123G0001	0.011575	0.019291	0.000000	5	below-floor
cluster-0006	90	N6833515G0022	0.009393	0.015654	0.000000	5	below-floor
cluster-0006	91	N6893621D0011	0.009016	0.015027	0.000000	1	below-floor
cluster-0006	92	N6134018D0009	0.008947	0.014911	0.000000	1	below-floor
cluster-0006	93	N0001922D0006	0.008888	0.014813	0.000000	1	below-floor
cluster-0006	94	N0042125D0302	0.008722	0.014537	0.000000	1	below-floor
cluster-0006	95	N0001918D0123	0.008452	0.014087	0.000000	1	below-floor
cluster-0006	96	N6893618D0026	0.007913	0.013189	0.000000	1	below-floor
cluster-0006	97	N6893619D0001	0.007724	0.012873	0.000000	1	below-floor
cluster-0006	98	N6134024D0013	0.007595	0.012658	0.000000	1	below-floor
cluster-0006	99	N6893622D0009	0.007576	0.012627	0.000000	1	below-floor
cluster-0006	100	N6134022D0002	0.007525	0.012542	0.000000	1	below-floor
cluster-0006	101	N0001923D0015	0.007431	0.012385	0.000000	1	below-floor
cluster-0006	102	N6134024D0001	0.007303	0.012171	0.000000	1	below-floor
cluster-0006	103	N0001924D0119	0.007215	0.012025	0.000000	1	below-floor
cluster-0006	104	N6134016D1003	0.007197	0.011996	0.000000	1	below-floor
cluster-0006	105	N6893623D0046	0.007189	0.011982	0.000000	1	below-floor
cluster-0006	106	N0001923D0011	0.007149	0.011914	0.000000	1	below-floor
cluster-0006	107	N6893623D0047	0.007144	0.011906	0.000000	1	below-floor
cluster-0006	108	N0001922D0004	0.007053	0.011754	0.000000	1	below-floor
cluster-0006	109	N0042119D0028	0.006828	0.011380	0.000000	1	below-floor
cluster-0006	110	N6134023D0004	0.006618	0.011030	0.000000	1	below-floor
cluster-0006	111	N0001925D0014	0.006564	0.010940	0.000000	1	below-floor
cluster-0006	112	N0001919D0027	0.006422	0.010703	0.000000	1	below-floor
cluster-0006	113	N0001919D0005	0.006373	0.010622	0.000000	1	below-floor
cluster-0006	114	N6852023D0111	0.006337	0.010561	0.000000	1	below-floor
cluster-0006	115	N0001922D0038	0.006217	0.010361	0.000000	1	below-floor
cluster-0006	116	NAWCAD-SCI-MAC	0.006129	0.010214	0.000000	1	below-floor
cluster-0006	117	N0042120D0007	0.006081	0.010135	0.000000	1	below-floor
cluster-0006	118	NAWCTSD-PACRM	0.005828	0.009713	0.000000	1	below-floor
cluster-0006	119	N6134021D0016	0.005602	0.009337	0.000000	1	below-floor
cluster-0006	120	N0042124D0005	0.005562	0.009270	0.000000	1	below-floor
cluster-0006	121	N6134020D0008	0.005491	0.009151	0.000000	1	below-floor
cluster-0006	122	N6893619D0048	0.005274	0.008791	0.000000	1	below-floor
cluster-0006	123	NAWCAD-CYBER-IDIQ	0.005236	0.008727	0.000000	1	below-floor
cluster-0006	124	N0042118D0042	0.005091	0.008485	0.000000	1	below-floor
cluster-0006	125	N0042117D0052	0.005021	0.008368	0.000000	1	below-floor
cluster-0006	126	N6893622D0021	0.004936	0.008226	0.000000	1	below-floor
cluster-0006	127	N0001923D0022	0.004846	0.008077	0.000000	1	below-floor
cluster-0006	128	N0001917D0009	0.004602	0.007671	0.000000	1	below-floor
cluster-0006	129	N6833520D0022	0.004557	0.007595	0.000000	1	below-floor
cluster-0006	130	N6893623D0019	0.004361	0.007269	0.000000	1	below-floor
cluster-0006	131	N0042121D0035	0.004344	0.007241	0.000000	1	below-floor
cluster-0006	132	N6833522D0008	0.004324	0.007206	0.000000	1	below-floor
cluster-0006	133	N6833522D0017	0.004318	0.007197	0.000000	1	below-floor
cluster-0006	134	N6893620D0014	0.004205	0.007008	0.000000	1	below-floor
cluster-0006	135	N6893621D0045	0.004188	0.006980	0.000000	1	below-floor
cluster-0006	136	N0001421D4002	0.004029	0.006714	0.000000	1	below-floor
cluster-0006	137	N6134023D0008	0.004021	0.006701	0.000000	1	below-floor
cluster-0006	138	N6134019D1010	0.003933	0.006556	0.000000	1	below-floor
cluster-0006	139	N0001920D0013	0.003931	0.006552	0.000000	1	below-floor
cluster-0006	140	N6893621D0044	0.003742	0.006236	0.000000	1	below-floor
cluster-0006	141	N6893622D0041	0.003717	0.006195	0.000000	1	below-floor
cluster-0006	142	N0042124D0012	0.003703	0.006172	0.000000	1	below-floor
cluster-0006	143	N0001918D0110	0.003615	0.006025	0.000000	1	below-floor
cluster-0006	144	N0042121D0008	0.003545	0.005908	0.000000	1	below-floor
cluster-0006	145	N0042120D0003	0.003081	0.005135	0.000000	1	below-floor
cluster-0006	146	N0042124D0022	0.003051	0.005086	0.000000	1	below-floor
cluster-0006	147	N0042124D0020	0.003004	0.005006	0.000000	1	below-floor
cluster-0006	148	N6893620D0015	0.002870	0.004783	0.000000	1	below-floor
cluster-0006	149	N6893624D0006	0.002847	0.004745	0.000000	1	below-floor
cluster-0006	150	N0042118D0059	0.002785	0.004642	0.000000	1	below-floor
cluster-0006	151	N0042118D0015	0.002730	0.004551	0.000000	1	below-floor
cluster-0006	152	N0042123D0011	0.002367	0.003945	0.000000	1	below-floor
cluster-0006	153	N6134022D0006	0.002310	0.003851	0.000000	1	below-floor
cluster-0006	154	N0042124D0008	0.002239	0.003732	0.000000	1	below-floor
cluster-0006	155	N0042120D0023	0.002223	0.003704	0.000000	1	below-floor
cluster-0006	156	N6134022D0008	0.002222	0.003704	0.000000	1	below-floor
cluster-0006	157	N6833525D0004	0.002095	0.003492	0.000000	1	below-floor
cluster-0006	158	N0042121D0002	0.002045	0.003409	0.000000	1	below-floor
cluster-0006	159	N0042121D0018	0.002044	0.003407	0.000000	1	below-floor
cluster-0006	160	N0042120D0117	0.001992	0.003320	0.000000	1	below-floor
cluster-0006	161	N6893620D0005	0.001989	0.003315	0.000000	1	below-floor
cluster-0006	162	N0042116D0002	0.001945	0.003242	0.000000	1	below-floor
cluster-0006	163	N0042122D0005	0.001944	0.003239	0.000000	1	below-floor
cluster-0006	164	N0042119D0065	0.001906	0.003176	0.000000	1	below-floor
cluster-0006	165	N6893625D0011	0.001838	0.003063	0.000000	1	below-floor
cluster-0006	166	N6833525D0005	0.001796	0.002994	0.000000	1	below-floor
cluster-0006	167	N0042122D0002	0.001769	0.002949	0.000000	1	below-floor
cluster-0006	168	N6893624D0001	0.001750	0.002917	0.000000	1	below-floor
cluster-0006	169	N0042119D0058	0.001683	0.002805	0.000000	1	below-floor
cluster-0006	170	N0001917D0089	0.001671	0.002785	0.000000	1	below-floor
cluster-0006	171	N6893621D0051	0.001667	0.002778	0.000000	1	below-floor
cluster-0006	172	N0042123D0019	0.001626	0.002711	0.000000	1	below-floor
cluster-0006	173	N6833520D0935	0.001621	0.002702	0.000000	1	below-floor
cluster-0006	174	N6833523D0004	0.001520	0.002533	0.000000	1	below-floor
cluster-0006	175	N6833523D0003	0.001507	0.002512	0.000000	1	below-floor
cluster-0006	176	N0042119D0026	0.001501	0.002501	0.000000	1	below-floor
cluster-0006	177	N0042119D0055	0.001489	0.002481	0.000000	1	below-floor
cluster-0006	178	N0001921D0010	0.001437	0.002395	0.000000	1	below-floor
cluster-0006	179	N6134020D0024	0.001377	0.002294	0.000000	1	below-floor
cluster-0006	180	N0042120D0001	0.001357	0.002261	0.000000	1	below-floor
cluster-0006	181	N0042116D0013	0.001307	0.002179	0.000000	1	below-floor
cluster-0006	182	N0042119D0066	0.001302	0.002171	0.000000	1	below-floor
cluster-0006	183	N0042118D0001	0.001257	0.002095	0.000000	1	below-floor
cluster-0006	184	N6134021D0013	0.001250	0.002083	0.000000	1	below-floor
cluster-0006	185	N6893624D0012	0.001223	0.002038	0.000000	1	below-floor
cluster-0006	186	N6893623D0021	0.001218	0.002030	0.000000	1	below-floor
cluster-0006	187	N6134024D0006	0.001171	0.001952	0.000000	1	below-floor
cluster-0006	188	N0042120D0072	0.001163	0.001939	0.000000	1	below-floor
cluster-0006	189	N6833521D0214	0.001158	0.001930	0.000000	1	below-floor
cluster-0006	190	N6833521D0064	0.001155	0.001925	0.000000	1	below-floor
cluster-0006	191	N0042117D0032	0.001142	0.001904	0.000000	1	below-floor
cluster-0006	192	N6833524D0020	0.001082	0.001803	0.000000	1	below-floor
cluster-0006	193	N6852023D0012	0.001073	0.001789	0.000000	1	below-floor
cluster-0006	194	N6893621D0016	0.001047	0.001745	0.000000	1	below-floor
cluster-0006	195	N6134020D0002	0.001017	0.001695	0.000000	1	below-floor
cluster-0006	196	N0042117D0015	0.001016	0.001693	0.000000	1	below-floor
cluster-0006	197	N6833521D0227	0.000976	0.001626	0.000000	1	below-floor
cluster-0006	198	N0042119D0042	0.000973	0.001621	0.000000	1	below-floor
cluster-0006	199	N0042119D0060	0.000946	0.001577	0.000000	1	below-floor
cluster-0006	200	N6893624D0009	0.000913	0.001522	0.000000	1	below-floor
cluster-0006	201	N0042121D0007	0.000894	0.001490	0.000000	1	below-floor
cluster-0006	202	N6833523D0035	0.000834	0.001390	0.000000	1	below-floor
cluster-0006	203	N6833523D0046	0.000817	0.001362	0.000000	1	below-floor
cluster-0006	204	N0042120D0028	0.000780	0.001300	0.000000	1	below-floor
cluster-0006	205	N6893621D0001	0.000768	0.001280	0.000000	1	below-floor
cluster-0006	206	N6833525D0010	0.000738	0.001229	0.000000	1	below-floor
cluster-0006	207	N6893624D0008	0.000736	0.001227	0.000000	1	below-floor
cluster-0006	208	N0042121D0034	0.000732	0.001219	0.000000	1	below-floor
cluster-0006	209	N0042121D0037	0.000708	0.001180	0.000000	1	below-floor
cluster-0006	210	N6134020D0011	0.000696	0.001160	0.000000	1	below-floor
cluster-0006	211	N0042121D0001	0.000688	0.001147	0.000000	1	below-floor
cluster-0006	212	N6893622D0017	0.000682	0.001137	0.000000	1	below-floor
cluster-0006	213	N6893622D0032	0.000682	0.001136	0.000000	1	below-floor
cluster-0006	214	N6893622D0038	0.000665	0.001109	0.000000	1	below-floor
cluster-0006	215	N6893624D0017	0.000653	0.001088	0.000000	1	below-floor
cluster-0006	216	N0042119D0047	0.000646	0.001077	0.000000	1	below-floor
cluster-0006	217	N6893623D0014	0.000637	0.001061	0.000000	1	below-floor
cluster-0006	218	N0001922D0040	0.000630	0.001050	0.000000	1	below-floor
cluster-0006	219	N0042119D0076	0.000628	0.001046	0.000000	1	below-floor
cluster-0006	220	N6134022D0004	0.000623	0.001038	0.000000	1	below-floor
cluster-0006	221	N0042119D0029	0.000586	0.000977	0.000000	1	below-floor
cluster-0006	222	N6833523D0001	0.000584	0.000973	0.000000	1	below-floor
cluster-0006	223	N6833521D0229	0.000578	0.000963	0.000000	1	below-floor
cluster-0006	224	N0042120D0071	0.000558	0.000930	0.000000	1	below-floor
cluster-0006	225	N6852021D0005	0.000551	0.000919	0.000000	1	below-floor
cluster-0006	226	N6134020D0004	0.000543	0.000904	0.000000	1	below-floor
cluster-0006	227	N6852023D0014	0.000529	0.000881	0.000000	1	below-floor
cluster-0006	228	N0001920D0106	0.000520	0.000866	0.000000	1	below-floor
cluster-0006	229	N6893618D0012	0.000516	0.000860	0.000000	1	below-floor
cluster-0006	230	N6833525D0001	0.000511	0.000851	0.000000	1	below-floor
cluster-0006	231	N0001923D0012	0.000509	0.000848	0.000000	1	below-floor
cluster-0006	232	N0001924D0004	0.000501	0.000836	0.000000	1	below-floor
cluster-0006	233	N6893620D0024	0.000494	0.000823	0.000000	1	below-floor
cluster-0006	234	N6833521D0045	0.000487	0.000811	0.000000	1	below-floor
cluster-0006	235	N0042116D0005	0.000484	0.000807	0.000000	1	below-floor
cluster-0006	236	N0001919D0032	0.000477	0.000795	0.000000	1	below-floor
cluster-0006	237	N6833524D0019	0.000470	0.000784	0.000000	1	below-floor
cluster-0006	238	N6893624D0013	0.000459	0.000765	0.000000	1	below-floor
cluster-0006	239	N0001920D0008	0.000448	0.000746	0.000000	1	below-floor
cluster-0006	240	N0001919D0012	0.000438	0.000730	0.000000	1	below-floor
cluster-0006	241	N0001919D0013	0.000438	0.000730	0.000000	1	below-floor
cluster-0006	242	N0001921D0050	0.000428	0.000714	0.000000	1	below-floor
cluster-0006	243	N0001918D0001	0.000422	0.000703	0.000000	1	below-floor
cluster-0006	244	N6833521D0049	0.000402	0.000669	0.000000	1	below-floor
cluster-0006	245	N0042118D0044	0.000396	0.000660	0.000000	1	below-floor
cluster-0006	246	N6893623D0018	0.000392	0.000654	0.000000	1	below-floor
cluster-0006	247	N6833521D0048	0.000387	0.000645	0.000000	1	below-floor
cluster-0006	248	N6833524D0021	0.000387	0.000645	0.000000	1	below-floor
cluster-0006	249	N6852023D0011	0.000381	0.000635	0.000000	1	below-floor
cluster-0006	250	N0042121D0033	0.000342	0.000570	0.000000	1	below-floor
cluster-0006	251	N0001917D0004	0.000310	0.000517	0.000000	1	below-floor
cluster-0006	252	N0001923D0008	0.000272	0.000453	0.000000	1	below-floor
cluster-0006	253	N0001920D0051	0.000216	0.000360	0.000000	1	below-floor
cluster-0006	254	N0001917D0101	0.000000	0.000000	0.000000	1	below-floor
cluster-0006	255	N0001918D0118	0.000000	0.000000	0.000000	1	below-floor
cluster-0006	256	N0001919D0015	0.000000	0.000000	0.000000	1	below-floor
cluster-0006	257	N0001919D0023	0.000000	0.000000	0.000000	1	below-floor
cluster-0006	258	N0001919D0026	0.000000	0.000000	0.000000	1	below-floor
cluster-0006	259	N0001920D0016	0.000000	0.000000	0.000000	1	below-floor
cluster-0006	260	N0001920D0024	0.000000	0.000000	0.000000	1	below-floor
cluster-0006	261	N0001920D0109	0.000000	0.000000	0.000000	1	below-floor
cluster-0006	262	N0001921D0011	0.000000	0.000000	0.000000	1	below-floor
cluster-0006	263	N0001921D0015	0.000000	0.000000	0.000000	1	below-floor
cluster-0006	264	N0001922D0003	0.000000	0.000000	0.000000	1	below-floor
cluster-0006	265	N0001922D0007	0.000000	0.000000	0.000000	1	below-floor
cluster-0006	266	N0001922D0008	0.000000	0.000000	0.000000	1	below-floor
cluster-0006	267	N0001922D0011	0.000000	0.000000	0.000000	1	below-floor
cluster-0006	268	N0001922D0022	0.000000	0.000000	0.000000	1	below-floor
cluster-0006	269	N0001923D0009	0.000000	0.000000	0.000000	1	below-floor
cluster-0006	270	N0001924D0008	0.000000	0.000000	0.000000	1	below-floor
cluster-0006	271	N0001924D0106	0.000000	0.000000	0.000000	1	below-floor
cluster-0006	272	N0001924D0110	0.000000	0.000000	0.000000	1	below-floor
cluster-0006	273	N0001924D0126	0.000000	0.000000	0.000000	1	below-floor
cluster-0006	274	N0024424D0005	0.000000	0.000000	0.000000	1	below-floor
cluster-0006	275	N0024424D0010	0.000000	0.000000	0.000000	1	below-floor
cluster-0006	276	N0038324DBK01	0.000000	0.000000	0.000000	1	below-floor
cluster-0006	277	N0042115D0005	0.000000	0.000000	0.000000	1	below-floor
cluster-0006	278	N0042117D0027	0.000000	0.000000	0.000000	1	below-floor
cluster-0006	279	N0042117D0031	0.000000	0.000000	0.000000	1	below-floor
cluster-0006	280	N0042118D0007	0.000000	0.000000	0.000000	1	below-floor
cluster-0006	281	N0042118D0016	0.000000	0.000000	0.000000	1	below-floor
cluster-0006	282	N0042118D0017	0.000000	0.000000	0.000000	1	below-floor
cluster-0006	283	N0042118D0030	0.000000	0.000000	0.000000	1	below-floor
cluster-0006	284	N0042118D0054	0.000000	0.000000	0.000000	1	below-floor
cluster-0006	285	N0042118D0062	0.000000	0.000000	0.000000	1	below-floor
cluster-0006	286	N0042119D0001	0.000000	0.000000	0.000000	1	below-floor
cluster-0006	287	N0042119D0002	0.000000	0.000000	0.000000	1	below-floor
cluster-0006	288	N0042119D0023	0.000000	0.000000	0.000000	1	below-floor
cluster-0006	289	N0042119D0033	0.000000	0.000000	0.000000	1	below-floor
cluster-0006	290	N0042119D0035	0.000000	0.000000	0.000000	1	below-floor
cluster-0006	291	N0042119D0071	0.000000	0.000000	0.000000	1	below-floor
cluster-0006	292	N0042119D0075	0.000000	0.000000	0.000000	1	below-floor
cluster-0006	293	N0042120D0012	0.000000	0.000000	0.000000	1	below-floor
cluster-0006	294	N0042120D0015	0.000000	0.000000	0.000000	1	below-floor
cluster-0006	295	N0042120D0024	0.000000	0.000000	0.000000	1	below-floor
cluster-0006	296	N0042120D0073	0.000000	0.000000	0.000000	1	below-floor
cluster-0006	297	N0042120D0109	0.000000	0.000000	0.000000	1	below-floor
cluster-0006	298	N0042120D0115	0.000000	0.000000	0.000000	1	below-floor
cluster-0006	299	N0042120D0123	0.000000	0.000000	0.000000	1	below-floor
cluster-0006	300	N0042121D0005	0.000000	0.000000	0.000000	1	below-floor
cluster-0006	301	N0042121D0019	0.000000	0.000000	0.000000	1	below-floor
cluster-0006	302	N0042121D0023	0.000000	0.000000	0.000000	1	below-floor
cluster-0006	303	N0042122D0001	0.000000	0.000000	0.000000	1	below-floor
cluster-0006	304	N0042122D0003	0.000000	0.000000	0.000000	1	below-floor
cluster-0006	305	N0042122D0084	0.000000	0.000000	0.000000	1	below-floor
cluster-0006	306	N0042122D0096	0.000000	0.000000	0.000000	1	below-floor
cluster-0006	307	N0042122D0099	0.000000	0.000000	0.000000	1	below-floor
cluster-0006	308	N0042123D0001	0.000000	0.000000	0.000000	1	below-floor
cluster-0006	309	N0042124D0011	0.000000	0.000000	0.000000	1	below-floor
cluster-0006	310	N0042124D0071	0.000000	0.000000	0.000000	1	below-floor
cluster-0006	311	N0042125D0301	0.000000	0.000000	0.000000	1	below-floor
cluster-0006	312	N0042125D0303	0.000000	0.000000	0.000000	1	below-floor
cluster-0006	313	N6134015D0003	0.000000	0.000000	0.000000	1	below-floor
cluster-0006	314	N6134017D0002	0.000000	0.000000	0.000000	1	below-floor
cluster-0006	315	N6134018D0002	0.000000	0.000000	0.000000	1	below-floor
cluster-0006	316	N6134019D0003	0.000000	0.000000	0.000000	1	below-floor
cluster-0006	317	N6134019D0906	0.000000	0.000000	0.000000	1	below-floor
cluster-0006	318	N6134020D0015	0.000000	0.000000	0.000000	1	below-floor
cluster-0006	319	N6134020D0019	0.000000	0.000000	0.000000	1	below-floor
cluster-0006	320	N6134020D0020	0.000000	0.000000	0.000000	1	below-floor
cluster-0006	321	N6134020D0021	0.000000	0.000000	0.000000	1	below-floor
cluster-0006	322	N6134021D0017	0.000000	0.000000	0.000000	1	below-floor
cluster-0006	323	N6134023D0003	0.000000	0.000000	0.000000	1	below-floor
cluster-0006	324	N6134025D0005	0.000000	0.000000	0.000000	1	below-floor
cluster-0006	325	N6134025D0006	0.000000	0.000000	0.000000	1	below-floor
cluster-0006	326	N6833515D0026	0.000000	0.000000	0.000000	1	below-floor
cluster-0006	327	N6833516D0013	0.000000	0.000000	0.000000	1	below-floor
cluster-0006	328	N6833516D0020	0.000000	0.000000	0.000000	1	below-floor
cluster-0006	329	N6833517D0021	0.000000	0.000000	0.000000	1	below-floor
cluster-0006	330	N6833519D0082	0.000000	0.000000	0.000000	1	below-floor
cluster-0006	331	N6833519D0135	0.000000	0.000000	0.000000	1	below-floor
cluster-0006	332	N6833520D0032	0.000000	0.000000	0.000000	1	below-floor
cluster-0006	333	N6833520D0048	0.000000	0.000000	0.000000	1	below-floor
cluster-0006	334	N6833521D0053	0.000000	0.000000	0.000000	1	below-floor
cluster-0006	335	N6833522D0004	0.000000	0.000000	0.000000	1	below-floor
cluster-0006	336	N6833522D0013	0.000000	0.000000	0.000000	1	below-floor
cluster-0006	337	N6833522D0022	0.000000	0.000000	0.000000	1	below-floor
cluster-0006	338	N6833522D0037	0.000000	0.000000	0.000000	1	below-floor
cluster-0006	339	N6833522D0039	0.000000	0.000000	0.000000	1	below-floor
cluster-0006	340	N6833523D0010	0.000000	0.000000	0.000000	1	below-floor
cluster-0006	341	N6833523D0017	0.000000	0.000000	0.000000	1	below-floor
cluster-0006	342	N6833523D0025	0.000000	0.000000	0.000000	1	below-floor
cluster-0006	343	N6833523D0029	0.000000	0.000000	0.000000	1	below-floor
cluster-0006	344	N6833524D0002	0.000000	0.000000	0.000000	1	below-floor
cluster-0006	345	N6833524D0003	0.000000	0.000000	0.000000	1	below-floor
cluster-0006	346	N6833524D0009	0.000000	0.000000	0.000000	1	below-floor
cluster-0006	347	N6833524D0018	0.000000	0.000000	0.000000	1	below-floor
cluster-0006	348	N6833524D0023	0.000000	0.000000	0.000000	1	below-floor
cluster-0006	349	N6852021D0004	0.000000	0.000000	0.000000	1	below-floor
cluster-0006	350	N6852022D0003	0.000000	0.000000	0.000000	1	below-floor
cluster-0006	351	N6852023D0001	0.000000	0.000000	0.000000	1	below-floor
cluster-0006	352	N6852023D0013	0.000000	0.000000	0.000000	1	below-floor
cluster-0006	353	N6893614D0008	0.000000	0.000000	0.000000	1	below-floor
cluster-0006	354	N6893615D0015	0.000000	0.000000	0.000000	1	below-floor
cluster-0006	355	N6893616D0016	0.000000	0.000000	0.000000	1	below-floor
cluster-0006	356	N6893617D0010	0.000000	0.000000	0.000000	1	below-floor
cluster-0006	357	N6893618D0006	0.000000	0.000000	0.000000	1	below-floor
cluster-0006	358	N6893618D0014	0.000000	0.000000	0.000000	1	below-floor
cluster-0006	359	N6893618D0015	0.000000	0.000000	0.000000	1	below-floor
cluster-0006	360	N6893618D0029	0.000000	0.000000	0.000000	1	below-floor
cluster-0006	361	N6893618D0036	0.000000	0.000000	0.000000	1	below-floor
cluster-0006	362	N6893619D0007	0.000000	0.000000	0.000000	1	below-floor
cluster-0006	363	N6893619D0008	0.000000	0.000000	0.000000	1	below-floor
cluster-0006	364	N6893619D0017	0.000000	0.000000	0.000000	1	below-floor
cluster-0006	365	N6893619D0020	0.000000	0.000000	0.000000	1	below-floor
cluster-0006	366	N6893619D0035	0.000000	0.000000	0.000000	1	below-floor
cluster-0006	367	N6893620D0018	0.000000	0.000000	0.000000	1	below-floor
cluster-0006	368	N6893621D0009	0.000000	0.000000	0.000000	1	below-floor
cluster-0006	369	N6893621D0010	0.000000	0.000000	0.000000	1	below-floor
cluster-0006	370	N6893621D0017	0.000000	0.000000	0.000000	1	below-floor
cluster-0006	371	N6893621D0024	0.000000	0.000000	0.000000	1	below-floor
cluster-0006	372	N6893621D0026	0.000000	0.000000	0.000000	1	below-floor
cluster-0006	373	N6893621D0043	0.000000	0.000000	0.000000	1	below-floor
cluster-0006	374	N6893622D0004	0.000000	0.000000	0.000000	1	below-floor
cluster-0006	375	N6893622D0007	0.000000	0.000000	0.000000	1	below-floor
cluster-0006	376	N6893622D0011	0.000000	0.000000	0.000000	1	below-floor
cluster-0006	377	N6893622D0014	0.000000	0.000000	0.000000	1	below-floor
cluster-0006	378	N6893622D0015	0.000000	0.000000	0.000000	1	below-floor
cluster-0006	379	N6893622D0018	0.000000	0.000000	0.000000	1	below-floor
cluster-0006	380	N6893622D0025	0.000000	0.000000	0.000000	1	below-floor
cluster-0006	381	N6893622D0026	0.000000	0.000000	0.000000	1	below-floor
cluster-0006	382	N6893622D0027	0.000000	0.000000	0.000000	1	below-floor
cluster-0006	383	N6893622D0034	0.000000	0.000000	0.000000	1	below-floor
cluster-0006	384	N6893622D0036	0.000000	0.000000	0.000000	1	below-floor
cluster-0006	385	N6893623D0023	0.000000	0.000000	0.000000	1	below-floor
cluster-0006	386	N6893623D0025	0.000000	0.000000	0.000000	1	below-floor
cluster-0006	387	N6893623D0026	0.000000	0.000000	0.000000	1	below-floor
cluster-0006	388	N6893623D0028	0.000000	0.000000	0.000000	1	below-floor
cluster-0006	389	N6893623D0036	0.000000	0.000000	0.000000	1	below-floor
cluster-0006	390	N6893623D0037	0.000000	0.000000	0.000000	1	below-floor
cluster-0006	391	N6893623D0039	0.000000	0.000000	0.000000	1	below-floor
cluster-0006	392	N6893623D0041	0.000000	0.000000	0.000000	1	below-floor
cluster-0006	393	N6893623D0042	0.000000	0.000000	0.000000	1	below-floor
cluster-0006	394	N6893623D0051	0.000000	0.000000	0.000000	1	below-floor
cluster-0006	395	N6893623D0054	0.000000	0.000000	0.000000	1	below-floor
cluster-0006	396	N6893624D0002	0.000000	0.000000	0.000000	1	below-floor
cluster-0006	397	N6893624D0003	0.000000	0.000000	0.000000	1	below-floor
cluster-0006	398	N6893624D0007	0.000000	0.000000	0.000000	1	below-floor
cluster-0006	399	N6893624D0020	0.000000	0.000000	0.000000	1	below-floor
cluster-0006	400	N6893624D0022	0.000000	0.000000	0.000000	1	below-floor
cluster-0006	401	N6893624D0023	0.000000	0.000000	0.000000	1	below-floor
cluster-0006	402	N6893624D0025	0.000000	0.000000	0.000000	1	below-floor
cluster-0006	403	N6893625D0001	0.000000	0.000000	0.000000	1	below-floor
cluster-0006	404	N6893625D0008	0.000000	0.000000	0.000000	1	below-floor
cluster-0006	405	N6833524A0032	0.008838	0.014730	0.000000	2	below-floor
cluster-0006	406	N6833522A0017	0.007723	0.012872	0.000000	2	below-floor
cluster-0006	407	N6833523A0134	0.007669	0.012782	0.000000	2	below-floor
cluster-0006	408	N6833523A0040	0.007385	0.012309	0.000000	2	below-floor
cluster-0006	409	N6833523A0021	0.006734	0.011223	0.000000	2	below-floor
cluster-0006	410	N0042124A0003	0.006107	0.010178	0.000000	2	below-floor
cluster-0006	411	N6833523A0016	0.004737	0.007895	0.000000	2	below-floor
cluster-0006	412	N6833523A0049	0.004728	0.007879	0.000000	2	below-floor
cluster-0006	413	N6833523A0153	0.004688	0.007813	0.000000	2	below-floor
cluster-0006	414	N6833524A0040	0.003930	0.006550	0.000000	2	below-floor
cluster-0006	415	N6833523A0025	0.003859	0.006431	0.000000	2	below-floor
cluster-0006	416	N6833523A0062	0.003850	0.006417	0.000000	2	below-floor
cluster-0006	417	N6833523A0043	0.003752	0.006254	0.000000	2	below-floor
cluster-0006	418	N6833523A0020	0.003418	0.005697	0.000000	2	below-floor
cluster-0006	419	N6833523A0030	0.003405	0.005675	0.000000	2	below-floor
cluster-0006	420	N6833523A0167	0.003326	0.005543	0.000000	2	below-floor
cluster-0006	421	N6833522A0035	0.003267	0.005445	0.000000	2	below-floor
cluster-0006	422	N6833523A0018	0.003267	0.005445	0.000000	2	below-floor
cluster-0006	423	N6833523A0041	0.003267	0.005445	0.000000	2	below-floor
cluster-0006	424	N6833523A0051	0.003267	0.005445	0.000000	2	below-floor
cluster-0006	425	N6833523A0059	0.003267	0.005445	0.000000	2	below-floor
cluster-0006	426	N6833523A0038	0.003221	0.005368	0.000000	2	below-floor
cluster-0006	427	N0042124A0004	0.003182	0.005304	0.000000	2	below-floor
cluster-0006	428	N6833525A0008	0.002492	0.004153	0.000000	2	below-floor
cluster-0006	429	N6833522A0032	0.002432	0.004053	0.000000	2	below-floor
cluster-0006	430	N6833523A0029	0.001474	0.002456	0.000000	2	below-floor
cluster-0006	431	N6833523A0027	0.000510	0.000850	0.000000	2	below-floor
cluster-0006	432	N0042124A0005	0.000000	0.000000	0.000000	2	below-floor
cluster-0006	433	N6833522A0027	0.000000	0.000000	0.000000	2	below-floor
cluster-0006	434	N6833522A0029	0.000000	0.000000	0.000000	2	below-floor
cluster-0006	435	N6833523A0028	0.000000	0.000000	0.000000	2	below-floor
cluster-0006	436	N6833523A0120	0.000000	0.000000	0.000000	2	below-floor
cluster-0006	437	N6833523A0151	0.000000	0.000000	0.000000	2	below-floor
cluster-0006	438	N6833523A0194	0.000000	0.000000	0.000000	2	below-floor
cluster-0006	439	N6833524A0002	0.000000	0.000000	0.000000	2	below-floor
cluster-0006	440	N6833524A0007	0.000000	0.000000	0.000000	2	below-floor
cluster-0006	441	N6833524A0016	0.000000	0.000000	0.000000	2	below-floor
cluster-0006	442	N6833524A0026	0.000000	0.000000	0.000000	2	below-floor
cluster-0006	443	N6833524A0033	0.000000	0.000000	0.000000	2	below-floor
cluster-0006	444	N6833525A0007	0.000000	0.000000	0.000000	2	below-floor
cluster-0006	445	N6833525A0038	0.000000	0.000000	0.000000	2	below-floor
cluster-0006	446	N6852024A0004	0.000000	0.000000	0.000000	2	below-floor
cluster-0006	447	N6883621A0003	0.000000	0.000000	0.000000	2	below-floor
cluster-0006	448	W15QKN15D0001	0.002332	0.003886	0.000000	3	below-floor
cluster-0006	449	FA857619D0001	0.000573	0.000955	0.000000	3	below-floor
cluster-0006	450	N6134019G0002	0.007903	0.013171	0.000000	5	below-floor
cluster-0006	451	N6833520G3036	0.006997	0.011662	0.000000	5	below-floor
cluster-0006	452	N6833521G0021	0.006963	0.011604	0.000000	5	below-floor
cluster-0006	453	N6833522G0029	0.006806	0.011343	0.000000	5	below-floor
cluster-0006	454	N6833519G0013	0.006561	0.010935	0.000000	5	below-floor
cluster-0006	455	N0042124G0005	0.004873	0.008121	0.000000	5	below-floor
cluster-0006	456	N0042121G0005	0.004312	0.007186	0.000000	5	below-floor
cluster-0006	457	N6833520G1048	0.003926	0.006544	0.000000	5	below-floor
cluster-0006	458	NAVAIR-HQ-BOA	0.002997	0.004996	0.000000	5	below-floor
cluster-0006	459	N6833524G0021	0.002611	0.004351	0.000000	5	below-floor
cluster-0006	460	N6833523G0001	0.001678	0.002797	0.000000	5	below-floor
cluster-0006	461	N0042123G0005	0.001591	0.002652	0.000000	5	below-floor
cluster-0006	462	N6833523G0004	0.001380	0.002300	0.000000	5	below-floor
cluster-0006	463	N6833524G0009	0.001273	0.002121	0.000000	5	below-floor
cluster-0006	464	N6833524G0007	0.000782	0.001304	0.000000	5	below-floor
cluster-0006	465	N6833522G0036	0.000487	0.000811	0.000000	5	below-floor
cluster-0006	466	N0042117G0003	0.000000	0.000000	0.000000	5	below-floor
cluster-0006	467	N0042119G0001	0.000000	0.000000	0.000000	5	below-floor
cluster-0006	468	N0042119G0004	0.000000	0.000000	0.000000	5	below-floor
cluster-0006	469	N0042121G0004	0.000000	0.000000	0.000000	5	below-floor
cluster-0006	470	N0042122G0101	0.000000	0.000000	0.000000	5	below-floor
cluster-0006	471	N0042123G0002	0.000000	0.000000	0.000000	5	below-floor
cluster-0006	472	N0042123G0004	0.000000	0.000000	0.000000	5	below-floor
cluster-0006	473	N0042124G0001	0.000000	0.000000	0.000000	5	below-floor
cluster-0006	474	N0042125G0003	0.000000	0.000000	0.000000	5	below-floor
cluster-0006	475	N6833519G0041	0.000000	0.000000	0.000000	5	below-floor
cluster-0006	476	N6833519G0050	0.000000	0.000000	0.000000	5	below-floor
cluster-0006	477	N6833519G0059	0.000000	0.000000	0.000000	5	below-floor
cluster-0006	478	N6833520G0002	0.000000	0.000000	0.000000	5	below-floor
cluster-0006	479	N6833521G0020	0.000000	0.000000	0.000000	5	below-floor
cluster-0006	480	N6833522G0035	0.000000	0.000000	0.000000	5	below-floor
cluster-0006	481	N6833522G0041	0.000000	0.000000	0.000000	5	below-floor
cluster-0006	482	N6833524G0028	0.000000	0.000000	0.000000	5	below-floor
cluster-0006	483	N6833524G0038	0.000000	0.000000	0.000000	5	below-floor
cluster-0006	484	SPE4A123G0002	0.000000	0.000000	0.000000	5	below-floor
cluster-0007	1	N6893621D0011	0.066012	0.110019	0.000000	1	candidate
cluster-0007	2	N0042122D0101	0.038819	0.064699	0.000000	1	below-floor
cluster-0007	3	N0042120D0007	0.038567	0.064278	0.000000	1	below-floor
cluster-0007	4	N0042119D0055	0.036008	0.060013	0.000000	1	below-floor
cluster-0007	5	N0001925D0014	0.033957	0.056594	0.000000	1	below-floor
cluster-0007	6	N0042121D0010	0.033336	0.055561	0.000000	1	below-floor
cluster-0007	7	N6134018D0004	0.032498	0.054163	0.000000	1	below-floor
cluster-0007	8	N6134023D0008	0.031831	0.053051	0.000000	1	below-floor
cluster-0007	9	SEAPORT-NXG	0.031503	0.052504	0.000000	1	below-floor
cluster-0007	10	N0042124D0020	0.027803	0.046338	0.000000	1	below-floor
cluster-0007	11	N6893618D0006	0.027094	0.045156	0.000000	1	below-floor
cluster-0007	12	N6893621D0051	0.026699	0.044499	0.000000	1	below-floor
cluster-0007	13	N6134022D0008	0.023152	0.038587	0.000000	1	below-floor
cluster-0007	14	N6893621D0024	0.022421	0.037368	0.000000	1	below-floor
cluster-0007	15	N0001925D0016	0.020310	0.033849	0.000000	1	below-floor
cluster-0007	16	N0042116D0002	0.019341	0.032235	0.000000	1	below-floor
cluster-0007	17	N0001919D0023	0.016913	0.028188	0.000000	1	below-floor
cluster-0007	18	N0042119D0042	0.016690	0.027816	0.000000	1	below-floor
cluster-0007	19	N0042118D0015	0.016104	0.026839	0.000000	1	below-floor
cluster-0007	20	N6833520G3036	0.017989	0.029981	0.000000	5	below-floor
cluster-0007	21	N6893622D0002	0.015613	0.026022	0.000000	1	below-floor
cluster-0007	22	N0001920D0051	0.014897	0.024829	0.000000	1	below-floor
cluster-0007	23	N0001918D0123	0.014572	0.024287	0.000000	1	below-floor
cluster-0007	24	N6893622D0026	0.013879	0.023131	0.000000	1	below-floor
cluster-0007	25	N0042121D0019	0.013403	0.022339	0.000000	1	below-floor
cluster-0007	26	N6893622D0007	0.013062	0.021770	0.000000	1	below-floor
cluster-0007	27	N0042124D0006	0.012907	0.021512	0.000000	1	below-floor
cluster-0007	28	N0001920D0017	0.012765	0.021275	0.000000	1	below-floor
cluster-0007	29	N0042117D0045	0.012725	0.021208	0.000000	1	below-floor
cluster-0007	30	N6833522D0004	0.012608	0.021014	0.000000	1	below-floor
cluster-0007	31	N0042120D0010	0.012433	0.020722	0.000000	1	below-floor
cluster-0007	32	N6893625D0013	0.012198	0.020330	0.000000	1	below-floor
cluster-0007	33	N6893620D0015	0.012188	0.020314	0.000000	1	below-floor
cluster-0007	34	N6134021D0015	0.011989	0.019981	0.000000	1	below-floor
cluster-0007	35	N0001920D0023	0.011820	0.019699	0.000000	1	below-floor
cluster-0007	36	N6893623D0014	0.011752	0.019587	0.000000	1	below-floor
cluster-0007	37	N6893623D0051	0.011498	0.019164	0.000000	1	below-floor
cluster-0007	38	N0042123D0007	0.010930	0.018217	0.000000	1	below-floor
cluster-0007	39	N0042119D0065	0.010840	0.018067	0.000000	1	below-floor
cluster-0007	40	N6893614D0008	0.010537	0.017561	0.000000	1	below-floor
cluster-0007	41	N6833522D0017	0.010323	0.017205	0.000000	1	below-floor
cluster-0007	42	NAWCTSD-FTSS-V	0.010226	0.017044	0.000000	1	below-floor
cluster-0007	43	N0001920D0109	0.010217	0.017028	0.000000	1	below-floor
cluster-0007	44	N0001921D0004	0.010143	0.016905	0.000000	1	below-floor
cluster-0007	45	N0042119D0024	0.010133	0.016889	0.000000	1	below-floor
cluster-0007	46	N6893623D0023	0.009942	0.016570	0.000000	1	below-floor
cluster-0007	47	N0001924D0114	0.009663	0.016104	0.000000	1	below-floor
cluster-0007	48	N6893619D0001	0.009550	0.015917	0.000000	1	below-floor
cluster-0007	49	N0001922D0004	0.009453	0.015756	0.000000	1	below-floor
cluster-0007	50	N0042119D0028	0.009451	0.015752	0.000000	1	below-floor
cluster-0007	51	NAWCTSD-PACRM	0.008945	0.014908	0.000000	1	below-floor
cluster-0007	52	N6893623D0019	0.008937	0.014894	0.000000	1	below-floor
cluster-0007	53	N6833521D0225	0.008788	0.014647	0.000000	1	below-floor
cluster-0007	54	N0042120D0071	0.008635	0.014392	0.000000	1	below-floor
cluster-0007	55	N6893621D0007	0.008622	0.014370	0.000000	1	below-floor
cluster-0007	56	N0001920D0013	0.008573	0.014289	0.000000	1	below-floor
cluster-0007	57	N6893620D0014	0.008507	0.014179	0.000000	1	below-floor
cluster-0007	58	N0042123D0005	0.008489	0.014149	0.000000	1	below-floor
cluster-0007	59	N6893620D0005	0.008471	0.014119	0.000000	1	below-floor
cluster-0007	60	N0042118D0044	0.008413	0.014022	0.000000	1	below-floor
cluster-0007	61	N6893622D0032	0.008332	0.013886	0.000000	1	below-floor
cluster-0007	62	N6893622D0028	0.008321	0.013868	0.000000	1	below-floor
cluster-0007	63	N0042122D0003	0.008298	0.013830	0.000000	1	below-floor
cluster-0007	64	N0042118D0042	0.008212	0.013686	0.000000	1	below-floor
cluster-0007	65	N0042119D0075	0.008163	0.013605	0.000000	1	below-floor
cluster-0007	66	N6852021D0006	0.008060	0.013433	0.000000	1	below-floor
cluster-0007	67	N0042119D0001	0.008059	0.013432	0.000000	1	below-floor
cluster-0007	68	N0001923D0008	0.007998	0.013330	0.000000	1	below-floor
cluster-0007	69	N0042119D0066	0.007995	0.013325	0.000000	1	below-floor
cluster-0007	70	N0042122D0094	0.007813	0.013022	0.000000	1	below-floor
cluster-0007	71	N0042118D0017	0.007582	0.012637	0.000000	1	below-floor
cluster-0007	72	N0001917D0009	0.007436	0.012393	0.000000	1	below-floor
cluster-0007	73	N0042122D0099	0.007298	0.012163	0.000000	1	below-floor
cluster-0007	74	NAWCTSD-TSC-IV	0.007296	0.012161	0.000000	1	below-floor
cluster-0007	75	N6134016D1005	0.007180	0.011967	0.000000	1	below-floor
cluster-0007	76	N6134020D0011	0.007165	0.011941	0.000000	1	below-floor
cluster-0007	77	N6852025D0001	0.006756	0.011260	0.000000	1	below-floor
cluster-0007	78	N6893621D0046	0.006726	0.011210	0.000000	1	below-floor
cluster-0007	79	N0042119D0023	0.006697	0.011161	0.000000	1	below-floor
cluster-0007	80	N0042120D0072	0.006636	0.011060	0.000000	1	below-floor
cluster-0007	81	N6893620D0016	0.006448	0.010747	0.000000	1	below-floor
cluster-0007	82	N6893623D0047	0.006391	0.010652	0.000000	1	below-floor
cluster-0007	83	N0042120D0015	0.006265	0.010441	0.000000	1	below-floor
cluster-0007	84	N6833521D0048	0.006252	0.010420	0.000000	1	below-floor
cluster-0007	85	N6893619D0048	0.006228	0.010380	0.000000	1	below-floor
cluster-0007	86	N6893620D0033	0.006216	0.010360	0.000000	1	below-floor
cluster-0007	87	N6134025D0005	0.006106	0.010177	0.000000	1	below-floor
cluster-0007	88	N6893620D0007	0.006000	0.010000	0.000000	1	below-floor
cluster-0007	89	N6852023D0014	0.005982	0.009971	0.000000	1	below-floor
cluster-0007	90	N0042119D0035	0.005969	0.009948	0.000000	1	below-floor
cluster-0007	91	N6134021D0016	0.005962	0.009936	0.000000	1	below-floor
cluster-0007	92	N6893618D0036	0.005959	0.009931	0.000000	1	below-floor
cluster-0007	93	N6893616D0018	0.005956	0.009926	0.000000	1	below-floor
cluster-0007	94	N0001919D0005	0.005926	0.009876	0.000000	1	below-floor
cluster-0007	95	N0001920D0106	0.005880	0.009800	0.000000	1	below-floor
cluster-0007	96	N0042119D0033	0.005791	0.009652	0.000000	1	below-floor
cluster-0007	97	N6893623D0033	0.005780	0.009633	0.000000	1	below-floor
cluster-0007	98	N0042125D0303	0.005751	0.009585	0.000000	1	below-floor
cluster-0007	99	N6852021D0002	0.005739	0.009565	0.000000	1	below-floor
cluster-0007	100	N6893618D0012	0.005606	0.009343	0.000000	1	below-floor
cluster-0007	101	N6893624D0007	0.005582	0.009303	0.000000	1	below-floor
cluster-0007	102	N6893621D0016	0.005566	0.009277	0.000000	1	below-floor
cluster-0007	103	N0042118D0054	0.005548	0.009247	0.000000	1	below-floor
cluster-0007	104	N0042123D0011	0.005525	0.009208	0.000000	1	below-floor
cluster-0007	105	N6893623D0036	0.005515	0.009192	0.000000	1	below-floor
cluster-0007	106	N6833524D0003	0.005489	0.009148	0.000000	1	below-floor
cluster-0007	107	N0042121D0005	0.005356	0.008926	0.000000	1	below-floor
cluster-0007	108	N6893622D0004	0.005270	0.008784	0.000000	1	below-floor
cluster-0007	109	N6893624D0023	0.005260	0.008766	0.000000	1	below-floor
cluster-0007	110	N6893623D0026	0.005253	0.008755	0.000000	1	below-floor
cluster-0007	111	N6893623D0041	0.005237	0.008728	0.000000	1	below-floor
cluster-0007	112	N0042120D0001	0.005210	0.008683	0.000000	1	below-floor
cluster-0007	113	N0042117D0015	0.005177	0.008629	0.000000	1	below-floor
cluster-0007	114	N0042122D0096	0.005174	0.008623	0.000000	1	below-floor
cluster-0007	115	N0042121D0008	0.005143	0.008571	0.000000	1	below-floor
cluster-0007	116	N0001920D0001	0.005022	0.008370	0.000000	1	below-floor
cluster-0007	117	N0001922D0013	0.005015	0.008359	0.000000	1	below-floor
cluster-0007	118	N0042120D0108	0.004928	0.008213	0.000000	1	below-floor
cluster-0007	119	N6893621D0001	0.004921	0.008202	0.000000	1	below-floor
cluster-0007	120	N0001919D0001	0.004893	0.008155	0.000000	1	below-floor
cluster-0007	121	N0001917D0089	0.004835	0.008058	0.000000	1	below-floor
cluster-0007	122	N0042120D0073	0.004660	0.007767	0.000000	1	below-floor
cluster-0007	123	N6893622D0024	0.004597	0.007662	0.000000	1	below-floor
cluster-0007	124	N0001923D0012	0.004515	0.007524	0.000000	1	below-floor
cluster-0007	125	N0042118D0016	0.004499	0.007499	0.000000	1	below-floor
cluster-0007	126	N6833523D0004	0.004497	0.007495	0.000000	1	below-floor
cluster-0007	127	N6134024D0001	0.004396	0.007327	0.000000	1	below-floor
cluster-0007	128	N6893622D0038	0.004372	0.007287	0.000000	1	below-floor
cluster-0007	129	N6134020D0024	0.004366	0.007277	0.000000	1	below-floor
cluster-0007	130	N0042118D0028	0.004282	0.007136	0.000000	1	below-floor
cluster-0007	131	N6833516D0013	0.004272	0.007120	0.000000	1	below-floor
cluster-0007	132	N0042125D0302	0.004253	0.007088	0.000000	1	below-floor
cluster-0007	133	N0042119D0029	0.004239	0.007066	0.000000	1	below-floor
cluster-0007	134	N6893619D0035	0.004050	0.006749	0.000000	1	below-floor
cluster-0007	135	N6833522D0013	0.003997	0.006662	0.000000	1	below-floor
cluster-0007	136	N0042124D0012	0.003929	0.006549	0.000000	1	below-floor
cluster-0007	137	N0001925D0012	0.003910	0.006516	0.000000	1	below-floor
cluster-0007	138	N6833523D0035	0.003907	0.006511	0.000000	1	below-floor
cluster-0007	139	N6893619D0020	0.003892	0.006486	0.000000	1	below-floor
cluster-0007	140	N0042119D0047	0.003860	0.006433	0.000000	1	below-floor
cluster-0007	141	N0042120D0023	0.003857	0.006429	0.000000	1	below-floor
cluster-0007	142	N0042120D0006	0.003744	0.006240	0.000000	1	below-floor
cluster-0007	143	N6893624D0001	0.003726	0.006211	0.000000	1	below-floor
cluster-0007	144	N6134024D0013	0.003675	0.006125	0.000000	1	below-floor
cluster-0007	145	NAWCAD-CYBER-IDIQ	0.003665	0.006108	0.000000	1	below-floor
cluster-0007	146	N0001922D0009	0.003659	0.006098	0.000000	1	below-floor
cluster-0007	147	N0001925D0009	0.003619	0.006032	0.000000	1	below-floor
cluster-0007	148	N0042124D0011	0.003607	0.006012	0.000000	1	below-floor
cluster-0007	149	N6893616D0016	0.003526	0.005877	0.000000	1	below-floor
cluster-0007	150	N0001920D0004	0.003486	0.005810	0.000000	1	below-floor
cluster-0007	151	N6893619D0008	0.003483	0.005805	0.000000	1	below-floor
cluster-0007	152	N6134023D0001	0.003477	0.005795	0.000000	1	below-floor
cluster-0007	153	N6893623D0013	0.003392	0.005653	0.000000	1	below-floor
cluster-0007	154	N0001925D0023	0.003384	0.005641	0.000000	1	below-floor
cluster-0007	155	N6893622D0009	0.003360	0.005601	0.000000	1	below-floor
cluster-0007	156	N6893624D0002	0.003320	0.005533	0.000000	1	below-floor
cluster-0007	157	N0001921D0050	0.003311	0.005519	0.000000	1	below-floor
cluster-0007	158	N6134020D0025	0.003282	0.005469	0.000000	1	below-floor
cluster-0007	159	N0001922D0040	0.003281	0.005469	0.000000	1	below-floor
cluster-0007	160	N0042121D0037	0.003219	0.005365	0.000000	1	below-floor
cluster-0007	161	N6893619D0007	0.003202	0.005336	0.000000	1	below-floor
cluster-0007	162	N0001923D0013	0.003142	0.005236	0.000000	1	below-floor
cluster-0007	163	N6833521D0227	0.003141	0.005235	0.000000	1	below-floor
cluster-0007	164	N6893622D0017	0.003133	0.005222	0.000000	1	below-floor
cluster-0007	165	N6833524D0010	0.003050	0.005084	0.000000	1	below-floor
cluster-0007	166	N0042120D0012	0.002992	0.004986	0.000000	1	below-floor
cluster-0007	167	N6833522D0005	0.002914	0.004856	0.000000	1	below-floor
cluster-0007	168	N0042124D0005	0.002869	0.004781	0.000000	1	below-floor
cluster-0007	169	N6134020D0019	0.002859	0.004766	0.000000	1	below-floor
cluster-0007	170	N6134023D0004	0.002832	0.004721	0.000000	1	below-floor
cluster-0007	171	N6134020D0008	0.002824	0.004707	0.000000	1	below-floor
cluster-0007	172	N6852021D0005	0.002811	0.004685	0.000000	1	below-floor
cluster-0007	173	N0001922D0003	0.002805	0.004675	0.000000	1	below-floor
cluster-0007	174	N6893623D0034	0.002741	0.004569	0.000000	1	below-floor
cluster-0007	175	N0001923D0010	0.002642	0.004404	0.000000	1	below-floor
cluster-0007	176	N6893622D0008	0.002615	0.004359	0.000000	1	below-floor
cluster-0007	177	N6134018D0002	0.002579	0.004298	0.000000	1	below-floor
cluster-0007	178	N0001922D0006	0.002577	0.004295	0.000000	1	below-floor
cluster-0007	179	N6134017D0002	0.002571	0.004285	0.000000	1	below-floor
cluster-0007	180	N0001918D0118	0.002505	0.004175	0.000000	1	below-floor
cluster-0007	181	N6852023D0012	0.002477	0.004129	0.000000	1	below-floor
cluster-0007	182	N0001924D0126	0.002457	0.004095	0.000000	1	below-floor
cluster-0007	183	N6893620D0001	0.002449	0.004082	0.000000	1	below-floor
cluster-0007	184	N6833524D0021	0.002416	0.004027	0.000000	1	below-floor
cluster-0007	185	N0042121D0035	0.002390	0.003984	0.000000	1	below-floor
cluster-0007	186	N0001923D0018	0.002370	0.003950	0.000000	1	below-floor
cluster-0007	187	N0001918D0111	0.002369	0.003948	0.000000	1	below-floor
cluster-0007	188	N6134016D1003	0.002368	0.003947	0.000000	1	below-floor
cluster-0007	189	N6134015D0003	0.002352	0.003920	0.000000	1	below-floor
cluster-0007	190	N0042117D0052	0.002328	0.003880	0.000000	1	below-floor
cluster-0007	191	N0001923D0001	0.002249	0.003748	0.000000	1	below-floor
cluster-0007	192	N6134018D0009	0.002242	0.003736	0.000000	1	below-floor
cluster-0007	193	N0001421D4002	0.002194	0.003657	0.000000	1	below-floor
cluster-0007	194	N6893623D0001	0.002181	0.003635	0.000000	1	below-floor
cluster-0007	195	N0001918D0001	0.002150	0.003583	0.000000	1	below-floor
cluster-0007	196	N6833520D0022	0.002113	0.003522	0.000000	1	below-floor
cluster-0007	197	NAWCAD-SCI-MAC	0.002099	0.003498	0.000000	1	below-floor
cluster-0007	198	N6852023D0013	0.002081	0.003468	0.000000	1	below-floor
cluster-0007	199	N0001921D0010	0.002065	0.003441	0.000000	1	below-floor
cluster-0007	200	N0001922D0001	0.002057	0.003429	0.000000	1	below-floor
cluster-0007	201	N6893624D0003	0.002051	0.003418	0.000000	1	below-floor
cluster-0007	202	N0001918D0110	0.002039	0.003398	0.000000	1	below-floor
cluster-0007	203	N6852022D0003	0.002022	0.003370	0.000000	1	below-floor
cluster-0007	204	N6833516D0020	0.002021	0.003368	0.000000	1	below-floor
cluster-0007	205	N6893623D0018	0.002000	0.003333	0.000000	1	below-floor
cluster-0007	206	N0042121D0001	0.001991	0.003318	0.000000	1	below-floor
cluster-0007	207	N0001920D0007	0.001974	0.003290	0.000000	1	below-floor
cluster-0007	208	N6893622D0014	0.001964	0.003273	0.000000	1	below-floor
cluster-0007	209	N6833523D0003	0.001963	0.003272	0.000000	1	below-floor
cluster-0007	210	N0001922D0011	0.001939	0.003232	0.000000	1	below-floor
cluster-0007	211	N0001924D0110	0.001931	0.003219	0.000000	1	below-floor
cluster-0007	212	N6893623D0028	0.001929	0.003215	0.000000	1	below-floor
cluster-0007	213	N0024424D0005	0.001886	0.003143	0.000000	1	below-floor
cluster-0007	214	N6134022D0006	0.001867	0.003112	0.000000	1	below-floor
cluster-0007	215	N0001922D0038	0.001863	0.003105	0.000000	1	below-floor
cluster-0007	216	N6134020D0021	0.001863	0.003106	0.000000	1	below-floor
cluster-0007	217	N6893618D0029	0.001837	0.003062	0.000000	1	below-floor
cluster-0007	218	N0042120D0123	0.001801	0.003001	0.000000	1	below-floor
cluster-0007	219	N6134022D0002	0.001766	0.002944	0.000000	1	below-floor
cluster-0007	220	N0042120D0028	0.001726	0.002877	0.000000	1	below-floor
cluster-0007	221	N0042119D0026	0.001660	0.002767	0.000000	1	below-floor
cluster-0007	222	N6134021D0017	0.001654	0.002756	0.000000	1	below-floor
cluster-0007	223	N6893624D0025	0.001649	0.002748	0.000000	1	below-floor
cluster-0007	224	N6852023D0001	0.001645	0.002742	0.000000	1	below-floor
cluster-0007	225	N6893623D0045	0.001603	0.002672	0.000000	1	below-floor
cluster-0007	226	N0001922D0042	0.001595	0.002658	0.000000	1	below-floor
cluster-0007	227	N0042119D0002	0.001582	0.002636	0.000000	1	below-floor
cluster-0007	228	N0042122D0001	0.001549	0.002582	0.000000	1	below-floor
cluster-0007	229	N0042121D0002	0.001509	0.002515	0.000000	1	below-floor
cluster-0007	230	N6833521D0229	0.001505	0.002509	0.000000	1	below-floor
cluster-0007	231	N6833518D0031	0.001502	0.002504	0.000000	1	below-floor
cluster-0007	232	N6893624D0015	0.001439	0.002398	0.000000	1	below-floor
cluster-0007	233	N6833523D0046	0.001403	0.002338	0.000000	1	below-floor
cluster-0007	234	N0042124D0071	0.001396	0.002326	0.000000	1	below-floor
cluster-0007	235	N6833521D0214	0.001385	0.002309	0.000000	1	below-floor
cluster-0007	236	N0042120D0024	0.001354	0.002257	0.000000	1	below-floor
cluster-0007	237	N6893620D0024	0.001268	0.002114	0.000000	1	below-floor
cluster-0007	238	N0042122D0103	0.001267	0.002112	0.000000	1	below-floor
cluster-0007	239	N6893625D0008	0.001267	0.002111	0.000000	1	below-floor
cluster-0007	240	N0042115D0005	0.001266	0.002110	0.000000	1	below-floor
cluster-0007	241	N6833519D0135	0.001254	0.002090	0.000000	1	below-floor
cluster-0007	242	N0001921D0015	0.001230	0.002051	0.000000	1	below-floor
cluster-0007	243	N6893621D0017	0.001228	0.002046	0.000000	1	below-floor
cluster-0007	244	N6833523D0025	0.001149	0.001915	0.000000	1	below-floor
cluster-0007	245	N6893620D0018	0.001132	0.001886	0.000000	1	below-floor
cluster-0007	246	N0042116D0013	0.001127	0.001879	0.000000	1	below-floor
cluster-0007	247	N0001924D0119	0.001115	0.001859	0.000000	1	below-floor
cluster-0007	248	N0042121D0007	0.001099	0.001831	0.000000	1	below-floor
cluster-0007	249	N6893622D0010	0.001077	0.001796	0.000000	1	below-floor
cluster-0007	250	N6893621D0045	0.000971	0.001618	0.000000	1	below-floor
cluster-0007	251	N6833521D0046	0.000967	0.001612	0.000000	1	below-floor
cluster-0007	252	N6893623D0029	0.000961	0.001601	0.000000	1	below-floor
cluster-0007	253	N6893623D0021	0.000955	0.001592	0.000000	1	below-floor
cluster-0007	254	N0042120D0003	0.000909	0.001515	0.000000	1	below-floor
cluster-0007	255	N6893625D0011	0.000904	0.001506	0.000000	1	below-floor
cluster-0007	256	N0042116D0005	0.000893	0.001489	0.000000	1	below-floor
cluster-0007	257	N6893624D0006	0.000885	0.001475	0.000000	1	below-floor
cluster-0007	258	N6833515D0026	0.000869	0.001449	0.000000	1	below-floor
cluster-0007	259	N6893622D0041	0.000862	0.001436	0.000000	1	below-floor
cluster-0007	260	N6134019D1006	0.000825	0.001375	0.000000	1	below-floor
cluster-0007	261	N0042121D0018	0.000801	0.001335	0.000000	1	below-floor
cluster-0007	262	N0042117D0031	0.000793	0.001322	0.000000	1	below-floor
cluster-0007	263	N0042125D0301	0.000784	0.001306	0.000000	1	below-floor
cluster-0007	264	N6833521D0049	0.000781	0.001301	0.000000	1	below-floor
cluster-0007	265	N0042122D0084	0.000751	0.001252	0.000000	1	below-floor
cluster-0007	266	N6893623D0042	0.000726	0.001210	0.000000	1	below-floor
cluster-0007	267	N0001923D0011	0.000686	0.001144	0.000000	1	below-floor
cluster-0007	268	N0042124D0022	0.000643	0.001072	0.000000	1	below-floor
cluster-0007	269	N0042118D0059	0.000627	0.001045	0.000000	1	below-floor
cluster-0007	270	N0001919D0032	0.000621	0.001036	0.000000	1	below-floor
cluster-0007	271	N6893618D0026	0.000612	0.001019	0.000000	1	below-floor
cluster-0007	272	N0042120D0117	0.000588	0.000980	0.000000	1	below-floor
cluster-0007	273	N6893623D0046	0.000556	0.000926	0.000000	1	below-floor
cluster-0007	274	N0001918D0103	0.000552	0.000920	0.000000	1	below-floor
cluster-0007	275	N6852023D0111	0.000506	0.000844	0.000000	1	below-floor
cluster-0007	276	N6893622D0018	0.000504	0.000839	0.000000	1	below-floor
cluster-0007	277	N0042118D0001	0.000464	0.000773	0.000000	1	below-floor
cluster-0007	278	N0042119D0076	0.000463	0.000772	0.000000	1	below-floor
cluster-0007	279	N0042119D0071	0.000453	0.000755	0.000000	1	below-floor
cluster-0007	280	N0042117D0027	0.000385	0.000642	0.000000	1	below-floor
cluster-0007	281	N0001920D0016	0.000345	0.000575	0.000000	1	below-floor
cluster-0007	282	N0001917D0004	0.000000	0.000000	0.000000	1	below-floor
cluster-0007	283	N0001917D0101	0.000000	0.000000	0.000000	1	below-floor
cluster-0007	284	N0001919D0012	0.000000	0.000000	0.000000	1	below-floor
cluster-0007	285	N0001919D0013	0.000000	0.000000	0.000000	1	below-floor
cluster-0007	286	N0001919D0015	0.000000	0.000000	0.000000	1	below-floor
cluster-0007	287	N0001919D0021	0.000000	0.000000	0.000000	1	below-floor
cluster-0007	288	N0001919D0026	0.000000	0.000000	0.000000	1	below-floor
cluster-0007	289	N0001919D0027	0.000000	0.000000	0.000000	1	below-floor
cluster-0007	290	N0001920D0008	0.000000	0.000000	0.000000	1	below-floor
cluster-0007	291	N0001920D0024	0.000000	0.000000	0.000000	1	below-floor
cluster-0007	292	N0001921D0001	0.000000	0.000000	0.000000	1	below-floor
cluster-0007	293	N0001921D0011	0.000000	0.000000	0.000000	1	below-floor
cluster-0007	294	N0001922D0007	0.000000	0.000000	0.000000	1	below-floor
cluster-0007	295	N0001922D0008	0.000000	0.000000	0.000000	1	below-floor
cluster-0007	296	N0001922D0022	0.000000	0.000000	0.000000	1	below-floor
cluster-0007	297	N0001922D0043	0.000000	0.000000	0.000000	1	below-floor
cluster-0007	298	N0001923D0009	0.000000	0.000000	0.000000	1	below-floor
cluster-0007	299	N0001923D0014	0.000000	0.000000	0.000000	1	below-floor
cluster-0007	300	N0001923D0015	0.000000	0.000000	0.000000	1	below-floor
cluster-0007	301	N0001923D0022	0.000000	0.000000	0.000000	1	below-floor
cluster-0007	302	N0001924D0004	0.000000	0.000000	0.000000	1	below-floor
cluster-0007	303	N0001924D0008	0.000000	0.000000	0.000000	1	below-floor
cluster-0007	304	N0001924D0106	0.000000	0.000000	0.000000	1	below-floor
cluster-0007	305	N0024424D0010	0.000000	0.000000	0.000000	1	below-floor
cluster-0007	306	N0038324DBK01	0.000000	0.000000	0.000000	1	below-floor
cluster-0007	307	N0042117D0032	0.000000	0.000000	0.000000	1	below-floor
cluster-0007	308	N0042118D0007	0.000000	0.000000	0.000000	1	below-floor
cluster-0007	309	N0042118D0030	0.000000	0.000000	0.000000	1	below-floor
cluster-0007	310	N0042118D0062	0.000000	0.000000	0.000000	1	below-floor
cluster-0007	311	N0042119D0058	0.000000	0.000000	0.000000	1	below-floor
cluster-0007	312	N0042119D0060	0.000000	0.000000	0.000000	1	below-floor
cluster-0007	313	N0042119D0067	0.000000	0.000000	0.000000	1	below-floor
cluster-0007	314	N0042120D0109	0.000000	0.000000	0.000000	1	below-floor
cluster-0007	315	N0042120D0115	0.000000	0.000000	0.000000	1	below-floor
cluster-0007	316	N0042121D0023	0.000000	0.000000	0.000000	1	below-floor
cluster-0007	317	N0042121D0033	0.000000	0.000000	0.000000	1	below-floor
cluster-0007	318	N0042121D0034	0.000000	0.000000	0.000000	1	below-floor
cluster-0007	319	N0042122D0002	0.000000	0.000000	0.000000	1	below-floor
cluster-0007	320	N0042122D0005	0.000000	0.000000	0.000000	1	below-floor
cluster-0007	321	N0042123D0001	0.000000	0.000000	0.000000	1	below-floor
cluster-0007	322	N0042123D0019	0.000000	0.000000	0.000000	1	below-floor
cluster-0007	323	N0042124D0008	0.000000	0.000000	0.000000	1	below-floor
cluster-0007	324	N6134019D0003	0.000000	0.000000	0.000000	1	below-floor
cluster-0007	325	N6134019D0906	0.000000	0.000000	0.000000	1	below-floor
cluster-0007	326	N6134019D1010	0.000000	0.000000	0.000000	1	below-floor
cluster-0007	327	N6134020D0002	0.000000	0.000000	0.000000	1	below-floor
cluster-0007	328	N6134020D0004	0.000000	0.000000	0.000000	1	below-floor
cluster-0007	329	N6134020D0015	0.000000	0.000000	0.000000	1	below-floor
cluster-0007	330	N6134020D0020	0.000000	0.000000	0.000000	1	below-floor
cluster-0007	331	N6134021D0013	0.000000	0.000000	0.000000	1	below-floor
cluster-0007	332	N6134022D0004	0.000000	0.000000	0.000000	1	below-floor
cluster-0007	333	N6134023D0003	0.000000	0.000000	0.000000	1	below-floor
cluster-0007	334	N6134024D0006	0.000000	0.000000	0.000000	1	below-floor
cluster-0007	335	N6134025D0006	0.000000	0.000000	0.000000	1	below-floor
cluster-0007	336	N6833517D0021	0.000000	0.000000	0.000000	1	below-floor
cluster-0007	337	N6833519D0082	0.000000	0.000000	0.000000	1	below-floor
cluster-0007	338	N6833520D0032	0.000000	0.000000	0.000000	1	below-floor
cluster-0007	339	N6833520D0048	0.000000	0.000000	0.000000	1	below-floor
cluster-0007	340	N6833520D0935	0.000000	0.000000	0.000000	1	below-floor
cluster-0007	341	N6833521D0045	0.000000	0.000000	0.000000	1	below-floor
cluster-0007	342	N6833521D0053	0.000000	0.000000	0.000000	1	below-floor
cluster-0007	343	N6833521D0064	0.000000	0.000000	0.000000	1	below-floor
cluster-0007	344	N6833522D0008	0.000000	0.000000	0.000000	1	below-floor
cluster-0007	345	N6833522D0012	0.000000	0.000000	0.000000	1	below-floor
cluster-0007	346	N6833522D0022	0.000000	0.000000	0.000000	1	below-floor
cluster-0007	347	N6833522D0037	0.000000	0.000000	0.000000	1	below-floor
cluster-0007	348	N6833522D0039	0.000000	0.000000	0.000000	1	below-floor
cluster-0007	349	N6833523D0001	0.000000	0.000000	0.000000	1	below-floor
cluster-0007	350	N6833523D0010	0.000000	0.000000	0.000000	1	below-floor
cluster-0007	351	N6833523D0017	0.000000	0.000000	0.000000	1	below-floor
cluster-0007	352	N6833523D0029	0.000000	0.000000	0.000000	1	below-floor
cluster-0007	353	N6833524D0002	0.000000	0.000000	0.000000	1	below-floor
cluster-0007	354	N6833524D0009	0.000000	0.000000	0.000000	1	below-floor
cluster-0007	355	N6833524D0018	0.000000	0.000000	0.000000	1	below-floor
cluster-0007	356	N6833524D0019	0.000000	0.000000	0.000000	1	below-floor
cluster-0007	357	N6833524D0020	0.000000	0.000000	0.000000	1	below-floor
cluster-0007	358	N6833524D0023	0.000000	0.000000	0.000000	1	below-floor
cluster-0007	359	N6833525D0001	0.000000	0.000000	0.000000	1	below-floor
cluster-0007	360	N6833525D0004	0.000000	0.000000	0.000000	1	below-floor
cluster-0007	361	N6833525D0005	0.000000	0.000000	0.000000	1	below-floor
cluster-0007	362	N6833525D0010	0.000000	0.000000	0.000000	1	below-floor
cluster-0007	363	N6852020D0012	0.000000	0.000000	0.000000	1	below-floor
cluster-0007	364	N6852021D0004	0.000000	0.000000	0.000000	1	below-floor
cluster-0007	365	N6852023D0011	0.000000	0.000000	0.000000	1	below-floor
cluster-0007	366	N6893615D0015	0.000000	0.000000	0.000000	1	below-floor
cluster-0007	367	N6893617D0010	0.000000	0.000000	0.000000	1	below-floor
cluster-0007	368	N6893618D0014	0.000000	0.000000	0.000000	1	below-floor
cluster-0007	369	N6893618D0015	0.000000	0.000000	0.000000	1	below-floor
cluster-0007	370	N6893619D0017	0.000000	0.000000	0.000000	1	below-floor
cluster-0007	371	N6893619D0027	0.000000	0.000000	0.000000	1	below-floor
cluster-0007	372	N6893621D0009	0.000000	0.000000	0.000000	1	below-floor
cluster-0007	373	N6893621D0010	0.000000	0.000000	0.000000	1	below-floor
cluster-0007	374	N6893621D0026	0.000000	0.000000	0.000000	1	below-floor
cluster-0007	375	N6893621D0043	0.000000	0.000000	0.000000	1	below-floor
cluster-0007	376	N6893621D0044	0.000000	0.000000	0.000000	1	below-floor
cluster-0007	377	N6893622D0011	0.000000	0.000000	0.000000	1	below-floor
cluster-0007	378	N6893622D0015	0.000000	0.000000	0.000000	1	below-floor
cluster-0007	379	N6893622D0021	0.000000	0.000000	0.000000	1	below-floor
cluster-0007	380	N6893622D0025	0.000000	0.000000	0.000000	1	below-floor
cluster-0007	381	N6893622D0027	0.000000	0.000000	0.000000	1	below-floor
cluster-0007	382	N6893622D0034	0.000000	0.000000	0.000000	1	below-floor
cluster-0007	383	N6893622D0036	0.000000	0.000000	0.000000	1	below-floor
cluster-0007	384	N6893623D0025	0.000000	0.000000	0.000000	1	below-floor
cluster-0007	385	N6893623D0037	0.000000	0.000000	0.000000	1	below-floor
cluster-0007	386	N6893623D0039	0.000000	0.000000	0.000000	1	below-floor
cluster-0007	387	N6893623D0054	0.000000	0.000000	0.000000	1	below-floor
cluster-0007	388	N6893624D0004	0.000000	0.000000	0.000000	1	below-floor
cluster-0007	389	N6893624D0008	0.000000	0.000000	0.000000	1	below-floor
cluster-0007	390	N6893624D0009	0.000000	0.000000	0.000000	1	below-floor
cluster-0007	391	N6893624D0012	0.000000	0.000000	0.000000	1	below-floor
cluster-0007	392	N6893624D0013	0.000000	0.000000	0.000000	1	below-floor
cluster-0007	393	N6893624D0017	0.000000	0.000000	0.000000	1	below-floor
cluster-0007	394	N6893624D0020	0.000000	0.000000	0.000000	1	below-floor
cluster-0007	395	N6893624D0022	0.000000	0.000000	0.000000	1	below-floor
cluster-0007	396	N6893625D0001	0.000000	0.000000	0.000000	1	below-floor
cluster-0007	397	N6883621A0003	0.011875	0.019792	0.000000	2	below-floor
cluster-0007	398	GSA-MAS	0.007393	0.012322	0.000000	2	below-floor
cluster-0007	399	N6852024A0004	0.005159	0.008598	0.000000	2	below-floor
cluster-0007	400	N6833523A0194	0.003723	0.006205	0.000000	2	below-floor
cluster-0007	401	N0042124A0005	0.003030	0.005050	0.000000	2	below-floor
cluster-0007	402	DON-ESL-BPA	0.001972	0.003287	0.000000	2	below-floor
cluster-0007	403	N0042124A0003	0.001416	0.002360	0.000000	2	below-floor
cluster-0007	404	N0042124A0004	0.000738	0.001230	0.000000	2	below-floor
cluster-0007	405	N6833522A0017	0.000000	0.000000	0.000000	2	below-floor
cluster-0007	406	N6833522A0027	0.000000	0.000000	0.000000	2	below-floor
cluster-0007	407	N6833522A0029	0.000000	0.000000	0.000000	2	below-floor
cluster-0007	408	N6833522A0032	0.000000	0.000000	0.000000	2	below-floor
cluster-0007	409	N6833522A0035	0.000000	0.000000	0.000000	2	below-floor
cluster-0007	410	N6833523A0016	0.000000	0.000000	0.000000	2	below-floor
cluster-0007	411	N6833523A0018	0.000000	0.000000	0.000000	2	below-floor
cluster-0007	412	N6833523A0020	0.000000	0.000000	0.000000	2	below-floor
cluster-0007	413	N6833523A0021	0.000000	0.000000	0.000000	2	below-floor
cluster-0007	414	N6833523A0025	0.000000	0.000000	0.000000	2	below-floor
cluster-0007	415	N6833523A0027	0.000000	0.000000	0.000000	2	below-floor
cluster-0007	416	N6833523A0028	0.000000	0.000000	0.000000	2	below-floor
cluster-0007	417	N6833523A0029	0.000000	0.000000	0.000000	2	below-floor
cluster-0007	418	N6833523A0030	0.000000	0.000000	0.000000	2	below-floor
cluster-0007	419	N6833523A0038	0.000000	0.000000	0.000000	2	below-floor
cluster-0007	420	N6833523A0040	0.000000	0.000000	0.000000	2	below-floor
cluster-0007	421	N6833523A0041	0.000000	0.000000	0.000000	2	below-floor
cluster-0007	422	N6833523A0043	0.000000	0.000000	0.000000	2	below-floor
cluster-0007	423	N6833523A0049	0.000000	0.000000	0.000000	2	below-floor
cluster-0007	424	N6833523A0051	0.000000	0.000000	0.000000	2	below-floor
cluster-0007	425	N6833523A0059	0.000000	0.000000	0.000000	2	below-floor
cluster-0007	426	N6833523A0062	0.000000	0.000000	0.000000	2	below-floor
cluster-0007	427	N6833523A0120	0.000000	0.000000	0.000000	2	below-floor
cluster-0007	428	N6833523A0134	0.000000	0.000000	0.000000	2	below-floor
cluster-0007	429	N6833523A0151	0.000000	0.000000	0.000000	2	below-floor
cluster-0007	430	N6833523A0153	0.000000	0.000000	0.000000	2	below-floor
cluster-0007	431	N6833523A0167	0.000000	0.000000	0.000000	2	below-floor
cluster-0007	432	N6833524A0002	0.000000	0.000000	0.000000	2	below-floor
cluster-0007	433	N6833524A0007	0.000000	0.000000	0.000000	2	below-floor
cluster-0007	434	N6833524A0016	0.000000	0.000000	0.000000	2	below-floor
cluster-0007	435	N6833524A0026	0.000000	0.000000	0.000000	2	below-floor
cluster-0007	436	N6833524A0032	0.000000	0.000000	0.000000	2	below-floor
cluster-0007	437	N6833524A0033	0.000000	0.000000	0.000000	2	below-floor
cluster-0007	438	N6833524A0040	0.000000	0.000000	0.000000	2	below-floor
cluster-0007	439	N6833525A0007	0.000000	0.000000	0.000000	2	below-floor
cluster-0007	440	N6833525A0008	0.000000	0.000000	0.000000	2	below-floor
cluster-0007	441	N6833525A0038	0.000000	0.000000	0.000000	2	below-floor
cluster-0007	442	FA857619D0001	0.002922	0.004870	0.000000	3	below-floor
cluster-0007	443	FA860423DB001	0.002466	0.004111	0.000000	3	below-floor
cluster-0007	444	NASA-SEWP	0.001875	0.003126	0.000000	3	below-floor
cluster-0007	445	GSA-OASIS-PLUS	0.000989	0.001648	0.000000	3	below-floor
cluster-0007	446	W15QKN15D0001	0.000000	0.000000	0.000000	3	below-floor
cluster-0007	447	N0042123G0005	0.008504	0.014174	0.000000	5	below-floor
cluster-0007	448	N6833522G0035	0.008423	0.014038	0.000000	5	below-floor
cluster-0007	449	NAVAIR-HQ-BOA	0.007822	0.013037	0.000000	5	below-floor
cluster-0007	450	N0042121G0004	0.006747	0.011246	0.000000	5	below-floor
cluster-0007	451	N6833519G0013	0.006074	0.010124	0.000000	5	below-floor
cluster-0007	452	N6833519G0050	0.005810	0.009684	0.000000	5	below-floor
cluster-0007	453	N6833521G0020	0.005679	0.009465	0.000000	5	below-floor
cluster-0007	454	N6833524G0007	0.005660	0.009433	0.000000	5	below-floor
cluster-0007	455	N6134019G0002	0.004435	0.007392	0.000000	5	below-floor
cluster-0007	456	N6833524G0021	0.004434	0.007391	0.000000	5	below-floor
cluster-0007	457	N0042121G0005	0.003383	0.005639	0.000000	5	below-floor
cluster-0007	458	N6833520G1048	0.002871	0.004785	0.000000	5	below-floor
cluster-0007	459	N6833515G0022	0.002178	0.003629	0.000000	5	below-floor
cluster-0007	460	N0042123G0004	0.001938	0.003230	0.000000	5	below-floor
cluster-0007	461	N6833520G0002	0.001689	0.002815	0.000000	5	below-floor
cluster-0007	462	N0042123G0001	0.001605	0.002675	0.000000	5	below-floor
cluster-0007	463	N0042117G0003	0.001358	0.002264	0.000000	5	below-floor
cluster-0007	464	N0042125G0003	0.001125	0.001876	0.000000	5	below-floor
cluster-0007	465	N6833524G0009	0.001000	0.001667	0.000000	5	below-floor
cluster-0007	466	N6833518G0014	0.000958	0.001597	0.000000	5	below-floor
cluster-0007	467	N6833522G0036	0.000946	0.001577	0.000000	5	below-floor
cluster-0007	468	N6833522G0029	0.000492	0.000820	0.000000	5	below-floor
cluster-0007	469	N0042119G0001	0.000000	0.000000	0.000000	5	below-floor
cluster-0007	470	N0042119G0004	0.000000	0.000000	0.000000	5	below-floor
cluster-0007	471	N0042122G0101	0.000000	0.000000	0.000000	5	below-floor
cluster-0007	472	N0042123G0002	0.000000	0.000000	0.000000	5	below-floor
cluster-0007	473	N0042124G0001	0.000000	0.000000	0.000000	5	below-floor
cluster-0007	474	N0042124G0005	0.000000	0.000000	0.000000	5	below-floor
cluster-0007	475	N6833519G0041	0.000000	0.000000	0.000000	5	below-floor
cluster-0007	476	N6833519G0059	0.000000	0.000000	0.000000	5	below-floor
cluster-0007	477	N6833521G0021	0.000000	0.000000	0.000000	5	below-floor
cluster-0007	478	N6833522G0010	0.000000	0.000000	0.000000	5	below-floor
cluster-0007	479	N6833522G0041	0.000000	0.000000	0.000000	5	below-floor
cluster-0007	480	N6833523G0001	0.000000	0.000000	0.000000	5	below-floor
cluster-0007	481	N6833523G0004	0.000000	0.000000	0.000000	5	below-floor
cluster-0007	482	N6833524G0028	0.000000	0.000000	0.000000	5	below-floor
cluster-0007	483	N6833524G0038	0.000000	0.000000	0.000000	5	below-floor
cluster-0007	484	SPE4A123G0002	0.000000	0.000000	0.000000	5	below-floor
cluster-0008	1	N0042118D0042	0.042500	0.070834	0.000000	1	below-floor
cluster-0008	2	N0042118D0044	0.042474	0.070791	0.000000	1	below-floor
cluster-0008	3	N0042119D0055	0.041070	0.068450	0.000000	1	below-floor
cluster-0008	4	N0042123D0007	0.040296	0.067160	0.000000	1	below-floor
cluster-0008	5	N0042119D0075	0.037001	0.061668	0.000000	1	below-floor
cluster-0008	6	N0042121D0010	0.033270	0.055449	0.000000	1	below-floor
cluster-0008	7	N6134022D0008	0.030868	0.051447	0.000000	1	below-floor
cluster-0008	8	N0001920D0004	0.029333	0.048888	0.000000	1	below-floor
cluster-0008	9	N0042122D0101	0.027670	0.046117	0.000000	1	below-floor
cluster-0008	10	N0042119D0033	0.026251	0.043751	0.000000	1	below-floor
cluster-0008	11	N6134021D0015	0.026243	0.043739	0.000000	1	below-floor
cluster-0008	12	N0001919D0023	0.025276	0.042126	0.000000	1	below-floor
cluster-0008	13	N0042118D0054	0.025095	0.041824	0.000000	1	below-floor
cluster-0008	14	N6134018D0004	0.024233	0.040388	0.000000	1	below-floor
cluster-0008	15	N0042118D0028	0.023987	0.039978	0.000000	1	below-floor
cluster-0008	16	N0042120D0007	0.023112	0.038520	0.000000	1	below-floor
cluster-0008	17	N6893618D0006	0.022392	0.037319	0.000000	1	below-floor
cluster-0008	18	N0042119D0035	0.022139	0.036899	0.000000	1	below-floor
cluster-0008	19	N0042118D0016	0.022086	0.036810	0.000000	1	below-floor
cluster-0008	20	N6833522D0004	0.021678	0.036130	0.000000	1	below-floor
cluster-0008	21	N0042120D0072	0.021638	0.036063	0.000000	1	below-floor
cluster-0008	22	N6134016D1005	0.021114	0.035189	0.000000	1	below-floor
cluster-0008	23	N0001918D0123	0.020952	0.034921	0.000000	1	below-floor
cluster-0008	24	N0001923D0010	0.019435	0.032392	0.000000	1	below-floor
cluster-0008	25	SEAPORT-NXG	0.019062	0.031770	0.000000	1	below-floor
cluster-0008	26	N0042121D0001	0.018426	0.030711	0.000000	1	below-floor
cluster-0008	27	N6893624D0015	0.018026	0.030044	0.000000	1	below-floor
cluster-0008	28	N0001922D0008	0.017935	0.029892	0.000000	1	below-floor
cluster-0008	29	N0042116D0002	0.017518	0.029197	0.000000	1	below-floor
cluster-0008	30	N0042120D0073	0.016913	0.028188	0.000000	1	below-floor
cluster-0008	31	N6893623D0023	0.016569	0.027615	0.000000	1	below-floor
cluster-0008	32	N6893621D0010	0.016124	0.026874	0.000000	1	below-floor
cluster-0008	33	N6134024D0013	0.016079	0.026799	0.000000	1	below-floor
cluster-0008	34	N6893620D0015	0.015894	0.026491	0.000000	1	below-floor
cluster-0008	35	N0042120D0071	0.015804	0.026340	0.000000	1	below-floor
cluster-0008	36	N6852021D0005	0.015581	0.025969	0.000000	1	below-floor
cluster-0008	37	N0042120D0012	0.015529	0.025881	0.000000	1	below-floor
cluster-0008	38	N6893619D0048	0.015248	0.025413	0.000000	1	below-floor
cluster-0008	39	NAWCTSD-PACRM	0.014413	0.024022	0.000000	1	below-floor
cluster-0008	40	N0042120D0010	0.014104	0.023506	0.000000	1	below-floor
cluster-0008	41	N0001920D0017	0.014047	0.023412	0.000000	1	below-floor
cluster-0008	42	N0001925D0016	0.013547	0.022579	0.000000	1	below-floor
cluster-0008	43	N6833524D0021	0.013352	0.022253	0.000000	1	below-floor
cluster-0008	44	N0042119D0066	0.013348	0.022247	0.000000	1	below-floor
cluster-0008	45	N0042121D0007	0.013341	0.022235	0.000000	1	below-floor
cluster-0008	46	N6893618D0014	0.013234	0.022056	0.000000	1	below-floor
cluster-0008	47	N0042121D0035	0.012881	0.021469	0.000000	1	below-floor
cluster-0008	48	N0001924D0114	0.012206	0.020343	0.000000	1	below-floor
cluster-0008	49	NAWCTSD-TSC-IV	0.011622	0.019370	0.000000	1	below-floor
cluster-0008	50	N0024424D0005	0.011453	0.019088	0.000000	1	below-floor
cluster-0008	51	N6833523D0035	0.011377	0.018962	0.000000	1	below-floor
cluster-0008	52	N0001922D0011	0.011375	0.018958	0.000000	1	below-floor
cluster-0008	53	N6893622D0002	0.011222	0.018703	0.000000	1	below-floor
cluster-0008	54	N6852023D0014	0.010930	0.018216	0.000000	1	below-floor
cluster-0008	55	N0001922D0001	0.010872	0.018120	0.000000	1	below-floor
cluster-0008	56	N6893625D0013	0.010629	0.017715	0.000000	1	below-floor
cluster-0008	57	N6893623D0028	0.010594	0.017656	0.000000	1	below-floor
cluster-0008	58	N6893622D0021	0.010492	0.017487	0.000000	1	below-floor
cluster-0008	59	N0001923D0013	0.010447	0.017412	0.000000	1	below-floor
cluster-0008	60	N0042116D0013	0.010275	0.017125	0.000000	1	below-floor
cluster-0008	61	N6893624D0004	0.010121	0.016869	0.000000	1	below-floor
cluster-0008	62	N6134018D0009	0.010015	0.016692	0.000000	1	below-floor
cluster-0008	63	N0001920D0001	0.009966	0.016609	0.000000	1	below-floor
cluster-0008	64	N6893621D0009	0.009928	0.016547	0.000000	1	below-floor
cluster-0008	65	N0001921D0004	0.009826	0.016377	0.000000	1	below-floor
cluster-0008	66	N0042121D0018	0.009803	0.016338	0.000000	1	below-floor
cluster-0008	67	N0001920D0109	0.009785	0.016309	0.000000	1	below-floor
cluster-0008	68	N6134021D0016	0.009674	0.016123	0.000000	1	below-floor
cluster-0008	69	N6833519D0082	0.009605	0.016008	0.000000	1	below-floor
cluster-0008	70	N0001920D0007	0.009567	0.015946	0.000000	1	below-floor
cluster-0008	71	N0001920D0106	0.009547	0.015911	0.000000	1	below-floor
cluster-0008	72	N6893624D0002	0.009511	0.015852	0.000000	1	below-floor
cluster-0008	73	NAWCAD-SCI-MAC	0.009505	0.015841	0.000000	1	below-floor
cluster-0008	74	N6893625D0001	0.009433	0.015722	0.000000	1	below-floor
cluster-0008	75	N0001921D0050	0.009420	0.015700	0.000000	1	below-floor
cluster-0008	76	N6134016D1003	0.009391	0.015652	0.000000	1	below-floor
cluster-0008	77	N0001920D0023	0.009169	0.015282	0.000000	1	below-floor
cluster-0008	78	N0042121D0005	0.009135	0.015225	0.000000	1	below-floor
cluster-0008	79	N6134023D0008	0.009115	0.015192	0.000000	1	below-floor
cluster-0008	80	N0042118D0017	0.009094	0.015157	0.000000	1	below-floor
cluster-0008	81	N0042120D0028	0.008812	0.014687	0.000000	1	below-floor
cluster-0008	82	N6833521D0048	0.008691	0.014486	0.000000	1	below-floor
cluster-0008	83	N6893621D0051	0.008607	0.014346	0.000000	1	below-floor
cluster-0008	84	N0042122D0096	0.008518	0.014197	0.000000	1	below-floor
cluster-0008	85	N6893622D0010	0.008505	0.014174	0.000000	1	below-floor
cluster-0008	86	N6833520D0022	0.008396	0.013994	0.000000	1	below-floor
cluster-0008	87	N6833523D0003	0.008324	0.013873	0.000000	1	below-floor
cluster-0008	88	N0001924D0126	0.008300	0.013833	0.000000	1	below-floor
cluster-0008	89	N0001918D0110	0.008238	0.013730	0.000000	1	below-floor
cluster-0008	90	N0001919D0021	0.008161	0.013601	0.000000	1	below-floor
cluster-0008	91	N0042119D0047	0.008101	0.013502	0.000000	1	below-floor
cluster-0008	92	NAWCTSD-FTSS-V	0.008075	0.013458	0.000000	1	below-floor
cluster-0008	93	N6893623D0047	0.008055	0.013425	0.000000	1	below-floor
cluster-0008	94	N0001922D0003	0.008036	0.013393	0.000000	1	below-floor
cluster-0008	95	N0042120D0115	0.007950	0.013251	0.000000	1	below-floor
cluster-0008	96	N0001923D0015	0.007901	0.013168	0.000000	1	below-floor
cluster-0008	97	N0042122D0003	0.007826	0.013043	0.000000	1	below-floor
cluster-0008	98	N6833524D0020	0.007815	0.013026	0.000000	1	below-floor
cluster-0008	99	N6852023D0001	0.007751	0.012918	0.000000	1	below-floor
cluster-0008	100	N6833524D0010	0.007704	0.012841	0.000000	1	below-floor
cluster-0008	101	N6893621D0001	0.007696	0.012827	0.000000	1	below-floor
cluster-0008	102	N6893615D0015	0.007549	0.012581	0.000000	1	below-floor
cluster-0008	103	N0001918D0103	0.007505	0.012508	0.000000	1	below-floor
cluster-0008	104	N6893621D0007	0.007505	0.012508	0.000000	1	below-floor
cluster-0008	105	N6833522D0013	0.007376	0.012293	0.000000	1	below-floor
cluster-0008	106	N0042119D0024	0.007299	0.012165	0.000000	1	below-floor
cluster-0008	107	N0001918D0111	0.006967	0.011611	0.000000	1	below-floor
cluster-0008	108	N0042118D0015	0.006910	0.011517	0.000000	1	below-floor
cluster-0008	109	N0001921D0015	0.006880	0.011466	0.000000	1	below-floor
cluster-0008	110	N0042119D0042	0.006876	0.011461	0.000000	1	below-floor
cluster-0008	111	N0001924D0119	0.006718	0.011197	0.000000	1	below-floor
cluster-0008	112	N6852021D0002	0.006708	0.011181	0.000000	1	below-floor
cluster-0008	113	N0001421D4002	0.006636	0.011060	0.000000	1	below-floor
cluster-0008	114	N0042121D0019	0.006624	0.011040	0.000000	1	below-floor
cluster-0008	115	N6893620D0016	0.006514	0.010857	0.000000	1	below-floor
cluster-0008	116	N6134022D0006	0.006382	0.010636	0.000000	1	below-floor
cluster-0008	117	N0042122D0094	0.006287	0.010478	0.000000	1	below-floor
cluster-0008	118	N0042124D0005	0.006094	0.010157	0.000000	1	below-floor
cluster-0008	119	N6134020D0024	0.006085	0.010141	0.000000	1	below-floor
cluster-0008	120	N0001920D0008	0.006056	0.010093	0.000000	1	below-floor
cluster-0008	121	N6893621D0024	0.006045	0.010075	0.000000	1	below-floor
cluster-0008	122	N0001925D0014	0.005956	0.009927	0.000000	1	below-floor
cluster-0008	123	N0001917D0089	0.005835	0.009724	0.000000	1	below-floor
cluster-0008	124	N6893623D0046	0.005807	0.009679	0.000000	1	below-floor
cluster-0008	125	N6852022D0003	0.005793	0.009656	0.000000	1	below-floor
cluster-0008	126	N0042121D0033	0.005771	0.009618	0.000000	1	below-floor
cluster-0008	127	N0042120D0006	0.005732	0.009553	0.000000	1	below-floor
cluster-0008	128	N6893616D0018	0.005688	0.009479	0.000000	1	below-floor
cluster-0008	129	N6134019D1006	0.005609	0.009349	0.000000	1	below-floor
cluster-0008	130	N6852023D0013	0.005590	0.009316	0.000000	1	below-floor
cluster-0008	131	N6893620D0005	0.005560	0.009267	0.000000	1	below-floor
cluster-0008	132	NAWCAD-CYBER-IDIQ	0.005550	0.009250	0.000000	1	below-floor
cluster-0008	133	N6893623D0013	0.005536	0.009226	0.000000	1	below-floor
cluster-0008	134	N0001922D0006	0.005388	0.008980	0.000000	1	below-floor
cluster-0008	135	N6134025D0006	0.005327	0.008879	0.000000	1	below-floor
cluster-0008	136	N0042120D0015	0.005268	0.008779	0.000000	1	below-floor
cluster-0008	137	N6893623D0033	0.005164	0.008606	0.000000	1	below-floor
cluster-0008	138	N6893618D0036	0.005152	0.008586	0.000000	1	below-floor
cluster-0008	139	N6893622D0036	0.005147	0.008578	0.000000	1	below-floor
cluster-0008	140	N0042119D0023	0.005084	0.008473	0.000000	1	below-floor
cluster-0008	141	N6833523D0017	0.005075	0.008459	0.000000	1	below-floor
cluster-0008	142	N6893624D0006	0.005053	0.008422	0.000000	1	below-floor
cluster-0008	143	N0042119D0028	0.005002	0.008336	0.000000	1	below-floor
cluster-0008	144	N6893623D0019	0.004971	0.008284	0.000000	1	below-floor
cluster-0008	145	N6893622D0018	0.004954	0.008256	0.000000	1	below-floor
cluster-0008	146	N0042121D0008	0.004924	0.008207	0.000000	1	below-floor
cluster-0008	147	N6893614D0008	0.004876	0.008127	0.000000	1	below-floor
cluster-0008	148	N0042119D0001	0.004844	0.008074	0.000000	1	below-floor
cluster-0008	149	N6134019D0003	0.004833	0.008055	0.000000	1	below-floor
cluster-0008	150	N6893620D0001	0.004736	0.007893	0.000000	1	below-floor
cluster-0008	151	N6893622D0024	0.004723	0.007871	0.000000	1	below-floor
cluster-0008	152	N6134023D0004	0.004716	0.007860	0.000000	1	below-floor
cluster-0008	153	N6893622D0007	0.004708	0.007847	0.000000	1	below-floor
cluster-0008	154	N0042117D0015	0.004620	0.007700	0.000000	1	below-floor
cluster-0008	155	N6134020D0008	0.004619	0.007699	0.000000	1	below-floor
cluster-0008	156	N6852023D0011	0.004562	0.007603	0.000000	1	below-floor
cluster-0008	157	N6893618D0029	0.004562	0.007604	0.000000	1	below-floor
cluster-0008	158	N0001919D0015	0.004531	0.007552	0.000000	1	below-floor
cluster-0008	159	N6893618D0012	0.004443	0.007405	0.000000	1	below-floor
cluster-0008	160	N6134020D0019	0.004417	0.007362	0.000000	1	below-floor
cluster-0008	161	N0001922D0038	0.004387	0.007312	0.000000	1	below-floor
cluster-0008	162	N0001924D0106	0.004347	0.007246	0.000000	1	below-floor
cluster-0008	163	N0001922D0013	0.004177	0.006961	0.000000	1	below-floor
cluster-0008	164	N6833521D0225	0.004144	0.006907	0.000000	1	below-floor
cluster-0008	165	N0001920D0051	0.004123	0.006871	0.000000	1	below-floor
cluster-0008	166	N6893621D0045	0.004121	0.006868	0.000000	1	below-floor
cluster-0008	167	N6893622D0026	0.004051	0.006752	0.000000	1	below-floor
cluster-0008	168	N6833521D0049	0.004028	0.006713	0.000000	1	below-floor
cluster-0008	169	N6134017D0002	0.003849	0.006414	0.000000	1	below-floor
cluster-0008	170	N6893620D0033	0.003756	0.006259	0.000000	1	below-floor
cluster-0008	171	N0001919D0001	0.003731	0.006218	0.000000	1	below-floor
cluster-0008	172	N0001922D0009	0.003662	0.006103	0.000000	1	below-floor
cluster-0008	173	N6893623D0014	0.003623	0.006039	0.000000	1	below-floor
cluster-0008	174	N6893623D0041	0.003583	0.005971	0.000000	1	below-floor
cluster-0008	175	N6893622D0009	0.003579	0.005966	0.000000	1	below-floor
cluster-0008	176	N0042125D0302	0.003572	0.005953	0.000000	1	below-floor
cluster-0008	177	N6893624D0020	0.003566	0.005943	0.000000	1	below-floor
cluster-0008	178	N0042122D0103	0.003522	0.005869	0.000000	1	below-floor
cluster-0008	179	N6852023D0111	0.003517	0.005862	0.000000	1	below-floor
cluster-0008	180	N6893622D0025	0.003513	0.005855	0.000000	1	below-floor
cluster-0008	181	N0042123D0011	0.003498	0.005830	0.000000	1	below-floor
cluster-0008	182	N0001919D0005	0.003497	0.005828	0.000000	1	below-floor
cluster-0008	183	N6893622D0008	0.003484	0.005806	0.000000	1	below-floor
cluster-0008	184	N0001918D0118	0.003457	0.005761	0.000000	1	below-floor
cluster-0008	185	N6134020D0021	0.003416	0.005694	0.000000	1	below-floor
cluster-0008	186	N6833521D0053	0.003414	0.005691	0.000000	1	below-floor
cluster-0008	187	N0042117D0045	0.003394	0.005656	0.000000	1	below-floor
cluster-0008	188	N6852023D0012	0.003389	0.005648	0.000000	1	below-floor
cluster-0008	189	N0042121D0034	0.003342	0.005570	0.000000	1	below-floor
cluster-0008	190	N6833523D0025	0.003291	0.005486	0.000000	1	below-floor
cluster-0008	191	N6852025D0001	0.003278	0.005463	0.000000	1	below-floor
cluster-0008	192	N0001924D0004	0.003264	0.005439	0.000000	1	below-floor
cluster-0008	193	N0042120D0023	0.003227	0.005379	0.000000	1	below-floor
cluster-0008	194	N6833524D0009	0.003182	0.005304	0.000000	1	below-floor
cluster-0008	195	N6833523D0004	0.003173	0.005288	0.000000	1	below-floor
cluster-0008	196	N0001923D0001	0.003128	0.005214	0.000000	1	below-floor
cluster-0008	197	N0042124D0006	0.003128	0.005213	0.000000	1	below-floor
cluster-0008	198	N0001924D0008	0.003121	0.005201	0.000000	1	below-floor
cluster-0008	199	N0001917D0004	0.003106	0.005176	0.000000	1	below-floor
cluster-0008	200	N6833519D0135	0.003100	0.005167	0.000000	1	below-floor
cluster-0008	201	N0001922D0004	0.003071	0.005119	0.000000	1	below-floor
cluster-0008	202	N6893621D0011	0.003063	0.005105	0.000000	1	below-floor
cluster-0008	203	N6893619D0017	0.003029	0.005049	0.000000	1	below-floor
cluster-0008	204	N0001924D0110	0.002941	0.004901	0.000000	1	below-floor
cluster-0008	205	N6134024D0006	0.002924	0.004874	0.000000	1	below-floor
cluster-0008	206	N6134020D0025	0.002888	0.004813	0.000000	1	below-floor
cluster-0008	207	N6833522D0039	0.002886	0.004810	0.000000	1	below-floor
cluster-0008	208	N0001923D0022	0.002879	0.004799	0.000000	1	below-floor
cluster-0008	209	N0001925D0009	0.002827	0.004711	0.000000	1	below-floor
cluster-0008	210	N6893623D0034	0.002823	0.004704	0.000000	1	below-floor
cluster-0008	211	N0042117D0031	0.002821	0.004702	0.000000	1	below-floor
cluster-0008	212	N0042119D0065	0.002815	0.004691	0.000000	1	below-floor
cluster-0008	213	N6893624D0003	0.002802	0.004670	0.000000	1	below-floor
cluster-0008	214	N6893620D0014	0.002775	0.004626	0.000000	1	below-floor
cluster-0008	215	N6833521D0046	0.002771	0.004618	0.000000	1	below-floor
cluster-0008	216	N0001925D0012	0.002705	0.004509	0.000000	1	below-floor
cluster-0008	217	N0042124D0008	0.002664	0.004440	0.000000	1	below-floor
cluster-0008	218	N6833518D0031	0.002654	0.004423	0.000000	1	below-floor
cluster-0008	219	N6134023D0001	0.002567	0.004278	0.000000	1	below-floor
cluster-0008	220	N0001922D0040	0.002490	0.004149	0.000000	1	below-floor
cluster-0008	221	N6893619D0027	0.002488	0.004147	0.000000	1	below-floor
cluster-0008	222	N0042123D0005	0.002451	0.004085	0.000000	1	below-floor
cluster-0008	223	N6833523D0001	0.002449	0.004081	0.000000	1	below-floor
cluster-0008	224	N0042120D0123	0.002444	0.004074	0.000000	1	below-floor
cluster-0008	225	N6893622D0014	0.002444	0.004073	0.000000	1	below-floor
cluster-0008	226	N6893625D0008	0.002443	0.004072	0.000000	1	below-floor
cluster-0008	227	N6893623D0042	0.002433	0.004056	0.000000	1	below-floor
cluster-0008	228	N6893619D0008	0.002398	0.003997	0.000000	1	below-floor
cluster-0008	229	N0042122D0084	0.002382	0.003970	0.000000	1	below-floor
cluster-0008	230	N6893623D0051	0.002371	0.003952	0.000000	1	below-floor
cluster-0008	231	N6893623D0045	0.002359	0.003931	0.000000	1	below-floor
cluster-0008	232	N6134018D0002	0.002340	0.003901	0.000000	1	below-floor
cluster-0008	233	N6134022D0002	0.002340	0.003900	0.000000	1	below-floor
cluster-0008	234	N6833521D0227	0.002322	0.003871	0.000000	1	below-floor
cluster-0008	235	N6833520D0048	0.002285	0.003809	0.000000	1	below-floor
cluster-0008	236	N0042121D0037	0.002261	0.003768	0.000000	1	below-floor
cluster-0008	237	N0042122D0005	0.002252	0.003753	0.000000	1	below-floor
cluster-0008	238	N6893623D0018	0.002251	0.003751	0.000000	1	below-floor
cluster-0008	239	N0001925D0023	0.002249	0.003749	0.000000	1	below-floor
cluster-0008	240	N6893622D0028	0.002202	0.003670	0.000000	1	below-floor
cluster-0008	241	N0042117D0032	0.002199	0.003665	0.000000	1	below-floor
cluster-0008	242	N0001923D0018	0.002148	0.003581	0.000000	1	below-floor
cluster-0008	243	N6893622D0004	0.002075	0.003458	0.000000	1	below-floor
cluster-0008	244	N6833516D0013	0.002040	0.003400	0.000000	1	below-floor
cluster-0008	245	N6134015D0003	0.002013	0.003355	0.000000	1	below-floor
cluster-0008	246	N0042120D0108	0.001968	0.003281	0.000000	1	below-floor
cluster-0008	247	N0001923D0011	0.001966	0.003276	0.000000	1	below-floor
cluster-0008	248	N0042119D0026	0.001945	0.003241	0.000000	1	below-floor
cluster-0008	249	N0042120D0117	0.001944	0.003240	0.000000	1	below-floor
cluster-0008	250	N6893619D0007	0.001874	0.003123	0.000000	1	below-floor
cluster-0008	251	N0001917D0009	0.001843	0.003072	0.000000	1	below-floor
cluster-0008	252	N6893621D0016	0.001840	0.003067	0.000000	1	below-floor
cluster-0008	253	N0042120D0001	0.001797	0.002995	0.000000	1	below-floor
cluster-0008	254	N0042124D0012	0.001713	0.002854	0.000000	1	below-floor
cluster-0008	255	N0001919D0027	0.001711	0.002851	0.000000	1	below-floor
cluster-0008	256	N6893616D0016	0.001707	0.002844	0.000000	1	below-floor
cluster-0008	257	N0042122D0099	0.001642	0.002737	0.000000	1	below-floor
cluster-0008	258	N6893623D0054	0.001622	0.002703	0.000000	1	below-floor
cluster-0008	259	N6134019D1010	0.001619	0.002699	0.000000	1	below-floor
cluster-0008	260	N6893618D0015	0.001542	0.002571	0.000000	1	below-floor
cluster-0008	261	N6893623D0001	0.001471	0.002452	0.000000	1	below-floor
cluster-0008	262	N0042120D0024	0.001440	0.002399	0.000000	1	below-floor
cluster-0008	263	N6893622D0034	0.001418	0.002364	0.000000	1	below-floor
cluster-0008	264	N6893620D0007	0.001413	0.002356	0.000000	1	below-floor
cluster-0008	265	N0042124D0020	0.001401	0.002335	0.000000	1	below-floor
cluster-0008	266	N6893621D0046	0.001389	0.002314	0.000000	1	below-floor
cluster-0008	267	N6833522D0017	0.001383	0.002305	0.000000	1	below-floor
cluster-0008	268	N6852021D0006	0.001381	0.002302	0.000000	1	below-floor
cluster-0008	269	N6893622D0032	0.001294	0.002157	0.000000	1	below-floor
cluster-0008	270	N6893622D0038	0.001263	0.002106	0.000000	1	below-floor
cluster-0008	271	N6833523D0046	0.001254	0.002090	0.000000	1	below-floor
cluster-0008	272	N6833522D0005	0.001238	0.002064	0.000000	1	below-floor
cluster-0008	273	N6833521D0229	0.001206	0.002010	0.000000	1	below-floor
cluster-0008	274	N0042121D0002	0.001173	0.001956	0.000000	1	below-floor
cluster-0008	275	N6893620D0024	0.001163	0.001938	0.000000	1	below-floor
cluster-0008	276	N6893623D0037	0.001148	0.001913	0.000000	1	below-floor
cluster-0008	277	N6893624D0007	0.001140	0.001900	0.000000	1	below-floor
cluster-0008	278	N6893624D0001	0.001122	0.001869	0.000000	1	below-floor
cluster-0008	279	N0042125D0303	0.001121	0.001868	0.000000	1	below-floor
cluster-0008	280	N0042120D0003	0.001116	0.001860	0.000000	1	below-floor
cluster-0008	281	N6893624D0023	0.001109	0.001849	0.000000	1	below-floor
cluster-0008	282	N0038324DBK01	0.001099	0.001832	0.000000	1	below-floor
cluster-0008	283	N6893619D0001	0.001092	0.001821	0.000000	1	below-floor
cluster-0008	284	N6893622D0015	0.001088	0.001814	0.000000	1	below-floor
cluster-0008	285	N0001923D0008	0.001048	0.001746	0.000000	1	below-floor
cluster-0008	286	N6893617D0010	0.001029	0.001714	0.000000	1	below-floor
cluster-0008	287	N0042124D0022	0.000983	0.001638	0.000000	1	below-floor
cluster-0008	288	N6833516D0020	0.000965	0.001608	0.000000	1	below-floor
cluster-0008	289	N0001923D0014	0.000930	0.001550	0.000000	1	below-floor
cluster-0008	290	N6893619D0020	0.000929	0.001548	0.000000	1	below-floor
cluster-0008	291	N0042118D0059	0.000916	0.001527	0.000000	1	below-floor
cluster-0008	292	N6893625D0011	0.000838	0.001397	0.000000	1	below-floor
cluster-0008	293	N6134022D0004	0.000823	0.001372	0.000000	1	below-floor
cluster-0008	294	N6893622D0041	0.000823	0.001372	0.000000	1	below-floor
cluster-0008	295	N6893622D0017	0.000816	0.001360	0.000000	1	below-floor
cluster-0008	296	N0042119D0002	0.000755	0.001259	0.000000	1	below-floor
cluster-0008	297	N0042122D0001	0.000740	0.001233	0.000000	1	below-floor
cluster-0008	298	N0001923D0012	0.000707	0.001178	0.000000	1	below-floor
cluster-0008	299	N6893624D0013	0.000704	0.001173	0.000000	1	below-floor
cluster-0008	300	N6833522D0008	0.000693	0.001155	0.000000	1	below-floor
cluster-0008	301	N0042124D0071	0.000666	0.001111	0.000000	1	below-floor
cluster-0008	302	N0042117D0027	0.000657	0.001096	0.000000	1	below-floor
cluster-0008	303	N0001923D0009	0.000631	0.001052	0.000000	1	below-floor
cluster-0008	304	N0042115D0005	0.000605	0.001008	0.000000	1	below-floor
cluster-0008	305	N6893621D0017	0.000586	0.000977	0.000000	1	below-floor
cluster-0008	306	N6852021D0004	0.000564	0.000940	0.000000	1	below-floor
cluster-0008	307	N0001919D0032	0.000551	0.000918	0.000000	1	below-floor
cluster-0008	308	N0042116D0005	0.000534	0.000890	0.000000	1	below-floor
cluster-0008	309	N0001918D0001	0.000504	0.000840	0.000000	1	below-floor
cluster-0008	310	N0042118D0001	0.000500	0.000833	0.000000	1	below-floor
cluster-0008	311	N0042119D0029	0.000467	0.000779	0.000000	1	below-floor
cluster-0008	312	N6833525D0004	0.000464	0.000773	0.000000	1	below-floor
cluster-0008	313	N6893623D0029	0.000459	0.000764	0.000000	1	below-floor
cluster-0008	314	N6893623D0021	0.000452	0.000753	0.000000	1	below-floor
cluster-0008	315	N6833522D0012	0.000420	0.000700	0.000000	1	below-floor
cluster-0008	316	N6833515D0026	0.000415	0.000692	0.000000	1	below-floor
cluster-0008	317	N6833525D0005	0.000398	0.000663	0.000000	1	below-floor
cluster-0008	318	N0042122D0002	0.000392	0.000653	0.000000	1	below-floor
cluster-0008	319	N0042125D0301	0.000374	0.000624	0.000000	1	below-floor
cluster-0008	320	N0042119D0058	0.000373	0.000621	0.000000	1	below-floor
cluster-0008	321	N0042119D0076	0.000360	0.000600	0.000000	1	below-floor
cluster-0008	322	N0042123D0019	0.000360	0.000600	0.000000	1	below-floor
cluster-0008	323	N6833520D0935	0.000359	0.000598	0.000000	1	below-floor
cluster-0008	324	N6134024D0001	0.000350	0.000583	0.000000	1	below-floor
cluster-0008	325	N6893619D0035	0.000322	0.000537	0.000000	1	below-floor
cluster-0008	326	N0001921D0010	0.000318	0.000530	0.000000	1	below-floor
cluster-0008	327	N6893618D0026	0.000292	0.000487	0.000000	1	below-floor
cluster-0008	328	N6134021D0013	0.000277	0.000461	0.000000	1	below-floor
cluster-0008	329	N6893624D0012	0.000271	0.000451	0.000000	1	below-floor
cluster-0008	330	N6833521D0064	0.000256	0.000426	0.000000	1	below-floor
cluster-0008	331	N6833521D0214	0.000256	0.000427	0.000000	1	below-floor
cluster-0008	332	N6134020D0002	0.000225	0.000375	0.000000	1	below-floor
cluster-0008	333	N0042119D0071	0.000216	0.000361	0.000000	1	below-floor
cluster-0008	334	N0042119D0060	0.000210	0.000349	0.000000	1	below-floor
cluster-0008	335	N6893624D0009	0.000202	0.000337	0.000000	1	below-floor
cluster-0008	336	N0001920D0016	0.000165	0.000274	0.000000	1	below-floor
cluster-0008	337	N6833525D0010	0.000163	0.000272	0.000000	1	below-floor
cluster-0008	338	N6893624D0008	0.000163	0.000272	0.000000	1	below-floor
cluster-0008	339	N6134020D0011	0.000154	0.000257	0.000000	1	below-floor
cluster-0008	340	N6134021D0017	0.000147	0.000245	0.000000	1	below-floor
cluster-0008	341	N6893624D0017	0.000145	0.000241	0.000000	1	below-floor
cluster-0008	342	N0001921D0001	0.000130	0.000217	0.000000	1	below-floor
cluster-0008	343	N6134020D0004	0.000120	0.000200	0.000000	1	below-floor
cluster-0008	344	N6833525D0001	0.000113	0.000189	0.000000	1	below-floor
cluster-0008	345	N6833521D0045	0.000108	0.000180	0.000000	1	below-floor
cluster-0008	346	N6833524D0019	0.000104	0.000173	0.000000	1	below-floor
cluster-0008	347	N0001919D0012	0.000097	0.000162	0.000000	1	below-floor
cluster-0008	348	N0001919D0013	0.000097	0.000162	0.000000	1	below-floor
cluster-0008	349	N0001917D0101	0.000000	0.000000	0.000000	1	below-floor
cluster-0008	350	N0001919D0026	0.000000	0.000000	0.000000	1	below-floor
cluster-0008	351	N0001920D0013	0.000000	0.000000	0.000000	1	below-floor
cluster-0008	352	N0001920D0024	0.000000	0.000000	0.000000	1	below-floor
cluster-0008	353	N0001921D0011	0.000000	0.000000	0.000000	1	below-floor
cluster-0008	354	N0001922D0007	0.000000	0.000000	0.000000	1	below-floor
cluster-0008	355	N0001922D0022	0.000000	0.000000	0.000000	1	below-floor
cluster-0008	356	N0001922D0042	0.000000	0.000000	0.000000	1	below-floor
cluster-0008	357	N0001922D0043	0.000000	0.000000	0.000000	1	below-floor
cluster-0008	358	N0024424D0010	0.000000	0.000000	0.000000	1	below-floor
cluster-0008	359	N0042117D0052	0.000000	0.000000	0.000000	1	below-floor
cluster-0008	360	N0042118D0007	0.000000	0.000000	0.000000	1	below-floor
cluster-0008	361	N0042118D0030	0.000000	0.000000	0.000000	1	below-floor
cluster-0008	362	N0042118D0062	0.000000	0.000000	0.000000	1	below-floor
cluster-0008	363	N0042119D0067	0.000000	0.000000	0.000000	1	below-floor
cluster-0008	364	N0042120D0109	0.000000	0.000000	0.000000	1	below-floor
cluster-0008	365	N0042121D0023	0.000000	0.000000	0.000000	1	below-floor
cluster-0008	366	N0042123D0001	0.000000	0.000000	0.000000	1	below-floor
cluster-0008	367	N0042124D0011	0.000000	0.000000	0.000000	1	below-floor
cluster-0008	368	N6134019D0906	0.000000	0.000000	0.000000	1	below-floor
cluster-0008	369	N6134020D0015	0.000000	0.000000	0.000000	1	below-floor
cluster-0008	370	N6134020D0020	0.000000	0.000000	0.000000	1	below-floor
cluster-0008	371	N6134023D0003	0.000000	0.000000	0.000000	1	below-floor
cluster-0008	372	N6134025D0005	0.000000	0.000000	0.000000	1	below-floor
cluster-0008	373	N6833517D0021	0.000000	0.000000	0.000000	1	below-floor
cluster-0008	374	N6833520D0032	0.000000	0.000000	0.000000	1	below-floor
cluster-0008	375	N6833522D0022	0.000000	0.000000	0.000000	1	below-floor
cluster-0008	376	N6833522D0037	0.000000	0.000000	0.000000	1	below-floor
cluster-0008	377	N6833523D0010	0.000000	0.000000	0.000000	1	below-floor
cluster-0008	378	N6833523D0029	0.000000	0.000000	0.000000	1	below-floor
cluster-0008	379	N6833524D0002	0.000000	0.000000	0.000000	1	below-floor
cluster-0008	380	N6833524D0003	0.000000	0.000000	0.000000	1	below-floor
cluster-0008	381	N6833524D0018	0.000000	0.000000	0.000000	1	below-floor
cluster-0008	382	N6833524D0023	0.000000	0.000000	0.000000	1	below-floor
cluster-0008	383	N6852020D0012	0.000000	0.000000	0.000000	1	below-floor
cluster-0008	384	N6893620D0018	0.000000	0.000000	0.000000	1	below-floor
cluster-0008	385	N6893621D0026	0.000000	0.000000	0.000000	1	below-floor
cluster-0008	386	N6893621D0043	0.000000	0.000000	0.000000	1	below-floor
cluster-0008	387	N6893621D0044	0.000000	0.000000	0.000000	1	below-floor
cluster-0008	388	N6893622D0011	0.000000	0.000000	0.000000	1	below-floor
cluster-0008	389	N6893622D0027	0.000000	0.000000	0.000000	1	below-floor
cluster-0008	390	N6893623D0025	0.000000	0.000000	0.000000	1	below-floor
cluster-0008	391	N6893623D0026	0.000000	0.000000	0.000000	1	below-floor
cluster-0008	392	N6893623D0036	0.000000	0.000000	0.000000	1	below-floor
cluster-0008	393	N6893623D0039	0.000000	0.000000	0.000000	1	below-floor
cluster-0008	394	N6893624D0022	0.000000	0.000000	0.000000	1	below-floor
cluster-0008	395	N6893624D0025	0.000000	0.000000	0.000000	1	below-floor
cluster-0008	396	N0042124A0005	0.016639	0.027732	0.000000	2	below-floor
cluster-0008	397	N6852024A0004	0.015610	0.026017	0.000000	2	below-floor
cluster-0008	398	GSA-MAS	0.013408	0.022346	0.000000	2	below-floor
cluster-0008	399	N6883621A0003	0.007136	0.011894	0.000000	2	below-floor
cluster-0008	400	DON-ESL-BPA	0.003607	0.006011	0.000000	2	below-floor
cluster-0008	401	N6833523A0134	0.002035	0.003391	0.000000	2	below-floor
cluster-0008	402	N0042124A0003	0.001352	0.002253	0.000000	2	below-floor
cluster-0008	403	N0042124A0004	0.000705	0.001174	0.000000	2	below-floor
cluster-0008	404	N6833523A0029	0.000326	0.000544	0.000000	2	below-floor
cluster-0008	405	N6833523A0049	0.000162	0.000270	0.000000	2	below-floor
cluster-0008	406	N6833523A0021	0.000149	0.000249	0.000000	2	below-floor
cluster-0008	407	N6833523A0027	0.000113	0.000188	0.000000	2	below-floor
cluster-0008	408	N6833522A0017	0.000000	0.000000	0.000000	2	below-floor
cluster-0008	409	N6833522A0027	0.000000	0.000000	0.000000	2	below-floor
cluster-0008	410	N6833522A0029	0.000000	0.000000	0.000000	2	below-floor
cluster-0008	411	N6833522A0032	0.000000	0.000000	0.000000	2	below-floor
cluster-0008	412	N6833522A0035	0.000000	0.000000	0.000000	2	below-floor
cluster-0008	413	N6833523A0016	0.000000	0.000000	0.000000	2	below-floor
cluster-0008	414	N6833523A0018	0.000000	0.000000	0.000000	2	below-floor
cluster-0008	415	N6833523A0020	0.000000	0.000000	0.000000	2	below-floor
cluster-0008	416	N6833523A0025	0.000000	0.000000	0.000000	2	below-floor
cluster-0008	417	N6833523A0028	0.000000	0.000000	0.000000	2	below-floor
cluster-0008	418	N6833523A0030	0.000000	0.000000	0.000000	2	below-floor
cluster-0008	419	N6833523A0038	0.000000	0.000000	0.000000	2	below-floor
cluster-0008	420	N6833523A0040	0.000000	0.000000	0.000000	2	below-floor
cluster-0008	421	N6833523A0041	0.000000	0.000000	0.000000	2	below-floor
cluster-0008	422	N6833523A0043	0.000000	0.000000	0.000000	2	below-floor
cluster-0008	423	N6833523A0051	0.000000	0.000000	0.000000	2	below-floor
cluster-0008	424	N6833523A0059	0.000000	0.000000	0.000000	2	below-floor
cluster-0008	425	N6833523A0062	0.000000	0.000000	0.000000	2	below-floor
cluster-0008	426	N6833523A0120	0.000000	0.000000	0.000000	2	below-floor
cluster-0008	427	N6833523A0151	0.000000	0.000000	0.000000	2	below-floor
cluster-0008	428	N6833523A0153	0.000000	0.000000	0.000000	2	below-floor
cluster-0008	429	N6833523A0167	0.000000	0.000000	0.000000	2	below-floor
cluster-0008	430	N6833523A0194	0.000000	0.000000	0.000000	2	below-floor
cluster-0008	431	N6833524A0002	0.000000	0.000000	0.000000	2	below-floor
cluster-0008	432	N6833524A0007	0.000000	0.000000	0.000000	2	below-floor
cluster-0008	433	N6833524A0016	0.000000	0.000000	0.000000	2	below-floor
cluster-0008	434	N6833524A0026	0.000000	0.000000	0.000000	2	below-floor
cluster-0008	435	N6833524A0032	0.000000	0.000000	0.000000	2	below-floor
cluster-0008	436	N6833524A0033	0.000000	0.000000	0.000000	2	below-floor
cluster-0008	437	N6833524A0040	0.000000	0.000000	0.000000	2	below-floor
cluster-0008	438	N6833525A0007	0.000000	0.000000	0.000000	2	below-floor
cluster-0008	439	N6833525A0008	0.000000	0.000000	0.000000	2	below-floor
cluster-0008	440	N6833525A0038	0.000000	0.000000	0.000000	2	below-floor
cluster-0008	441	GSA-OASIS-PLUS	0.006263	0.010438	0.000000	3	below-floor
cluster-0008	442	NASA-SEWP	0.002746	0.004577	0.000000	3	below-floor
cluster-0008	443	FA857619D0001	0.000685	0.001142	0.000000	3	below-floor
cluster-0008	444	W15QKN15D0001	0.000551	0.000918	0.000000	3	below-floor
cluster-0008	445	FA860423DB001	0.000000	0.000000	0.000000	3	below-floor
cluster-0008	446	N6833522G0035	0.022801	0.038001	0.000000	5	below-floor
cluster-0008	447	NAVAIR-HQ-BOA	0.016884	0.028141	0.000000	5	below-floor
cluster-0008	448	N6833519G0050	0.016593	0.027655	0.000000	5	below-floor
cluster-0008	449	N6833519G0013	0.011845	0.019742	0.000000	5	below-floor
cluster-0008	450	N0042121G0004	0.010288	0.017146	0.000000	5	below-floor
cluster-0008	451	N0042124G0005	0.010129	0.016881	0.000000	5	below-floor
cluster-0008	452	N6833521G0020	0.008581	0.014301	0.000000	5	below-floor
cluster-0008	453	N6833520G0002	0.008326	0.013877	0.000000	5	below-floor
cluster-0008	454	N0042125G0003	0.007999	0.013331	0.000000	5	below-floor
cluster-0008	455	N6833524G0021	0.006379	0.010631	0.000000	5	below-floor
cluster-0008	456	N0042122G0101	0.006291	0.010485	0.000000	5	below-floor
cluster-0008	457	N6134019G0002	0.006024	0.010040	0.000000	5	below-floor
cluster-0008	458	N0042124G0001	0.005902	0.009837	0.000000	5	below-floor
cluster-0008	459	N0042123G0001	0.005823	0.009704	0.000000	5	below-floor
cluster-0008	460	N6833519G0059	0.005018	0.008364	0.000000	5	below-floor
cluster-0008	461	N6833522G0041	0.004523	0.007538	0.000000	5	below-floor
cluster-0008	462	N6833524G0038	0.004033	0.006722	0.000000	5	below-floor
cluster-0008	463	N6833515G0022	0.004010	0.006683	0.000000	5	below-floor
cluster-0008	464	N0042121G0005	0.003796	0.006327	0.000000	5	below-floor
cluster-0008	465	N0042123G0002	0.003643	0.006071	0.000000	5	below-floor
cluster-0008	466	N6833519G0041	0.002758	0.004596	0.000000	5	below-floor
cluster-0008	467	SPE4A123G0002	0.002278	0.003797	0.000000	5	below-floor
cluster-0008	468	N0042123G0005	0.002089	0.003481	0.000000	5	below-floor
cluster-0008	469	N6833518G0014	0.002036	0.003393	0.000000	5	below-floor
cluster-0008	470	N6833522G0029	0.001930	0.003216	0.000000	5	below-floor
cluster-0008	471	N6833524G0009	0.001156	0.001927	0.000000	5	below-floor
cluster-0008	472	N6833521G0021	0.001030	0.001717	0.000000	5	below-floor
cluster-0008	473	N6833522G0010	0.000845	0.001408	0.000000	5	below-floor
cluster-0008	474	N6833520G3036	0.000755	0.001258	0.000000	5	below-floor
cluster-0008	475	N0042117G0003	0.000649	0.001081	0.000000	5	below-floor
cluster-0008	476	N6833524G0007	0.000624	0.001039	0.000000	5	below-floor
cluster-0008	477	N6833520G1048	0.000502	0.000836	0.000000	5	below-floor
cluster-0008	478	N6833523G0001	0.000371	0.000619	0.000000	5	below-floor
cluster-0008	479	N6833523G0004	0.000305	0.000509	0.000000	5	below-floor
cluster-0008	480	N6833522G0036	0.000108	0.000180	0.000000	5	below-floor
cluster-0008	481	N0042119G0001	0.000000	0.000000	0.000000	5	below-floor
cluster-0008	482	N0042119G0004	0.000000	0.000000	0.000000	5	below-floor
cluster-0008	483	N0042123G0004	0.000000	0.000000	0.000000	5	below-floor
cluster-0008	484	N6833524G0028	0.000000	0.000000	0.000000	5	below-floor
cluster-0009	1	NAWCAD-SCI-MAC	0.026861	0.044768	0.000000	1	below-floor
cluster-0009	2	SEAPORT-NXG	0.022285	0.037141	0.000000	1	below-floor
cluster-0009	3	NAWCAD-CYBER-IDIQ	0.012387	0.020645	0.000000	1	below-floor
cluster-0009	4	NAWCTSD-FTSS-V	0.009938	0.016563	0.000000	1	below-floor
cluster-0009	5	NAWCTSD-PACRM	0.009928	0.016547	0.000000	1	below-floor
cluster-0009	6	NAWCTSD-TSC-IV	0.007733	0.012889	0.000000	1	below-floor
cluster-0009	7	GSA-MAS	0.029740	0.049567	0.000000	2	below-floor
cluster-0009	8	DON-ESL-BPA	0.001721	0.002868	0.000000	2	below-floor
cluster-0009	9	NASA-SEWP	0.026600	0.044333	0.000000	3	below-floor
cluster-0009	10	GSA-OASIS-PLUS	0.000000	0.000000	0.000000	3	below-floor
cluster-0009	11	NAVAIR-HQ-BOA	0.024361	0.040601	0.000000	5	below-floor
cluster-0009	0	FA857619D0001	0.000000	0.000000	0.000000	0	eliminated:OFFICE-NOT-AMONG-OBSERVED-ORDERING-ACTIVITIES
cluster-0009	0	FA860423DB001	0.000000	0.000000	0.000000	0	eliminated:OFFICE-NOT-AMONG-OBSERVED-ORDERING-ACTIVITIES
cluster-0009	0	N0001421D4002	0.000000	0.000000	0.000000	0	eliminated:OFFICE-NOT-AMONG-OBSERVED-ORDERING-ACTIVITIES
cluster-0009	0	N0001917D0004	0.000000	0.000000	0.000000	0	eliminated:OFFICE-NOT-AMONG-OBSERVED-ORDERING-ACTIVITIES
cluster-0009	0	N0001917D0009	0.000000	0.000000	0.000000	0	eliminated:OFFICE-NOT-AMONG-OBSERVED-ORDERING-ACTIVITIES
cluster-0009	0	N0001917D0089	0.000000	0.000000	0.000000	0	eliminated:OFFICE-NOT-AMONG-OBSERVED-ORDERING-ACTIVITIES
cluster-0009	0	N0001917D0101	0.000000	0.000000	0.000000	0	eliminated:OFFICE-NOT-AMONG-OBSERVED-ORDERING-ACTIVITIES
cluster-0009	0	N0001918D0001	0.000000	0.000000	0.000000	0	eliminated:OFFICE-NOT-AMONG-OBSERVED-ORDERING-ACTIVITIES
cluster-0009	0	N0001918D0103	0.000000	0.000000	0.000000	0	eliminated:OFFICE-NOT-AMONG-OBSERVED-ORDERING-ACTIVITIES
cluster-0009	0	N0001918D0110	0.000000	0.000000	0.000000	0	eliminated:OFFICE-NOT-AMONG-OBSERVED-ORDERING-ACTIVITIES
cluster-0009	0	N0001918D0111	0.000000	0.000000	0.000000	0	eliminated:OFFICE-NOT-AMONG-OBSERVED-ORDERING-ACTIVITIES
cluster-0009	0	N0001918D0118	0.000000	0.000000	0.000000	0	eliminated:OFFICE-NOT-AMONG-OBSERVED-ORDERING-ACTIVITIES
cluster-0009	0	N0001918D0123	0.000000	0.000000	0.000000	0	eliminated:OFFICE-NOT-AMONG-OBSERVED-ORDERING-ACTIVITIES
cluster-0009	0	N0001919D0001	0.000000	0.000000	0.000000	0	eliminated:OFFICE-NOT-AMONG-OBSERVED-ORDERING-ACTIVITIES
cluster-0009	0	N0001919D0005	0.000000	0.000000	0.000000	0	eliminated:OFFICE-NOT-AMONG-OBSERVED-ORDERING-ACTIVITIES
cluster-0009	0	N0001919D0012	0.000000	0.000000	0.000000	0	eliminated:OFFICE-NOT-AMONG-OBSERVED-ORDERING-ACTIVITIES
cluster-0009	0	N0001919D0013	0.000000	0.000000	0.000000	0	eliminated:OFFICE-NOT-AMONG-OBSERVED-ORDERING-ACTIVITIES
cluster-0009	0	N0001919D0015	0.000000	0.000000	0.000000	0	eliminated:OFFICE-NOT-AMONG-OBSERVED-ORDERING-ACTIVITIES
cluster-0009	0	N0001919D0021	0.000000	0.000000	0.000000	0	eliminated:OFFICE-NOT-AMONG-OBSERVED-ORDERING-ACTIVITIES
cluster-0009	0	N0001919D0023	0.000000	0.000000	0.000000	0	eliminated:OFFICE-NOT-AMONG-OBSERVED-ORDERING-ACTIVITIES
cluster-0009	0	N0001919D0026	0.000000	0.000000	0.000000	0	eliminated:OFFICE-NOT-AMONG-OBSERVED-ORDERING-ACTIVITIES
cluster-0009	0	N0001919D0027	0.000000	0.000000	0.000000	0	eliminated:OFFICE-NOT-AMONG-OBSERVED-ORDERING-ACTIVITIES
cluster-0009	0	N0001919D0032	0.000000	0.000000	0.000000	0	eliminated:OFFICE-NOT-AMONG-OBSERVED-ORDERING-ACTIVITIES
cluster-0009	0	N0001920D0001	0.000000	0.000000	0.000000	0	eliminated:OFFICE-NOT-AMONG-OBSERVED-ORDERING-ACTIVITIES
cluster-0009	0	N0001920D0004	0.000000	0.000000	0.000000	0	eliminated:OFFICE-NOT-AMONG-OBSERVED-ORDERING-ACTIVITIES
cluster-0009	0	N0001920D0007	0.000000	0.000000	0.000000	0	eliminated:OFFICE-NOT-AMONG-OBSERVED-ORDERING-ACTIVITIES
cluster-0009	0	N0001920D0008	0.000000	0.000000	0.000000	0	eliminated:OFFICE-NOT-AMONG-OBSERVED-ORDERING-ACTIVITIES
cluster-0009	0	N0001920D0013	0.000000	0.000000	0.000000	0	eliminated:OFFICE-NOT-AMONG-OBSERVED-ORDERING-ACTIVITIES
cluster-0009	0	N0001920D0016	0.000000	0.000000	0.000000	0	eliminated:OFFICE-NOT-AMONG-OBSERVED-ORDERING-ACTIVITIES
cluster-0009	0	N0001920D0017	0.000000	0.000000	0.000000	0	eliminated:OFFICE-NOT-AMONG-OBSERVED-ORDERING-ACTIVITIES
cluster-0009	0	N0001920D0023	0.000000	0.000000	0.000000	0	eliminated:OFFICE-NOT-AMONG-OBSERVED-ORDERING-ACTIVITIES
cluster-0009	0	N0001920D0024	0.000000	0.000000	0.000000	0	eliminated:OFFICE-NOT-AMONG-OBSERVED-ORDERING-ACTIVITIES
cluster-0009	0	N0001920D0051	0.000000	0.000000	0.000000	0	eliminated:OFFICE-NOT-AMONG-OBSERVED-ORDERING-ACTIVITIES
cluster-0009	0	N0001920D0106	0.000000	0.000000	0.000000	0	eliminated:OFFICE-NOT-AMONG-OBSERVED-ORDERING-ACTIVITIES
cluster-0009	0	N0001920D0109	0.000000	0.000000	0.000000	0	eliminated:OFFICE-NOT-AMONG-OBSERVED-ORDERING-ACTIVITIES
cluster-0009	0	N0001921D0001	0.000000	0.000000	0.000000	0	eliminated:OFFICE-NOT-AMONG-OBSERVED-ORDERING-ACTIVITIES
cluster-0009	0	N0001921D0004	0.000000	0.000000	0.000000	0	eliminated:OFFICE-NOT-AMONG-OBSERVED-ORDERING-ACTIVITIES
cluster-0009	0	N0001921D0010	0.000000	0.000000	0.000000	0	eliminated:OFFICE-NOT-AMONG-OBSERVED-ORDERING-ACTIVITIES
cluster-0009	0	N0001921D0011	0.000000	0.000000	0.000000	0	eliminated:OFFICE-NOT-AMONG-OBSERVED-ORDERING-ACTIVITIES
cluster-0009	0	N0001921D0015	0.000000	0.000000	0.000000	0	eliminated:OFFICE-NOT-AMONG-OBSERVED-ORDERING-ACTIVITIES
cluster-0009	0	N0001921D0050	0.000000	0.000000	0.000000	0	eliminated:OFFICE-NOT-AMONG-OBSERVED-ORDERING-ACTIVITIES
cluster-0009	0	N0001922D0001	0.000000	0.000000	0.000000	0	eliminated:OFFICE-NOT-AMONG-OBSERVED-ORDERING-ACTIVITIES
cluster-0009	0	N0001922D0003	0.000000	0.000000	0.000000	0	eliminated:OFFICE-NOT-AMONG-OBSERVED-ORDERING-ACTIVITIES
cluster-0009	0	N0001922D0004	0.000000	0.000000	0.000000	0	eliminated:OFFICE-NOT-AMONG-OBSERVED-ORDERING-ACTIVITIES
cluster-0009	0	N0001922D0006	0.000000	0.000000	0.000000	0	eliminated:OFFICE-NOT-AMONG-OBSERVED-ORDERING-ACTIVITIES
cluster-0009	0	N0001922D0007	0.000000	0.000000	0.000000	0	eliminated:OFFICE-NOT-AMONG-OBSERVED-ORDERING-ACTIVITIES
cluster-0009	0	N0001922D0008	0.000000	0.000000	0.000000	0	eliminated:OFFICE-NOT-AMONG-OBSERVED-ORDERING-ACTIVITIES
cluster-0009	0	N0001922D0009	0.000000	0.000000	0.000000	0	eliminated:OFFICE-NOT-AMONG-OBSERVED-ORDERING-ACTIVITIES
cluster-0009	0	N0001922D0011	0.000000	0.000000	0.000000	0	eliminated:OFFICE-NOT-AMONG-OBSERVED-ORDERING-ACTIVITIES
cluster-0009	0	N0001922D0013	0.000000	0.000000	0.000000	0	eliminated:OFFICE-NOT-AMONG-OBSERVED-ORDERING-ACTIVITIES
cluster-0009	0	N0001922D0022	0.000000	0.000000	0.000000	0	eliminated:OFFICE-NOT-AMONG-OBSERVED-ORDERING-ACTIVITIES
cluster-0009	0	N0001922D0038	0.000000	0.000000	0.000000	0	eliminated:OFFICE-NOT-AMONG-OBSERVED-ORDERING-ACTIVITIES
cluster-0009	0	N0001922D0040	0.000000	0.000000	0.000000	0	eliminated:OFFICE-NOT-AMONG-OBSERVED-ORDERING-ACTIVITIES
cluster-0009	0	N0001922D0042	0.000000	0.000000	0.000000	0	eliminated:OFFICE-NOT-AMONG-OBSERVED-ORDERING-ACTIVITIES
cluster-0009	0	N0001922D0043	0.000000	0.000000	0.000000	0	eliminated:OFFICE-NOT-AMONG-OBSERVED-ORDERING-ACTIVITIES
cluster-0009	0	N0001923D0001	0.000000	0.000000	0.000000	0	eliminated:OFFICE-NOT-AMONG-OBSERVED-ORDERING-ACTIVITIES
cluster-0009	0	N0001923D0008	0.000000	0.000000	0.000000	0	eliminated:OFFICE-NOT-AMONG-OBSERVED-ORDERING-ACTIVITIES
cluster-0009	0	N0001923D0009	0.000000	0.000000	0.000000	0	eliminated:OFFICE-NOT-AMONG-OBSERVED-ORDERING-ACTIVITIES
cluster-0009	0	N0001923D0010	0.000000	0.000000	0.000000	0	eliminated:OFFICE-NOT-AMONG-OBSERVED-ORDERING-ACTIVITIES
cluster-0009	0	N0001923D0011	0.000000	0.000000	0.000000	0	eliminated:OFFICE-NOT-AMONG-OBSERVED-ORDERING-ACTIVITIES
cluster-0009	0	N0001923D0012	0.000000	0.000000	0.000000	0	eliminated:OFFICE-NOT-AMONG-OBSERVED-ORDERING-ACTIVITIES
cluster-0009	0	N0001923D0013	0.000000	0.000000	0.000000	0	eliminated:OFFICE-NOT-AMONG-OBSERVED-ORDERING-ACTIVITIES
cluster-0009	0	N0001923D0014	0.000000	0.000000	0.000000	0	eliminated:OFFICE-NOT-AMONG-OBSERVED-ORDERING-ACTIVITIES
cluster-0009	0	N0001923D0015	0.000000	0.000000	0.000000	0	eliminated:OFFICE-NOT-AMONG-OBSERVED-ORDERING-ACTIVITIES
cluster-0009	0	N0001923D0018	0.000000	0.000000	0.000000	0	eliminated:OFFICE-NOT-AMONG-OBSERVED-ORDERING-ACTIVITIES
cluster-0009	0	N0001923D0022	0.000000	0.000000	0.000000	0	eliminated:OFFICE-NOT-AMONG-OBSERVED-ORDERING-ACTIVITIES
cluster-0009	0	N0001924D0004	0.000000	0.000000	0.000000	0	eliminated:OFFICE-NOT-AMONG-OBSERVED-ORDERING-ACTIVITIES
cluster-0009	0	N0001924D0008	0.000000	0.000000	0.000000	0	eliminated:OFFICE-NOT-AMONG-OBSERVED-ORDERING-ACTIVITIES
cluster-0009	0	N0001924D0106	0.000000	0.000000	0.000000	0	eliminated:OFFICE-NOT-AMONG-OBSERVED-ORDERING-ACTIVITIES
cluster-0009	0	N0001924D0110	0.000000	0.000000	0.000000	0	eliminated:OFFICE-NOT-AMONG-OBSERVED-ORDERING-ACTIVITIES
cluster-0009	0	N0001924D0114	0.000000	0.000000	0.000000	0	eliminated:OFFICE-NOT-AMONG-OBSERVED-ORDERING-ACTIVITIES
cluster-0009	0	N0001924D0119	0.000000	0.000000	0.000000	0	eliminated:OFFICE-NOT-AMONG-OBSERVED-ORDERING-ACTIVITIES
cluster-0009	0	N0001924D0126	0.000000	0.000000	0.000000	0	eliminated:OFFICE-NOT-AMONG-OBSERVED-ORDERING-ACTIVITIES
cluster-0009	0	N0001925D0009	0.000000	0.000000	0.000000	0	eliminated:OFFICE-NOT-AMONG-OBSERVED-ORDERING-ACTIVITIES
cluster-0009	0	N0001925D0012	0.000000	0.000000	0.000000	0	eliminated:OFFICE-NOT-AMONG-OBSERVED-ORDERING-ACTIVITIES
cluster-0009	0	N0001925D0014	0.000000	0.000000	0.000000	0	eliminated:OFFICE-NOT-AMONG-OBSERVED-ORDERING-ACTIVITIES
cluster-0009	0	N0001925D0016	0.000000	0.000000	0.000000	0	eliminated:OFFICE-NOT-AMONG-OBSERVED-ORDERING-ACTIVITIES
cluster-0009	0	N0001925D0023	0.000000	0.000000	0.000000	0	eliminated:OFFICE-NOT-AMONG-OBSERVED-ORDERING-ACTIVITIES
cluster-0009	0	N0024424D0005	0.000000	0.000000	0.000000	0	eliminated:OFFICE-NOT-AMONG-OBSERVED-ORDERING-ACTIVITIES
cluster-0009	0	N0024424D0010	0.000000	0.000000	0.000000	0	eliminated:OFFICE-NOT-AMONG-OBSERVED-ORDERING-ACTIVITIES
cluster-0009	0	N0038324DBK01	0.000000	0.000000	0.000000	0	eliminated:OFFICE-NOT-AMONG-OBSERVED-ORDERING-ACTIVITIES
cluster-0009	0	N0042115D0005	0.000000	0.000000	0.000000	0	eliminated:OFFICE-NOT-AMONG-OBSERVED-ORDERING-ACTIVITIES
cluster-0009	0	N0042116D0002	0.000000	0.000000	0.000000	0	eliminated:OFFICE-NOT-AMONG-OBSERVED-ORDERING-ACTIVITIES
cluster-0009	0	N0042116D0005	0.000000	0.000000	0.000000	0	eliminated:OFFICE-NOT-AMONG-OBSERVED-ORDERING-ACTIVITIES
cluster-0009	0	N0042116D0013	0.000000	0.000000	0.000000	0	eliminated:OFFICE-NOT-AMONG-OBSERVED-ORDERING-ACTIVITIES
cluster-0009	0	N0042117D0015	0.000000	0.000000	0.000000	0	eliminated:OFFICE-NOT-AMONG-OBSERVED-ORDERING-ACTIVITIES
cluster-0009	0	N0042117D0027	0.000000	0.000000	0.000000	0	eliminated:OFFICE-NOT-AMONG-OBSERVED-ORDERING-ACTIVITIES
cluster-0009	0	N0042117D0031	0.000000	0.000000	0.000000	0	eliminated:OFFICE-NOT-AMONG-OBSERVED-ORDERING-ACTIVITIES
cluster-0009	0	N0042117D0032	0.000000	0.000000	0.000000	0	eliminated:OFFICE-NOT-AMONG-OBSERVED-ORDERING-ACTIVITIES
cluster-0009	0	N0042117D0045	0.000000	0.000000	0.000000	0	eliminated:OFFICE-NOT-AMONG-OBSERVED-ORDERING-ACTIVITIES
cluster-0009	0	N0042117D0052	0.000000	0.000000	0.000000	0	eliminated:OFFICE-NOT-AMONG-OBSERVED-ORDERING-ACTIVITIES
cluster-0009	0	N0042117G0003	0.000000	0.000000	0.000000	0	eliminated:OFFICE-NOT-AMONG-OBSERVED-ORDERING-ACTIVITIES
cluster-0009	0	N0042118D0001	0.000000	0.000000	0.000000	0	eliminated:OFFICE-NOT-AMONG-OBSERVED-ORDERING-ACTIVITIES
cluster-0009	0	N0042118D0007	0.000000	0.000000	0.000000	0	eliminated:OFFICE-NOT-AMONG-OBSERVED-ORDERING-ACTIVITIES
cluster-0009	0	N0042118D0015	0.000000	0.000000	0.000000	0	eliminated:OFFICE-NOT-AMONG-OBSERVED-ORDERING-ACTIVITIES
cluster-0009	0	N0042118D0016	0.000000	0.000000	0.000000	0	eliminated:OFFICE-NOT-AMONG-OBSERVED-ORDERING-ACTIVITIES
cluster-0009	0	N0042118D0017	0.000000	0.000000	0.000000	0	eliminated:OFFICE-NOT-AMONG-OBSERVED-ORDERING-ACTIVITIES
cluster-0009	0	N0042118D0028	0.000000	0.000000	0.000000	0	eliminated:OFFICE-NOT-AMONG-OBSERVED-ORDERING-ACTIVITIES
cluster-0009	0	N0042118D0030	0.000000	0.000000	0.000000	0	eliminated:OFFICE-NOT-AMONG-OBSERVED-ORDERING-ACTIVITIES
cluster-0009	0	N0042118D0042	0.000000	0.000000	0.000000	0	eliminated:OFFICE-NOT-AMONG-OBSERVED-ORDERING-ACTIVITIES
cluster-0009	0	N0042118D0044	0.000000	0.000000	0.000000	0	eliminated:OFFICE-NOT-AMONG-OBSERVED-ORDERING-ACTIVITIES
cluster-0009	0	N0042118D0054	0.000000	0.000000	0.000000	0	eliminated:OFFICE-NOT-AMONG-OBSERVED-ORDERING-ACTIVITIES
cluster-0009	0	N0042118D0059	0.000000	0.000000	0.000000	0	eliminated:OFFICE-NOT-AMONG-OBSERVED-ORDERING-ACTIVITIES
cluster-0009	0	N0042118D0062	0.000000	0.000000	0.000000	0	eliminated:OFFICE-NOT-AMONG-OBSERVED-ORDERING-ACTIVITIES
cluster-0009	0	N0042119D0001	0.000000	0.000000	0.000000	0	eliminated:OFFICE-NOT-AMONG-OBSERVED-ORDERING-ACTIVITIES
cluster-0009	0	N0042119D0002	0.000000	0.000000	0.000000	0	eliminated:OFFICE-NOT-AMONG-OBSERVED-ORDERING-ACTIVITIES
cluster-0009	0	N0042119D0023	0.000000	0.000000	0.000000	0	eliminated:OFFICE-NOT-AMONG-OBSERVED-ORDERING-ACTIVITIES
cluster-0009	0	N0042119D0024	0.000000	0.000000	0.000000	0	eliminated:OFFICE-NOT-AMONG-OBSERVED-ORDERING-ACTIVITIES
cluster-0009	0	N0042119D0026	0.000000	0.000000	0.000000	0	eliminated:OFFICE-NOT-AMONG-OBSERVED-ORDERING-ACTIVITIES
cluster-0009	0	N0042119D0028	0.000000	0.000000	0.000000	0	eliminated:OFFICE-NOT-AMONG-OBSERVED-ORDERING-ACTIVITIES
cluster-0009	0	N0042119D0029	0.000000	0.000000	0.000000	0	eliminated:OFFICE-NOT-AMONG-OBSERVED-ORDERING-ACTIVITIES
cluster-0009	0	N0042119D0033	0.000000	0.000000	0.000000	0	eliminated:OFFICE-NOT-AMONG-OBSERVED-ORDERING-ACTIVITIES
cluster-0009	0	N0042119D0035	0.000000	0.000000	0.000000	0	eliminated:OFFICE-NOT-AMONG-OBSERVED-ORDERING-ACTIVITIES
cluster-0009	0	N0042119D0042	0.000000	0.000000	0.000000	0	eliminated:OFFICE-NOT-AMONG-OBSERVED-ORDERING-ACTIVITIES
cluster-0009	0	N0042119D0047	0.000000	0.000000	0.000000	0	eliminated:OFFICE-NOT-AMONG-OBSERVED-ORDERING-ACTIVITIES
cluster-0009	0	N0042119D0055	0.000000	0.000000	0.000000	0	eliminated:OFFICE-NOT-AMONG-OBSERVED-ORDERING-ACTIVITIES
cluster-0009	0	N0042119D0058	0.000000	0.000000	0.000000	0	eliminated:OFFICE-NOT-AMONG-OBSERVED-ORDERING-ACTIVITIES
cluster-0009	0	N0042119D0060	0.000000	0.000000	0.000000	0	eliminated:OFFICE-NOT-AMONG-OBSERVED-ORDERING-ACTIVITIES
cluster-0009	0	N0042119D0065	0.000000	0.000000	0.000000	0	eliminated:OFFICE-NOT-AMONG-OBSERVED-ORDERING-ACTIVITIES
cluster-0009	0	N0042119D0066	0.000000	0.000000	0.000000	0	eliminated:OFFICE-NOT-AMONG-OBSERVED-ORDERING-ACTIVITIES
cluster-0009	0	N0042119D0067	0.000000	0.000000	0.000000	0	eliminated:OFFICE-NOT-AMONG-OBSERVED-ORDERING-ACTIVITIES
cluster-0009	0	N0042119D0071	0.000000	0.000000	0.000000	0	eliminated:OFFICE-NOT-AMONG-OBSERVED-ORDERING-ACTIVITIES
cluster-0009	0	N0042119D0075	0.000000	0.000000	0.000000	0	eliminated:OFFICE-NOT-AMONG-OBSERVED-ORDERING-ACTIVITIES
cluster-0009	0	N0042119D0076	0.000000	0.000000	0.000000	0	eliminated:OFFICE-NOT-AMONG-OBSERVED-ORDERING-ACTIVITIES
cluster-0009	0	N0042119G0001	0.000000	0.000000	0.000000	0	eliminated:OFFICE-NOT-AMONG-OBSERVED-ORDERING-ACTIVITIES
cluster-0009	0	N0042119G0004	0.000000	0.000000	0.000000	0	eliminated:OFFICE-NOT-AMONG-OBSERVED-ORDERING-ACTIVITIES
cluster-0009	0	N0042120D0001	0.000000	0.000000	0.000000	0	eliminated:OFFICE-NOT-AMONG-OBSERVED-ORDERING-ACTIVITIES
cluster-0009	0	N0042120D0003	0.000000	0.000000	0.000000	0	eliminated:OFFICE-NOT-AMONG-OBSERVED-ORDERING-ACTIVITIES
cluster-0009	0	N0042120D0006	0.000000	0.000000	0.000000	0	eliminated:OFFICE-NOT-AMONG-OBSERVED-ORDERING-ACTIVITIES
cluster-0009	0	N0042120D0007	0.000000	0.000000	0.000000	0	eliminated:OFFICE-NOT-AMONG-OBSERVED-ORDERING-ACTIVITIES
cluster-0009	0	N0042120D0010	0.000000	0.000000	0.000000	0	eliminated:OFFICE-NOT-AMONG-OBSERVED-ORDERING-ACTIVITIES
cluster-0009	0	N0042120D0012	0.000000	0.000000	0.000000	0	eliminated:OFFICE-NOT-AMONG-OBSERVED-ORDERING-ACTIVITIES
cluster-0009	0	N0042120D0015	0.000000	0.000000	0.000000	0	eliminated:OFFICE-NOT-AMONG-OBSERVED-ORDERING-ACTIVITIES
cluster-0009	0	N0042120D0023	0.000000	0.000000	0.000000	0	eliminated:OFFICE-NOT-AMONG-OBSERVED-ORDERING-ACTIVITIES
cluster-0009	0	N0042120D0024	0.000000	0.000000	0.000000	0	eliminated:OFFICE-NOT-AMONG-OBSERVED-ORDERING-ACTIVITIES
cluster-0009	0	N0042120D0028	0.000000	0.000000	0.000000	0	eliminated:OFFICE-NOT-AMONG-OBSERVED-ORDERING-ACTIVITIES
cluster-0009	0	N0042120D0071	0.000000	0.000000	0.000000	0	eliminated:OFFICE-NOT-AMONG-OBSERVED-ORDERING-ACTIVITIES
cluster-0009	0	N0042120D0072	0.000000	0.000000	0.000000	0	eliminated:OFFICE-NOT-AMONG-OBSERVED-ORDERING-ACTIVITIES
cluster-0009	0	N0042120D0073	0.000000	0.000000	0.000000	0	eliminated:OFFICE-NOT-AMONG-OBSERVED-ORDERING-ACTIVITIES
cluster-0009	0	N0042120D0108	0.000000	0.000000	0.000000	0	eliminated:OFFICE-NOT-AMONG-OBSERVED-ORDERING-ACTIVITIES
cluster-0009	0	N0042120D0109	0.000000	0.000000	0.000000	0	eliminated:OFFICE-NOT-AMONG-OBSERVED-ORDERING-ACTIVITIES
cluster-0009	0	N0042120D0115	0.000000	0.000000	0.000000	0	eliminated:OFFICE-NOT-AMONG-OBSERVED-ORDERING-ACTIVITIES
cluster-0009	0	N0042120D0117	0.000000	0.000000	0.000000	0	eliminated:OFFICE-NOT-AMONG-OBSERVED-ORDERING-ACTIVITIES
cluster-0009	0	N0042120D0123	0.000000	0.000000	0.000000	0	eliminated:OFFICE-NOT-AMONG-OBSERVED-ORDERING-ACTIVITIES
cluster-0009	0	N0042121D0001	0.000000	0.000000	0.000000	0	eliminated:OFFICE-NOT-AMONG-OBSERVED-ORDERING-ACTIVITIES
cluster-0009	0	N0042121D0002	0.000000	0.000000	0.000000	0	eliminated:OFFICE-NOT-AMONG-OBSERVED-ORDERING-ACTIVITIES
cluster-0009	0	N0042121D0005	0.000000	0.000000	0.000000	0	eliminated:OFFICE-NOT-AMONG-OBSERVED-ORDERING-ACTIVITIES
cluster-0009	0	N0042121D0007	0.000000	0.000000	0.000000	0	eliminated:OFFICE-NOT-AMONG-OBSERVED-ORDERING-ACTIVITIES
cluster-0009	0	N0042121D0008	0.000000	0.000000	0.000000	0	eliminated:OFFICE-NOT-AMONG-OBSERVED-ORDERING-ACTIVITIES
cluster-0009	0	N0042121D0010	0.000000	0.000000	0.000000	0	eliminated:OFFICE-NOT-AMONG-OBSERVED-ORDERING-ACTIVITIES
cluster-0009	0	N0042121D0018	0.000000	0.000000	0.000000	0	eliminated:OFFICE-NOT-AMONG-OBSERVED-ORDERING-ACTIVITIES
cluster-0009	0	N0042121D0019	0.000000	0.000000	0.000000	0	eliminated:OFFICE-NOT-AMONG-OBSERVED-ORDERING-ACTIVITIES
cluster-0009	0	N0042121D0023	0.000000	0.000000	0.000000	0	eliminated:OFFICE-NOT-AMONG-OBSERVED-ORDERING-ACTIVITIES
cluster-0009	0	N0042121D0033	0.000000	0.000000	0.000000	0	eliminated:OFFICE-NOT-AMONG-OBSERVED-ORDERING-ACTIVITIES
cluster-0009	0	N0042121D0034	0.000000	0.000000	0.000000	0	eliminated:OFFICE-NOT-AMONG-OBSERVED-ORDERING-ACTIVITIES
cluster-0009	0	N0042121D0035	0.000000	0.000000	0.000000	0	eliminated:OFFICE-NOT-AMONG-OBSERVED-ORDERING-ACTIVITIES
cluster-0009	0	N0042121D0037	0.000000	0.000000	0.000000	0	eliminated:OFFICE-NOT-AMONG-OBSERVED-ORDERING-ACTIVITIES
cluster-0009	0	N0042121G0004	0.000000	0.000000	0.000000	0	eliminated:OFFICE-NOT-AMONG-OBSERVED-ORDERING-ACTIVITIES
cluster-0009	0	N0042121G0005	0.000000	0.000000	0.000000	0	eliminated:OFFICE-NOT-AMONG-OBSERVED-ORDERING-ACTIVITIES
cluster-0009	0	N0042122D0001	0.000000	0.000000	0.000000	0	eliminated:OFFICE-NOT-AMONG-OBSERVED-ORDERING-ACTIVITIES
cluster-0009	0	N0042122D0002	0.000000	0.000000	0.000000	0	eliminated:OFFICE-NOT-AMONG-OBSERVED-ORDERING-ACTIVITIES
cluster-0009	0	N0042122D0003	0.000000	0.000000	0.000000	0	eliminated:OFFICE-NOT-AMONG-OBSERVED-ORDERING-ACTIVITIES
cluster-0009	0	N0042122D0005	0.000000	0.000000	0.000000	0	eliminated:OFFICE-NOT-AMONG-OBSERVED-ORDERING-ACTIVITIES
cluster-0009	0	N0042122D0084	0.000000	0.000000	0.000000	0	eliminated:OFFICE-NOT-AMONG-OBSERVED-ORDERING-ACTIVITIES
cluster-0009	0	N0042122D0094	0.000000	0.000000	0.000000	0	eliminated:OFFICE-NOT-AMONG-OBSERVED-ORDERING-ACTIVITIES
cluster-0009	0	N0042122D0096	0.000000	0.000000	0.000000	0	eliminated:OFFICE-NOT-AMONG-OBSERVED-ORDERING-ACTIVITIES
cluster-0009	0	N0042122D0099	0.000000	0.000000	0.000000	0	eliminated:OFFICE-NOT-AMONG-OBSERVED-ORDERING-ACTIVITIES
cluster-0009	0	N0042122D0101	0.000000	0.000000	0.000000	0	eliminated:OFFICE-NOT-AMONG-OBSERVED-ORDERING-ACTIVITIES
cluster-0009	0	N0042122D0103	0.000000	0.000000	0.000000	0	eliminated:OFFICE-NOT-AMONG-OBSERVED-ORDERING-ACTIVITIES
cluster-0009	0	N0042122G0101	0.000000	0.000000	0.000000	0	eliminated:OFFICE-NOT-AMONG-OBSERVED-ORDERING-ACTIVITIES
cluster-0009	0	N0042123D0001	0.000000	0.000000	0.000000	0	eliminated:OFFICE-NOT-AMONG-OBSERVED-ORDERING-ACTIVITIES
cluster-0009	0	N0042123D0005	0.000000	0.000000	0.000000	0	eliminated:OFFICE-NOT-AMONG-OBSERVED-ORDERING-ACTIVITIES
cluster-0009	0	N0042123D0007	0.000000	0.000000	0.000000	0	eliminated:OFFICE-NOT-AMONG-OBSERVED-ORDERING-ACTIVITIES
cluster-0009	0	N0042123D0011	0.000000	0.000000	0.000000	0	eliminated:OFFICE-NOT-AMONG-OBSERVED-ORDERING-ACTIVITIES
cluster-0009	0	N0042123D0019	0.000000	0.000000	0.000000	0	eliminated:OFFICE-NOT-AMONG-OBSERVED-ORDERING-ACTIVITIES
cluster-0009	0	N0042123G0001	0.000000	0.000000	0.000000	0	eliminated:OFFICE-NOT-AMONG-OBSERVED-ORDERING-ACTIVITIES
cluster-0009	0	N0042123G0002	0.000000	0.000000	0.000000	0	eliminated:OFFICE-NOT-AMONG-OBSERVED-ORDERING-ACTIVITIES
cluster-0009	0	N0042123G0004	0.000000	0.000000	0.000000	0	eliminated:OFFICE-NOT-AMONG-OBSERVED-ORDERING-ACTIVITIES
cluster-0009	0	N0042123G0005	0.000000	0.000000	0.000000	0	eliminated:OFFICE-NOT-AMONG-OBSERVED-ORDERING-ACTIVITIES
cluster-0009	0	N0042124A0003	0.000000	0.000000	0.000000	0	eliminated:OFFICE-NOT-AMONG-OBSERVED-ORDERING-ACTIVITIES
cluster-0009	0	N0042124A0004	0.000000	0.000000	0.000000	0	eliminated:OFFICE-NOT-AMONG-OBSERVED-ORDERING-ACTIVITIES
cluster-0009	0	N0042124A0005	0.000000	0.000000	0.000000	0	eliminated:OFFICE-NOT-AMONG-OBSERVED-ORDERING-ACTIVITIES
cluster-0009	0	N0042124D0005	0.000000	0.000000	0.000000	0	eliminated:OFFICE-NOT-AMONG-OBSERVED-ORDERING-ACTIVITIES
cluster-0009	0	N0042124D0006	0.000000	0.000000	0.000000	0	eliminated:OFFICE-NOT-AMONG-OBSERVED-ORDERING-ACTIVITIES
cluster-0009	0	N0042124D0008	0.000000	0.000000	0.000000	0	eliminated:OFFICE-NOT-AMONG-OBSERVED-ORDERING-ACTIVITIES
cluster-0009	0	N0042124D0011	0.000000	0.000000	0.000000	0	eliminated:OFFICE-NOT-AMONG-OBSERVED-ORDERING-ACTIVITIES
cluster-0009	0	N0042124D0012	0.000000	0.000000	0.000000	0	eliminated:OFFICE-NOT-AMONG-OBSERVED-ORDERING-ACTIVITIES
cluster-0009	0	N0042124D0020	0.000000	0.000000	0.000000	0	eliminated:OFFICE-NOT-AMONG-OBSERVED-ORDERING-ACTIVITIES
cluster-0009	0	N0042124D0022	0.000000	0.000000	0.000000	0	eliminated:OFFICE-NOT-AMONG-OBSERVED-ORDERING-ACTIVITIES
cluster-0009	0	N0042124D0071	0.000000	0.000000	0.000000	0	eliminated:OFFICE-NOT-AMONG-OBSERVED-ORDERING-ACTIVITIES
cluster-0009	0	N0042124G0001	0.000000	0.000000	0.000000	0	eliminated:OFFICE-NOT-AMONG-OBSERVED-ORDERING-ACTIVITIES
cluster-0009	0	N0042124G0005	0.000000	0.000000	0.000000	0	eliminated:OFFICE-NOT-AMONG-OBSERVED-ORDERING-ACTIVITIES
cluster-0009	0	N0042125D0301	0.000000	0.000000	0.000000	0	eliminated:OFFICE-NOT-AMONG-OBSERVED-ORDERING-ACTIVITIES
cluster-0009	0	N0042125D0302	0.000000	0.000000	0.000000	0	eliminated:OFFICE-NOT-AMONG-OBSERVED-ORDERING-ACTIVITIES
cluster-0009	0	N0042125D0303	0.000000	0.000000	0.000000	0	eliminated:OFFICE-NOT-AMONG-OBSERVED-ORDERING-ACTIVITIES
cluster-0009	0	N0042125G0003	0.000000	0.000000	0.000000	0	eliminated:OFFICE-NOT-AMONG-OBSERVED-ORDERING-ACTIVITIES
cluster-0009	0	N6134015D0003	0.000000	0.000000	0.000000	0	eliminated:OFFICE-NOT-AMONG-OBSERVED-ORDERING-ACTIVITIES
cluster-0009	0	N6134016D1003	0.000000	0.000000	0.000000	0	eliminated:OFFICE-NOT-AMONG-OBSERVED-ORDERING-ACTIVITIES
cluster-0009	0	N6134016D1005	0.000000	0.000000	0.000000	0	eliminated:OFFICE-NOT-AMONG-OBSERVED-ORDERING-ACTIVITIES
cluster-0009	0	N6134017D0002	0.000000	0.000000	0.000000	0	eliminated:OFFICE-NOT-AMONG-OBSERVED-ORDERING-ACTIVITIES
cluster-0009	0	N6134018D0002	0.000000	0.000000	0.000000	0	eliminated:OFFICE-NOT-AMONG-OBSERVED-ORDERING-ACTIVITIES
cluster-0009	0	N6134018D0004	0.000000	0.000000	0.000000	0	eliminated:OFFICE-NOT-AMONG-OBSERVED-ORDERING-ACTIVITIES
cluster-0009	0	N6134018D0009	0.000000	0.000000	0.000000	0	eliminated:OFFICE-NOT-AMONG-OBSERVED-ORDERING-ACTIVITIES
cluster-0009	0	N6134019D0003	0.000000	0.000000	0.000000	0	eliminated:OFFICE-NOT-AMONG-OBSERVED-ORDERING-ACTIVITIES
cluster-0009	0	N6134019D0906	0.000000	0.000000	0.000000	0	eliminated:OFFICE-NOT-AMONG-OBSERVED-ORDERING-ACTIVITIES
cluster-0009	0	N6134019D1006	0.000000	0.000000	0.000000	0	eliminated:OFFICE-NOT-AMONG-OBSERVED-ORDERING-ACTIVITIES
cluster-0009	0	N6134019D1010	0.000000	0.000000	0.000000	0	eliminated:OFFICE-NOT-AMONG-OBSERVED-ORDERING-ACTIVITIES
cluster-0009	0	N6134019G0002	0.000000	0.000000	0.000000	0	eliminated:OFFICE-NOT-AMONG-OBSERVED-ORDERING-ACTIVITIES
cluster-0009	0	N6134020D0002	0.000000	0.000000	0.000000	0	eliminated:OFFICE-NOT-AMONG-OBSERVED-ORDERING-ACTIVITIES
cluster-0009	0	N6134020D0004	0.000000	0.000000	0.000000	0	eliminated:OFFICE-NOT-AMONG-OBSERVED-ORDERING-ACTIVITIES
cluster-0009	0	N6134020D0008	0.000000	0.000000	0.000000	0	eliminated:OFFICE-NOT-AMONG-OBSERVED-ORDERING-ACTIVITIES
cluster-0009	0	N6134020D0011	0.000000	0.000000	0.000000	0	eliminated:OFFICE-NOT-AMONG-OBSERVED-ORDERING-ACTIVITIES
cluster-0009	0	N6134020D0015	0.000000	0.000000	0.000000	0	eliminated:OFFICE-NOT-AMONG-OBSERVED-ORDERING-ACTIVITIES
cluster-0009	0	N6134020D0019	0.000000	0.000000	0.000000	0	eliminated:OFFICE-NOT-AMONG-OBSERVED-ORDERING-ACTIVITIES
cluster-0009	0	N6134020D0020	0.000000	0.000000	0.000000	0	eliminated:OFFICE-NOT-AMONG-OBSERVED-ORDERING-ACTIVITIES
cluster-0009	0	N6134020D0021	0.000000	0.000000	0.000000	0	eliminated:OFFICE-NOT-AMONG-OBSERVED-ORDERING-ACTIVITIES
cluster-0009	0	N6134020D0024	0.000000	0.000000	0.000000	0	eliminated:OFFICE-NOT-AMONG-OBSERVED-ORDERING-ACTIVITIES
cluster-0009	0	N6134020D0025	0.000000	0.000000	0.000000	0	eliminated:OFFICE-NOT-AMONG-OBSERVED-ORDERING-ACTIVITIES
cluster-0009	0	N6134021D0013	0.000000	0.000000	0.000000	0	eliminated:OFFICE-NOT-AMONG-OBSERVED-ORDERING-ACTIVITIES
cluster-0009	0	N6134021D0015	0.000000	0.000000	0.000000	0	eliminated:OFFICE-NOT-AMONG-OBSERVED-ORDERING-ACTIVITIES
cluster-0009	0	N6134021D0016	0.000000	0.000000	0.000000	0	eliminated:OFFICE-NOT-AMONG-OBSERVED-ORDERING-ACTIVITIES
cluster-0009	0	N6134021D0017	0.000000	0.000000	0.000000	0	eliminated:OFFICE-NOT-AMONG-OBSERVED-ORDERING-ACTIVITIES
cluster-0009	0	N6134022D0002	0.000000	0.000000	0.000000	0	eliminated:OFFICE-NOT-AMONG-OBSERVED-ORDERING-ACTIVITIES
cluster-0009	0	N6134022D0004	0.000000	0.000000	0.000000	0	eliminated:OFFICE-NOT-AMONG-OBSERVED-ORDERING-ACTIVITIES
cluster-0009	0	N6134022D0006	0.000000	0.000000	0.000000	0	eliminated:OFFICE-NOT-AMONG-OBSERVED-ORDERING-ACTIVITIES
cluster-0009	0	N6134022D0008	0.000000	0.000000	0.000000	0	eliminated:OFFICE-NOT-AMONG-OBSERVED-ORDERING-ACTIVITIES
cluster-0009	0	N6134023D0001	0.000000	0.000000	0.000000	0	eliminated:OFFICE-NOT-AMONG-OBSERVED-ORDERING-ACTIVITIES
cluster-0009	0	N6134023D0003	0.000000	0.000000	0.000000	0	eliminated:OFFICE-NOT-AMONG-OBSERVED-ORDERING-ACTIVITIES
cluster-0009	0	N6134023D0004	0.000000	0.000000	0.000000	0	eliminated:OFFICE-NOT-AMONG-OBSERVED-ORDERING-ACTIVITIES
cluster-0009	0	N6134023D0008	0.000000	0.000000	0.000000	0	eliminated:OFFICE-NOT-AMONG-OBSERVED-ORDERING-ACTIVITIES
cluster-0009	0	N6134024D0001	0.000000	0.000000	0.000000	0	eliminated:OFFICE-NOT-AMONG-OBSERVED-ORDERING-ACTIVITIES
cluster-0009	0	N6134024D0006	0.000000	0.000000	0.000000	0	eliminated:OFFICE-NOT-AMONG-OBSERVED-ORDERING-ACTIVITIES
cluster-0009	0	N6134024D0013	0.000000	0.000000	0.000000	0	eliminated:OFFICE-NOT-AMONG-OBSERVED-ORDERING-ACTIVITIES
cluster-0009	0	N6134025D0005	0.000000	0.000000	0.000000	0	eliminated:OFFICE-NOT-AMONG-OBSERVED-ORDERING-ACTIVITIES
cluster-0009	0	N6134025D0006	0.000000	0.000000	0.000000	0	eliminated:OFFICE-NOT-AMONG-OBSERVED-ORDERING-ACTIVITIES
cluster-0009	0	N6833515D0026	0.000000	0.000000	0.000000	0	eliminated:OFFICE-NOT-AMONG-OBSERVED-ORDERING-ACTIVITIES
cluster-0009	0	N6833515G0022	0.000000	0.000000	0.000000	0	eliminated:OFFICE-NOT-AMONG-OBSERVED-ORDERING-ACTIVITIES
cluster-0009	0	N6833516D0013	0.000000	0.000000	0.000000	0	eliminated:OFFICE-NOT-AMONG-OBSERVED-ORDERING-ACTIVITIES
cluster-0009	0	N6833516D0020	0.000000	0.000000	0.000000	0	eliminated:OFFICE-NOT-AMONG-OBSERVED-ORDERING-ACTIVITIES
cluster-0009	0	N6833517D0021	0.000000	0.000000	0.000000	0	eliminated:OFFICE-NOT-AMONG-OBSERVED-ORDERING-ACTIVITIES
cluster-0009	0	N6833518D0031	0.000000	0.000000	0.000000	0	eliminated:OFFICE-NOT-AMONG-OBSERVED-ORDERING-ACTIVITIES
cluster-0009	0	N6833518G0014	0.000000	0.000000	0.000000	0	eliminated:OFFICE-NOT-AMONG-OBSERVED-ORDERING-ACTIVITIES
cluster-0009	0	N6833519D0082	0.000000	0.000000	0.000000	0	eliminated:OFFICE-NOT-AMONG-OBSERVED-ORDERING-ACTIVITIES
cluster-0009	0	N6833519D0135	0.000000	0.000000	0.000000	0	eliminated:OFFICE-NOT-AMONG-OBSERVED-ORDERING-ACTIVITIES
cluster-0009	0	N6833519G0013	0.000000	0.000000	0.000000	0	eliminated:OFFICE-NOT-AMONG-OBSERVED-ORDERING-ACTIVITIES
cluster-0009	0	N6833519G0041	0.000000	0.000000	0.000000	0	eliminated:OFFICE-NOT-AMONG-OBSERVED-ORDERING-ACTIVITIES
cluster-0009	0	N6833519G0050	0.000000	0.000000	0.000000	0	eliminated:OFFICE-NOT-AMONG-OBSERVED-ORDERING-ACTIVITIES
cluster-0009	0	N6833519G0059	0.000000	0.000000	0.000000	0	eliminated:OFFICE-NOT-AMONG-OBSERVED-ORDERING-ACTIVITIES
cluster-0009	0	N6833520D0022	0.000000	0.000000	0.000000	0	eliminated:OFFICE-NOT-AMONG-OBSERVED-ORDERING-ACTIVITIES
cluster-0009	0	N6833520D0032	0.000000	0.000000	0.000000	0	eliminated:OFFICE-NOT-AMONG-OBSERVED-ORDERING-ACTIVITIES
cluster-0009	0	N6833520D0048	0.000000	0.000000	0.000000	0	eliminated:OFFICE-NOT-AMONG-OBSERVED-ORDERING-ACTIVITIES
cluster-0009	0	N6833520D0935	0.000000	0.000000	0.000000	0	eliminated:OFFICE-NOT-AMONG-OBSERVED-ORDERING-ACTIVITIES
cluster-0009	0	N6833520G0002	0.000000	0.000000	0.000000	0	eliminated:OFFICE-NOT-AMONG-OBSERVED-ORDERING-ACTIVITIES
cluster-0009	0	N6833520G1048	0.000000	0.000000	0.000000	0	eliminated:OFFICE-NOT-AMONG-OBSERVED-ORDERING-ACTIVITIES
cluster-0009	0	N6833520G3036	0.000000	0.000000	0.000000	0	eliminated:OFFICE-NOT-AMONG-OBSERVED-ORDERING-ACTIVITIES
cluster-0009	0	N6833521D0045	0.000000	0.000000	0.000000	0	eliminated:OFFICE-NOT-AMONG-OBSERVED-ORDERING-ACTIVITIES
cluster-0009	0	N6833521D0046	0.000000	0.000000	0.000000	0	eliminated:OFFICE-NOT-AMONG-OBSERVED-ORDERING-ACTIVITIES
cluster-0009	0	N6833521D0048	0.000000	0.000000	0.000000	0	eliminated:OFFICE-NOT-AMONG-OBSERVED-ORDERING-ACTIVITIES
cluster-0009	0	N6833521D0049	0.000000	0.000000	0.000000	0	eliminated:OFFICE-NOT-AMONG-OBSERVED-ORDERING-ACTIVITIES
cluster-0009	0	N6833521D0053	0.000000	0.000000	0.000000	0	eliminated:OFFICE-NOT-AMONG-OBSERVED-ORDERING-ACTIVITIES
cluster-0009	0	N6833521D0064	0.000000	0.000000	0.000000	0	eliminated:OFFICE-NOT-AMONG-OBSERVED-ORDERING-ACTIVITIES
cluster-0009	0	N6833521D0214	0.000000	0.000000	0.000000	0	eliminated:OFFICE-NOT-AMONG-OBSERVED-ORDERING-ACTIVITIES
cluster-0009	0	N6833521D0225	0.000000	0.000000	0.000000	0	eliminated:OFFICE-NOT-AMONG-OBSERVED-ORDERING-ACTIVITIES
cluster-0009	0	N6833521D0227	0.000000	0.000000	0.000000	0	eliminated:OFFICE-NOT-AMONG-OBSERVED-ORDERING-ACTIVITIES
cluster-0009	0	N6833521D0229	0.000000	0.000000	0.000000	0	eliminated:OFFICE-NOT-AMONG-OBSERVED-ORDERING-ACTIVITIES
cluster-0009	0	N6833521G0020	0.000000	0.000000	0.000000	0	eliminated:OFFICE-NOT-AMONG-OBSERVED-ORDERING-ACTIVITIES
cluster-0009	0	N6833521G0021	0.000000	0.000000	0.000000	0	eliminated:OFFICE-NOT-AMONG-OBSERVED-ORDERING-ACTIVITIES
cluster-0009	0	N6833522A0017	0.000000	0.000000	0.000000	0	eliminated:OFFICE-NOT-AMONG-OBSERVED-ORDERING-ACTIVITIES
cluster-0009	0	N6833522A0027	0.000000	0.000000	0.000000	0	eliminated:OFFICE-NOT-AMONG-OBSERVED-ORDERING-ACTIVITIES
cluster-0009	0	N6833522A0029	0.000000	0.000000	0.000000	0	eliminated:OFFICE-NOT-AMONG-OBSERVED-ORDERING-ACTIVITIES
cluster-0009	0	N6833522A0032	0.000000	0.000000	0.000000	0	eliminated:OFFICE-NOT-AMONG-OBSERVED-ORDERING-ACTIVITIES
cluster-0009	0	N6833522A0035	0.000000	0.000000	0.000000	0	eliminated:OFFICE-NOT-AMONG-OBSERVED-ORDERING-ACTIVITIES
cluster-0009	0	N6833522D0004	0.000000	0.000000	0.000000	0	eliminated:OFFICE-NOT-AMONG-OBSERVED-ORDERING-ACTIVITIES
cluster-0009	0	N6833522D0005	0.000000	0.000000	0.000000	0	eliminated:OFFICE-NOT-AMONG-OBSERVED-ORDERING-ACTIVITIES
cluster-0009	0	N6833522D0008	0.000000	0.000000	0.000000	0	eliminated:OFFICE-NOT-AMONG-OBSERVED-ORDERING-ACTIVITIES
cluster-0009	0	N6833522D0012	0.000000	0.000000	0.000000	0	eliminated:OFFICE-NOT-AMONG-OBSERVED-ORDERING-ACTIVITIES
cluster-0009	0	N6833522D0013	0.000000	0.000000	0.000000	0	eliminated:OFFICE-NOT-AMONG-OBSERVED-ORDERING-ACTIVITIES
cluster-0009	0	N6833522D0017	0.000000	0.000000	0.000000	0	eliminated:OFFICE-NOT-AMONG-OBSERVED-ORDERING-ACTIVITIES
cluster-0009	0	N6833522D0022	0.000000	0.000000	0.000000	0	eliminated:OFFICE-NOT-AMONG-OBSERVED-ORDERING-ACTIVITIES
cluster-0009	0	N6833522D0037	0.000000	0.000000	0.000000	0	eliminated:OFFICE-NOT-AMONG-OBSERVED-ORDERING-ACTIVITIES
cluster-0009	0	N6833522D0039	0.000000	0.000000	0.000000	0	eliminated:OFFICE-NOT-AMONG-OBSERVED-ORDERING-ACTIVITIES
cluster-0009	0	N6833522G0010	0.000000	0.000000	0.000000	0	eliminated:OFFICE-NOT-AMONG-OBSERVED-ORDERING-ACTIVITIES
cluster-0009	0	N6833522G0029	0.000000	0.000000	0.000000	0	eliminated:OFFICE-NOT-AMONG-OBSERVED-ORDERING-ACTIVITIES
cluster-0009	0	N6833522G0035	0.000000	0.000000	0.000000	0	eliminated:OFFICE-NOT-AMONG-OBSERVED-ORDERING-ACTIVITIES
cluster-0009	0	N6833522G0036	0.000000	0.000000	0.000000	0	eliminated:OFFICE-NOT-AMONG-OBSERVED-ORDERING-ACTIVITIES
cluster-0009	0	N6833522G0041	0.000000	0.000000	0.000000	0	eliminated:OFFICE-NOT-AMONG-OBSERVED-ORDERING-ACTIVITIES
cluster-0009	0	N6833523A0016	0.000000	0.000000	0.000000	0	eliminated:OFFICE-NOT-AMONG-OBSERVED-ORDERING-ACTIVITIES
cluster-0009	0	N6833523A0018	0.000000	0.000000	0.000000	0	eliminated:OFFICE-NOT-AMONG-OBSERVED-ORDERING-ACTIVITIES
cluster-0009	0	N6833523A0020	0.000000	0.000000	0.000000	0	eliminated:OFFICE-NOT-AMONG-OBSERVED-ORDERING-ACTIVITIES
cluster-0009	0	N6833523A0021	0.000000	0.000000	0.000000	0	eliminated:OFFICE-NOT-AMONG-OBSERVED-ORDERING-ACTIVITIES
cluster-0009	0	N6833523A0025	0.000000	0.000000	0.000000	0	eliminated:OFFICE-NOT-AMONG-OBSERVED-ORDERING-ACTIVITIES
cluster-0009	0	N6833523A0027	0.000000	0.000000	0.000000	0	eliminated:OFFICE-NOT-AMONG-OBSERVED-ORDERING-ACTIVITIES
cluster-0009	0	N6833523A0028	0.000000	0.000000	0.000000	0	eliminated:OFFICE-NOT-AMONG-OBSERVED-ORDERING-ACTIVITIES
cluster-0009	0	N6833523A0029	0.000000	0.000000	0.000000	0	eliminated:OFFICE-NOT-AMONG-OBSERVED-ORDERING-ACTIVITIES
cluster-0009	0	N6833523A0030	0.000000	0.000000	0.000000	0	eliminated:OFFICE-NOT-AMONG-OBSERVED-ORDERING-ACTIVITIES
cluster-0009	0	N6833523A0038	0.000000	0.000000	0.000000	0	eliminated:OFFICE-NOT-AMONG-OBSERVED-ORDERING-ACTIVITIES
cluster-0009	0	N6833523A0040	0.000000	0.000000	0.000000	0	eliminated:OFFICE-NOT-AMONG-OBSERVED-ORDERING-ACTIVITIES
cluster-0009	0	N6833523A0041	0.000000	0.000000	0.000000	0	eliminated:OFFICE-NOT-AMONG-OBSERVED-ORDERING-ACTIVITIES
cluster-0009	0	N6833523A0043	0.000000	0.000000	0.000000	0	eliminated:OFFICE-NOT-AMONG-OBSERVED-ORDERING-ACTIVITIES
cluster-0009	0	N6833523A0049	0.000000	0.000000	0.000000	0	eliminated:OFFICE-NOT-AMONG-OBSERVED-ORDERING-ACTIVITIES
cluster-0009	0	N6833523A0051	0.000000	0.000000	0.000000	0	eliminated:OFFICE-NOT-AMONG-OBSERVED-ORDERING-ACTIVITIES
cluster-0009	0	N6833523A0059	0.000000	0.000000	0.000000	0	eliminated:OFFICE-NOT-AMONG-OBSERVED-ORDERING-ACTIVITIES
cluster-0009	0	N6833523A0062	0.000000	0.000000	0.000000	0	eliminated:OFFICE-NOT-AMONG-OBSERVED-ORDERING-ACTIVITIES
cluster-0009	0	N6833523A0120	0.000000	0.000000	0.000000	0	eliminated:OFFICE-NOT-AMONG-OBSERVED-ORDERING-ACTIVITIES
cluster-0009	0	N6833523A0134	0.000000	0.000000	0.000000	0	eliminated:OFFICE-NOT-AMONG-OBSERVED-ORDERING-ACTIVITIES
cluster-0009	0	N6833523A0151	0.000000	0.000000	0.000000	0	eliminated:OFFICE-NOT-AMONG-OBSERVED-ORDERING-ACTIVITIES
cluster-0009	0	N6833523A0153	0.000000	0.000000	0.000000	0	eliminated:OFFICE-NOT-AMONG-OBSERVED-ORDERING-ACTIVITIES
cluster-0009	0	N6833523A0167	0.000000	0.000000	0.000000	0	eliminated:OFFICE-NOT-AMONG-OBSERVED-ORDERING-ACTIVITIES
cluster-0009	0	N6833523A0194	0.000000	0.000000	0.000000	0	eliminated:OFFICE-NOT-AMONG-OBSERVED-ORDERING-ACTIVITIES
cluster-0009	0	N6833523D0001	0.000000	0.000000	0.000000	0	eliminated:OFFICE-NOT-AMONG-OBSERVED-ORDERING-ACTIVITIES
cluster-0009	0	N6833523D0003	0.000000	0.000000	0.000000	0	eliminated:OFFICE-NOT-AMONG-OBSERVED-ORDERING-ACTIVITIES
cluster-0009	0	N6833523D0004	0.000000	0.000000	0.000000	0	eliminated:OFFICE-NOT-AMONG-OBSERVED-ORDERING-ACTIVITIES
cluster-0009	0	N6833523D0010	0.000000	0.000000	0.000000	0	eliminated:OFFICE-NOT-AMONG-OBSERVED-ORDERING-ACTIVITIES
cluster-0009	0	N6833523D0017	0.000000	0.000000	0.000000	0	eliminated:OFFICE-NOT-AMONG-OBSERVED-ORDERING-ACTIVITIES
cluster-0009	0	N6833523D0025	0.000000	0.000000	0.000000	0	eliminated:OFFICE-NOT-AMONG-OBSERVED-ORDERING-ACTIVITIES
cluster-0009	0	N6833523D0029	0.000000	0.000000	0.000000	0	eliminated:OFFICE-NOT-AMONG-OBSERVED-ORDERING-ACTIVITIES
cluster-0009	0	N6833523D0035	0.000000	0.000000	0.000000	0	eliminated:OFFICE-NOT-AMONG-OBSERVED-ORDERING-ACTIVITIES
cluster-0009	0	N6833523D0046	0.000000	0.000000	0.000000	0	eliminated:OFFICE-NOT-AMONG-OBSERVED-ORDERING-ACTIVITIES
cluster-0009	0	N6833523G0001	0.000000	0.000000	0.000000	0	eliminated:OFFICE-NOT-AMONG-OBSERVED-ORDERING-ACTIVITIES
cluster-0009	0	N6833523G0004	0.000000	0.000000	0.000000	0	eliminated:OFFICE-NOT-AMONG-OBSERVED-ORDERING-ACTIVITIES
cluster-0009	0	N6833524A0002	0.000000	0.000000	0.000000	0	eliminated:OFFICE-NOT-AMONG-OBSERVED-ORDERING-ACTIVITIES
cluster-0009	0	N6833524A0007	0.000000	0.000000	0.000000	0	eliminated:OFFICE-NOT-AMONG-OBSERVED-ORDERING-ACTIVITIES
cluster-0009	0	N6833524A0016	0.000000	0.000000	0.000000	0	eliminated:OFFICE-NOT-AMONG-OBSERVED-ORDERING-ACTIVITIES
cluster-0009	0	N6833524A0026	0.000000	0.000000	0.000000	0	eliminated:OFFICE-NOT-AMONG-OBSERVED-ORDERING-ACTIVITIES
cluster-0009	0	N6833524A0032	0.000000	0.000000	0.000000	0	eliminated:OFFICE-NOT-AMONG-OBSERVED-ORDERING-ACTIVITIES
cluster-0009	0	N6833524A0033	0.000000	0.000000	0.000000	0	eliminated:OFFICE-NOT-AMONG-OBSERVED-ORDERING-ACTIVITIES
cluster-0009	0	N6833524A0040	0.000000	0.000000	0.000000	0	eliminated:OFFICE-NOT-AMONG-OBSERVED-ORDERING-ACTIVITIES
cluster-0009	0	N6833524D0002	0.000000	0.000000	0.000000	0	eliminated:OFFICE-NOT-AMONG-OBSERVED-ORDERING-ACTIVITIES
cluster-0009	0	N6833524D0003	0.000000	0.000000	0.000000	0	eliminated:OFFICE-NOT-AMONG-OBSERVED-ORDERING-ACTIVITIES
cluster-0009	0	N6833524D0009	0.000000	0.000000	0.000000	0	eliminated:OFFICE-NOT-AMONG-OBSERVED-ORDERING-ACTIVITIES
cluster-0009	0	N6833524D0010	0.000000	0.000000	0.000000	0	eliminated:OFFICE-NOT-AMONG-OBSERVED-ORDERING-ACTIVITIES
cluster-0009	0	N6833524D0018	0.000000	0.000000	0.000000	0	eliminated:OFFICE-NOT-AMONG-OBSERVED-ORDERING-ACTIVITIES
cluster-0009	0	N6833524D0019	0.000000	0.000000	0.000000	0	eliminated:OFFICE-NOT-AMONG-OBSERVED-ORDERING-ACTIVITIES
cluster-0009	0	N6833524D0020	0.000000	0.000000	0.000000	0	eliminated:OFFICE-NOT-AMONG-OBSERVED-ORDERING-ACTIVITIES
cluster-0009	0	N6833524D0021	0.000000	0.000000	0.000000	0	eliminated:OFFICE-NOT-AMONG-OBSERVED-ORDERING-ACTIVITIES
cluster-0009	0	N6833524D0023	0.000000	0.000000	0.000000	0	eliminated:OFFICE-NOT-AMONG-OBSERVED-ORDERING-ACTIVITIES
cluster-0009	0	N6833524G0007	0.000000	0.000000	0.000000	0	eliminated:OFFICE-NOT-AMONG-OBSERVED-ORDERING-ACTIVITIES
cluster-0009	0	N6833524G0009	0.000000	0.000000	0.000000	0	eliminated:OFFICE-NOT-AMONG-OBSERVED-ORDERING-ACTIVITIES
cluster-0009	0	N6833524G0021	0.000000	0.000000	0.000000	0	eliminated:OFFICE-NOT-AMONG-OBSERVED-ORDERING-ACTIVITIES
cluster-0009	0	N6833524G0028	0.000000	0.000000	0.000000	0	eliminated:OFFICE-NOT-AMONG-OBSERVED-ORDERING-ACTIVITIES
cluster-0009	0	N6833524G0038	0.000000	0.000000	0.000000	0	eliminated:OFFICE-NOT-AMONG-OBSERVED-ORDERING-ACTIVITIES
cluster-0009	0	N6833525A0007	0.000000	0.000000	0.000000	0	eliminated:OFFICE-NOT-AMONG-OBSERVED-ORDERING-ACTIVITIES
cluster-0009	0	N6833525A0008	0.000000	0.000000	0.000000	0	eliminated:OFFICE-NOT-AMONG-OBSERVED-ORDERING-ACTIVITIES
cluster-0009	0	N6833525A0038	0.000000	0.000000	0.000000	0	eliminated:OFFICE-NOT-AMONG-OBSERVED-ORDERING-ACTIVITIES
cluster-0009	0	N6833525D0001	0.000000	0.000000	0.000000	0	eliminated:OFFICE-NOT-AMONG-OBSERVED-ORDERING-ACTIVITIES
cluster-0009	0	N6833525D0004	0.000000	0.000000	0.000000	0	eliminated:OFFICE-NOT-AMONG-OBSERVED-ORDERING-ACTIVITIES
cluster-0009	0	N6833525D0005	0.000000	0.000000	0.000000	0	eliminated:OFFICE-NOT-AMONG-OBSERVED-ORDERING-ACTIVITIES
cluster-0009	0	N6833525D0010	0.000000	0.000000	0.000000	0	eliminated:OFFICE-NOT-AMONG-OBSERVED-ORDERING-ACTIVITIES
cluster-0009	0	N6852020D0012	0.000000	0.000000	0.000000	0	eliminated:OFFICE-NOT-AMONG-OBSERVED-ORDERING-ACTIVITIES
cluster-0009	0	N6852021D0002	0.000000	0.000000	0.000000	0	eliminated:OFFICE-NOT-AMONG-OBSERVED-ORDERING-ACTIVITIES
cluster-0009	0	N6852021D0004	0.000000	0.000000	0.000000	0	eliminated:OFFICE-NOT-AMONG-OBSERVED-ORDERING-ACTIVITIES
cluster-0009	0	N6852021D0005	0.000000	0.000000	0.000000	0	eliminated:OFFICE-NOT-AMONG-OBSERVED-ORDERING-ACTIVITIES
cluster-0009	0	N6852021D0006	0.000000	0.000000	0.000000	0	eliminated:OFFICE-NOT-AMONG-OBSERVED-ORDERING-ACTIVITIES
cluster-0009	0	N6852022D0003	0.000000	0.000000	0.000000	0	eliminated:OFFICE-NOT-AMONG-OBSERVED-ORDERING-ACTIVITIES
cluster-0009	0	N6852023D0001	0.000000	0.000000	0.000000	0	eliminated:OFFICE-NOT-AMONG-OBSERVED-ORDERING-ACTIVITIES
cluster-0009	0	N6852023D0011	0.000000	0.000000	0.000000	0	eliminated:OFFICE-NOT-AMONG-OBSERVED-ORDERING-ACTIVITIES
cluster-0009	0	N6852023D0012	0.000000	0.000000	0.000000	0	eliminated:OFFICE-NOT-AMONG-OBSERVED-ORDERING-ACTIVITIES
cluster-0009	0	N6852023D0013	0.000000	0.000000	0.000000	0	eliminated:OFFICE-NOT-AMONG-OBSERVED-ORDERING-ACTIVITIES
cluster-0009	0	N6852023D0014	0.000000	0.000000	0.000000	0	eliminated:OFFICE-NOT-AMONG-OBSERVED-ORDERING-ACTIVITIES
cluster-0009	0	N6852023D0111	0.000000	0.000000	0.000000	0	eliminated:OFFICE-NOT-AMONG-OBSERVED-ORDERING-ACTIVITIES
cluster-0009	0	N6852024A0004	0.000000	0.000000	0.000000	0	eliminated:OFFICE-NOT-AMONG-OBSERVED-ORDERING-ACTIVITIES
cluster-0009	0	N6852025D0001	0.000000	0.000000	0.000000	0	eliminated:OFFICE-NOT-AMONG-OBSERVED-ORDERING-ACTIVITIES
cluster-0009	0	N6883621A0003	0.000000	0.000000	0.000000	0	eliminated:OFFICE-NOT-AMONG-OBSERVED-ORDERING-ACTIVITIES
cluster-0009	0	N6893614D0008	0.000000	0.000000	0.000000	0	eliminated:OFFICE-NOT-AMONG-OBSERVED-ORDERING-ACTIVITIES
cluster-0009	0	N6893615D0015	0.000000	0.000000	0.000000	0	eliminated:OFFICE-NOT-AMONG-OBSERVED-ORDERING-ACTIVITIES
cluster-0009	0	N6893616D0016	0.000000	0.000000	0.000000	0	eliminated:OFFICE-NOT-AMONG-OBSERVED-ORDERING-ACTIVITIES
cluster-0009	0	N6893616D0018	0.000000	0.000000	0.000000	0	eliminated:OFFICE-NOT-AMONG-OBSERVED-ORDERING-ACTIVITIES
cluster-0009	0	N6893617D0010	0.000000	0.000000	0.000000	0	eliminated:OFFICE-NOT-AMONG-OBSERVED-ORDERING-ACTIVITIES
cluster-0009	0	N6893618D0006	0.000000	0.000000	0.000000	0	eliminated:OFFICE-NOT-AMONG-OBSERVED-ORDERING-ACTIVITIES
cluster-0009	0	N6893618D0012	0.000000	0.000000	0.000000	0	eliminated:OFFICE-NOT-AMONG-OBSERVED-ORDERING-ACTIVITIES
cluster-0009	0	N6893618D0014	0.000000	0.000000	0.000000	0	eliminated:OFFICE-NOT-AMONG-OBSERVED-ORDERING-ACTIVITIES
cluster-0009	0	N6893618D0015	0.000000	0.000000	0.000000	0	eliminated:OFFICE-NOT-AMONG-OBSERVED-ORDERING-ACTIVITIES
cluster-0009	0	N6893618D0026	0.000000	0.000000	0.000000	0	eliminated:OFFICE-NOT-AMONG-OBSERVED-ORDERING-ACTIVITIES
cluster-0009	0	N6893618D0029	0.000000	0.000000	0.000000	0	eliminated:OFFICE-NOT-AMONG-OBSERVED-ORDERING-ACTIVITIES
cluster-0009	0	N6893618D0036	0.000000	0.000000	0.000000	0	eliminated:OFFICE-NOT-AMONG-OBSERVED-ORDERING-ACTIVITIES
cluster-0009	0	N6893619D0001	0.000000	0.000000	0.000000	0	eliminated:OFFICE-NOT-AMONG-OBSERVED-ORDERING-ACTIVITIES
cluster-0009	0	N6893619D0007	0.000000	0.000000	0.000000	0	eliminated:OFFICE-NOT-AMONG-OBSERVED-ORDERING-ACTIVITIES
cluster-0009	0	N6893619D0008	0.000000	0.000000	0.000000	0	eliminated:OFFICE-NOT-AMONG-OBSERVED-ORDERING-ACTIVITIES
cluster-0009	0	N6893619D0017	0.000000	0.000000	0.000000	0	eliminated:OFFICE-NOT-AMONG-OBSERVED-ORDERING-ACTIVITIES
cluster-0009	0	N6893619D0020	0.000000	0.000000	0.000000	0	eliminated:OFFICE-NOT-AMONG-OBSERVED-ORDERING-ACTIVITIES
cluster-0009	0	N6893619D0027	0.000000	0.000000	0.000000	0	eliminated:OFFICE-NOT-AMONG-OBSERVED-ORDERING-ACTIVITIES
cluster-0009	0	N6893619D0035	0.000000	0.000000	0.000000	0	eliminated:OFFICE-NOT-AMONG-OBSERVED-ORDERING-ACTIVITIES
cluster-0009	0	N6893619D0048	0.000000	0.000000	0.000000	0	eliminated:OFFICE-NOT-AMONG-OBSERVED-ORDERING-ACTIVITIES
cluster-0009	0	N6893620D0001	0.000000	0.000000	0.000000	0	eliminated:OFFICE-NOT-AMONG-OBSERVED-ORDERING-ACTIVITIES
cluster-0009	0	N6893620D0005	0.000000	0.000000	0.000000	0	eliminated:OFFICE-NOT-AMONG-OBSERVED-ORDERING-ACTIVITIES
cluster-0009	0	N6893620D0007	0.000000	0.000000	0.000000	0	eliminated:OFFICE-NOT-AMONG-OBSERVED-ORDERING-ACTIVITIES
cluster-0009	0	N6893620D0014	0.000000	0.000000	0.000000	0	eliminated:OFFICE-NOT-AMONG-OBSERVED-ORDERING-ACTIVITIES
cluster-0009	0	N6893620D0015	0.000000	0.000000	0.000000	0	eliminated:OFFICE-NOT-AMONG-OBSERVED-ORDERING-ACTIVITIES
cluster-0009	0	N6893620D0016	0.000000	0.000000	0.000000	0	eliminated:OFFICE-NOT-AMONG-OBSERVED-ORDERING-ACTIVITIES
cluster-0009	0	N6893620D0018	0.000000	0.000000	0.000000	0	eliminated:OFFICE-NOT-AMONG-OBSERVED-ORDERING-ACTIVITIES
cluster-0009	0	N6893620D0024	0.000000	0.000000	0.000000	0	eliminated:OFFICE-NOT-AMONG-OBSERVED-ORDERING-ACTIVITIES
cluster-0009	0	N6893620D0033	0.000000	0.000000	0.000000	0	eliminated:OFFICE-NOT-AMONG-OBSERVED-ORDERING-ACTIVITIES
cluster-0009	0	N6893621D0001	0.000000	0.000000	0.000000	0	eliminated:OFFICE-NOT-AMONG-OBSERVED-ORDERING-ACTIVITIES
cluster-0009	0	N6893621D0007	0.000000	0.000000	0.000000	0	eliminated:OFFICE-NOT-AMONG-OBSERVED-ORDERING-ACTIVITIES
cluster-0009	0	N6893621D0009	0.000000	0.000000	0.000000	0	eliminated:OFFICE-NOT-AMONG-OBSERVED-ORDERING-ACTIVITIES
cluster-0009	0	N6893621D0010	0.000000	0.000000	0.000000	0	eliminated:OFFICE-NOT-AMONG-OBSERVED-ORDERING-ACTIVITIES
cluster-0009	0	N6893621D0011	0.000000	0.000000	0.000000	0	eliminated:OFFICE-NOT-AMONG-OBSERVED-ORDERING-ACTIVITIES
cluster-0009	0	N6893621D0016	0.000000	0.000000	0.000000	0	eliminated:OFFICE-NOT-AMONG-OBSERVED-ORDERING-ACTIVITIES
cluster-0009	0	N6893621D0017	0.000000	0.000000	0.000000	0	eliminated:OFFICE-NOT-AMONG-OBSERVED-ORDERING-ACTIVITIES
cluster-0009	0	N6893621D0024	0.000000	0.000000	0.000000	0	eliminated:OFFICE-NOT-AMONG-OBSERVED-ORDERING-ACTIVITIES
cluster-0009	0	N6893621D0026	0.000000	0.000000	0.000000	0	eliminated:OFFICE-NOT-AMONG-OBSERVED-ORDERING-ACTIVITIES
cluster-0009	0	N6893621D0043	0.000000	0.000000	0.000000	0	eliminated:OFFICE-NOT-AMONG-OBSERVED-ORDERING-ACTIVITIES
cluster-0009	0	N6893621D0044	0.000000	0.000000	0.000000	0	eliminated:OFFICE-NOT-AMONG-OBSERVED-ORDERING-ACTIVITIES
cluster-0009	0	N6893621D0045	0.000000	0.000000	0.000000	0	eliminated:OFFICE-NOT-AMONG-OBSERVED-ORDERING-ACTIVITIES
cluster-0009	0	N6893621D0046	0.000000	0.000000	0.000000	0	eliminated:OFFICE-NOT-AMONG-OBSERVED-ORDERING-ACTIVITIES
cluster-0009	0	N6893621D0051	0.000000	0.000000	0.000000	0	eliminated:OFFICE-NOT-AMONG-OBSERVED-ORDERING-ACTIVITIES
cluster-0009	0	N6893622D0002	0.000000	0.000000	0.000000	0	eliminated:OFFICE-NOT-AMONG-OBSERVED-ORDERING-ACTIVITIES
cluster-0009	0	N6893622D0004	0.000000	0.000000	0.000000	0	eliminated:OFFICE-NOT-AMONG-OBSERVED-ORDERING-ACTIVITIES
cluster-0009	0	N6893622D0007	0.000000	0.000000	0.000000	0	eliminated:OFFICE-NOT-AMONG-OBSERVED-ORDERING-ACTIVITIES
cluster-0009	0	N6893622D0008	0.000000	0.000000	0.000000	0	eliminated:OFFICE-NOT-AMONG-OBSERVED-ORDERING-ACTIVITIES
cluster-0009	0	N6893622D0009	0.000000	0.000000	0.000000	0	eliminated:OFFICE-NOT-AMONG-OBSERVED-ORDERING-ACTIVITIES
cluster-0009	0	N6893622D0010	0.000000	0.000000	0.000000	0	eliminated:OFFICE-NOT-AMONG-OBSERVED-ORDERING-ACTIVITIES
cluster-0009	0	N6893622D0011	0.000000	0.000000	0.000000	0	eliminated:OFFICE-NOT-AMONG-OBSERVED-ORDERING-ACTIVITIES
cluster-0009	0	N6893622D0014	0.000000	0.000000	0.000000	0	eliminated:OFFICE-NOT-AMONG-OBSERVED-ORDERING-ACTIVITIES
cluster-0009	0	N6893622D0015	0.000000	0.000000	0.000000	0	eliminated:OFFICE-NOT-AMONG-OBSERVED-ORDERING-ACTIVITIES
cluster-0009	0	N6893622D0017	0.000000	0.000000	0.000000	0	eliminated:OFFICE-NOT-AMONG-OBSERVED-ORDERING-ACTIVITIES
cluster-0009	0	N6893622D0018	0.000000	0.000000	0.000000	0	eliminated:OFFICE-NOT-AMONG-OBSERVED-ORDERING-ACTIVITIES
cluster-0009	0	N6893622D0021	0.000000	0.000000	0.000000	0	eliminated:OFFICE-NOT-AMONG-OBSERVED-ORDERING-ACTIVITIES
cluster-0009	0	N6893622D0024	0.000000	0.000000	0.000000	0	eliminated:OFFICE-NOT-AMONG-OBSERVED-ORDERING-ACTIVITIES
cluster-0009	0	N6893622D0025	0.000000	0.000000	0.000000	0	eliminated:OFFICE-NOT-AMONG-OBSERVED-ORDERING-ACTIVITIES
cluster-0009	0	N6893622D0026	0.000000	0.000000	0.000000	0	eliminated:OFFICE-NOT-AMONG-OBSERVED-ORDERING-ACTIVITIES
cluster-0009	0	N6893622D0027	0.000000	0.000000	0.000000	0	eliminated:OFFICE-NOT-AMONG-OBSERVED-ORDERING-ACTIVITIES
cluster-0009	0	N6893622D0028	0.000000	0.000000	0.000000	0	eliminated:OFFICE-NOT-AMONG-OBSERVED-ORDERING-ACTIVITIES
cluster-0009	0	N6893622D0032	0.000000	0.000000	0.000000	0	eliminated:OFFICE-NOT-AMONG-OBSERVED-ORDERING-ACTIVITIES
cluster-0009	0	N6893622D0034	0.000000	0.000000	0.000000	0	eliminated:OFFICE-NOT-AMONG-OBSERVED-ORDERING-ACTIVITIES
cluster-0009	0	N6893622D0036	0.000000	0.000000	0.000000	0	eliminated:OFFICE-NOT-AMONG-OBSERVED-ORDERING-ACTIVITIES
cluster-0009	0	N6893622D0038	0.000000	0.000000	0.000000	0	eliminated:OFFICE-NOT-AMONG-OBSERVED-ORDERING-ACTIVITIES
cluster-0009	0	N6893622D0041	0.000000	0.000000	0.000000	0	eliminated:OFFICE-NOT-AMONG-OBSERVED-ORDERING-ACTIVITIES
cluster-0009	0	N6893623D0001	0.000000	0.000000	0.000000	0	eliminated:OFFICE-NOT-AMONG-OBSERVED-ORDERING-ACTIVITIES
cluster-0009	0	N6893623D0013	0.000000	0.000000	0.000000	0	eliminated:OFFICE-NOT-AMONG-OBSERVED-ORDERING-ACTIVITIES
cluster-0009	0	N6893623D0014	0.000000	0.000000	0.000000	0	eliminated:OFFICE-NOT-AMONG-OBSERVED-ORDERING-ACTIVITIES
cluster-0009	0	N6893623D0018	0.000000	0.000000	0.000000	0	eliminated:OFFICE-NOT-AMONG-OBSERVED-ORDERING-ACTIVITIES
cluster-0009	0	N6893623D0019	0.000000	0.000000	0.000000	0	eliminated:OFFICE-NOT-AMONG-OBSERVED-ORDERING-ACTIVITIES
cluster-0009	0	N6893623D0021	0.000000	0.000000	0.000000	0	eliminated:OFFICE-NOT-AMONG-OBSERVED-ORDERING-ACTIVITIES
cluster-0009	0	N6893623D0023	0.000000	0.000000	0.000000	0	eliminated:OFFICE-NOT-AMONG-OBSERVED-ORDERING-ACTIVITIES
cluster-0009	0	N6893623D0025	0.000000	0.000000	0.000000	0	eliminated:OFFICE-NOT-AMONG-OBSERVED-ORDERING-ACTIVITIES
cluster-0009	0	N6893623D0026	0.000000	0.000000	0.000000	0	eliminated:OFFICE-NOT-AMONG-OBSERVED-ORDERING-ACTIVITIES
cluster-0009	0	N6893623D0028	0.000000	0.000000	0.000000	0	eliminated:OFFICE-NOT-AMONG-OBSERVED-ORDERING-ACTIVITIES
cluster-0009	0	N6893623D0029	0.000000	0.000000	0.000000	0	eliminated:OFFICE-NOT-AMONG-OBSERVED-ORDERING-ACTIVITIES
cluster-0009	0	N6893623D0033	0.000000	0.000000	0.000000	0	eliminated:OFFICE-NOT-AMONG-OBSERVED-ORDERING-ACTIVITIES
cluster-0009	0	N6893623D0034	0.000000	0.000000	0.000000	0	eliminated:OFFICE-NOT-AMONG-OBSERVED-ORDERING-ACTIVITIES
cluster-0009	0	N6893623D0036	0.000000	0.000000	0.000000	0	eliminated:OFFICE-NOT-AMONG-OBSERVED-ORDERING-ACTIVITIES
cluster-0009	0	N6893623D0037	0.000000	0.000000	0.000000	0	eliminated:OFFICE-NOT-AMONG-OBSERVED-ORDERING-ACTIVITIES
cluster-0009	0	N6893623D0039	0.000000	0.000000	0.000000	0	eliminated:OFFICE-NOT-AMONG-OBSERVED-ORDERING-ACTIVITIES
cluster-0009	0	N6893623D0041	0.000000	0.000000	0.000000	0	eliminated:OFFICE-NOT-AMONG-OBSERVED-ORDERING-ACTIVITIES
cluster-0009	0	N6893623D0042	0.000000	0.000000	0.000000	0	eliminated:OFFICE-NOT-AMONG-OBSERVED-ORDERING-ACTIVITIES
cluster-0009	0	N6893623D0045	0.000000	0.000000	0.000000	0	eliminated:OFFICE-NOT-AMONG-OBSERVED-ORDERING-ACTIVITIES
cluster-0009	0	N6893623D0046	0.000000	0.000000	0.000000	0	eliminated:OFFICE-NOT-AMONG-OBSERVED-ORDERING-ACTIVITIES
cluster-0009	0	N6893623D0047	0.000000	0.000000	0.000000	0	eliminated:OFFICE-NOT-AMONG-OBSERVED-ORDERING-ACTIVITIES
cluster-0009	0	N6893623D0051	0.000000	0.000000	0.000000	0	eliminated:OFFICE-NOT-AMONG-OBSERVED-ORDERING-ACTIVITIES
cluster-0009	0	N6893623D0054	0.000000	0.000000	0.000000	0	eliminated:OFFICE-NOT-AMONG-OBSERVED-ORDERING-ACTIVITIES
cluster-0009	0	N6893624D0001	0.000000	0.000000	0.000000	0	eliminated:OFFICE-NOT-AMONG-OBSERVED-ORDERING-ACTIVITIES
cluster-0009	0	N6893624D0002	0.000000	0.000000	0.000000	0	eliminated:OFFICE-NOT-AMONG-OBSERVED-ORDERING-ACTIVITIES
cluster-0009	0	N6893624D0003	0.000000	0.000000	0.000000	0	eliminated:OFFICE-NOT-AMONG-OBSERVED-ORDERING-ACTIVITIES
cluster-0009	0	N6893624D0004	0.000000	0.000000	0.000000	0	eliminated:OFFICE-NOT-AMONG-OBSERVED-ORDERING-ACTIVITIES
cluster-0009	0	N6893624D0006	0.000000	0.000000	0.000000	0	eliminated:OFFICE-NOT-AMONG-OBSERVED-ORDERING-ACTIVITIES
cluster-0009	0	N6893624D0007	0.000000	0.000000	0.000000	0	eliminated:OFFICE-NOT-AMONG-OBSERVED-ORDERING-ACTIVITIES
cluster-0009	0	N6893624D0008	0.000000	0.000000	0.000000	0	eliminated:OFFICE-NOT-AMONG-OBSERVED-ORDERING-ACTIVITIES
cluster-0009	0	N6893624D0009	0.000000	0.000000	0.000000	0	eliminated:OFFICE-NOT-AMONG-OBSERVED-ORDERING-ACTIVITIES
cluster-0009	0	N6893624D0012	0.000000	0.000000	0.000000	0	eliminated:OFFICE-NOT-AMONG-OBSERVED-ORDERING-ACTIVITIES
cluster-0009	0	N6893624D0013	0.000000	0.000000	0.000000	0	eliminated:OFFICE-NOT-AMONG-OBSERVED-ORDERING-ACTIVITIES
cluster-0009	0	N6893624D0015	0.000000	0.000000	0.000000	0	eliminated:OFFICE-NOT-AMONG-OBSERVED-ORDERING-ACTIVITIES
cluster-0009	0	N6893624D0017	0.000000	0.000000	0.000000	0	eliminated:OFFICE-NOT-AMONG-OBSERVED-ORDERING-ACTIVITIES
cluster-0009	0	N6893624D0020	0.000000	0.000000	0.000000	0	eliminated:OFFICE-NOT-AMONG-OBSERVED-ORDERING-ACTIVITIES
cluster-0009	0	N6893624D0022	0.000000	0.000000	0.000000	0	eliminated:OFFICE-NOT-AMONG-OBSERVED-ORDERING-ACTIVITIES
cluster-0009	0	N6893624D0023	0.000000	0.000000	0.000000	0	eliminated:OFFICE-NOT-AMONG-OBSERVED-ORDERING-ACTIVITIES
cluster-0009	0	N6893624D0025	0.000000	0.000000	0.000000	0	eliminated:OFFICE-NOT-AMONG-OBSERVED-ORDERING-ACTIVITIES
cluster-0009	0	N6893625D0001	0.000000	0.000000	0.000000	0	eliminated:OFFICE-NOT-AMONG-OBSERVED-ORDERING-ACTIVITIES
cluster-0009	0	N6893625D0008	0.000000	0.000000	0.000000	0	eliminated:OFFICE-NOT-AMONG-OBSERVED-ORDERING-ACTIVITIES
cluster-0009	0	N6893625D0011	0.000000	0.000000	0.000000	0	eliminated:OFFICE-NOT-AMONG-OBSERVED-ORDERING-ACTIVITIES
cluster-0009	0	N6893625D0013	0.000000	0.000000	0.000000	0	eliminated:OFFICE-NOT-AMONG-OBSERVED-ORDERING-ACTIVITIES
cluster-0009	0	SPE4A123G0002	0.000000	0.000000	0.000000	0	eliminated:OFFICE-NOT-AMONG-OBSERVED-ORDERING-ACTIVITIES
cluster-0009	0	W15QKN15D0001	0.000000	0.000000	0.000000	0	eliminated:OFFICE-NOT-AMONG-OBSERVED-ORDERING-ACTIVITIES
cluster-0010	1	N0042122D0094	0.056236	0.093726	0.000000	1	candidate
cluster-0010	2	N0001918D0123	0.050403	0.084006	0.000000	1	candidate
cluster-0010	3	N6893621D0011	0.047933	0.079888	0.000000	1	below-floor
cluster-0010	4	N0001923D0001	0.045147	0.075246	0.000000	1	below-floor
cluster-0010	5	N6893621D0024	0.041733	0.069555	0.000000	1	below-floor
cluster-0010	6	N0042122D0099	0.041052	0.068421	0.000000	1	below-floor
cluster-0010	7	N6893622D0032	0.038595	0.064325	0.000000	1	below-floor
cluster-0010	8	N6893623D0019	0.037195	0.061991	0.000000	1	below-floor
cluster-0010	9	N6893623D0013	0.037066	0.061776	0.000000	1	below-floor
cluster-0010	10	N0042117D0045	0.034992	0.058320	0.000000	1	below-floor
cluster-0010	11	N0001925D0016	0.034600	0.057667	0.000000	1	below-floor
cluster-0010	12	N0042121D0010	0.033672	0.056121	0.000000	1	below-floor
cluster-0010	13	N6134021D0015	0.030466	0.050777	0.000000	1	below-floor
cluster-0010	14	N6134023D0008	0.028379	0.047299	0.000000	1	below-floor
cluster-0010	15	N6833521D0225	0.026360	0.043933	0.000000	1	below-floor
cluster-0010	16	N0042121D0019	0.025094	0.041824	0.000000	1	below-floor
cluster-0010	17	N0001923D0010	0.022725	0.037875	0.000000	1	below-floor
cluster-0010	18	N6852021D0006	0.022555	0.037592	0.000000	1	below-floor
cluster-0010	19	N6893621D0045	0.022265	0.037109	0.000000	1	below-floor
cluster-0010	20	N6134020D0025	0.020905	0.034841	0.000000	1	below-floor
cluster-0010	21	N0001920D0001	0.020468	0.034113	0.000000	1	below-floor
cluster-0010	22	N6893622D0041	0.019761	0.032935	0.000000	1	below-floor
cluster-0010	23	N6833520D0048	0.019617	0.032696	0.000000	1	below-floor
cluster-0010	24	N6893623D0026	0.018693	0.031155	0.000000	1	below-floor
cluster-0010	25	N0001925D0014	0.017303	0.028839	0.000000	1	below-floor
cluster-0010	26	NAWCTSD-TSC-IV	0.017154	0.028590	0.000000	1	below-floor
cluster-0010	27	N6893620D0033	0.016635	0.027726	0.000000	1	below-floor
cluster-0010	28	SEAPORT-NXG	0.015848	0.026414	0.000000	1	below-floor
cluster-0010	29	N6134022D0008	0.015640	0.026066	0.000000	1	below-floor
cluster-0010	30	N0001920D0017	0.014981	0.024968	0.000000	1	below-floor
cluster-0010	31	N6134024D0006	0.014967	0.024945	0.000000	1	below-floor
cluster-0010	32	N6833522D0017	0.014375	0.023958	0.000000	1	below-floor
cluster-0010	33	N6134018D0004	0.014167	0.023611	0.000000	1	below-floor
cluster-0010	34	N0001920D0023	0.013804	0.023006	0.000000	1	below-floor
cluster-0010	35	N0001920D0004	0.013451	0.022418	0.000000	1	below-floor
cluster-0010	36	N6893622D0009	0.013246	0.022076	0.000000	1	below-floor
cluster-0010	37	N6893620D0007	0.013120	0.021867	0.000000	1	below-floor
cluster-0010	38	NAWCTSD-FTSS-V	0.013061	0.021769	0.000000	1	below-floor
cluster-0010	39	N0001924D0126	0.012726	0.021210	0.000000	1	below-floor
cluster-0010	40	N6893622D0002	0.012708	0.021180	0.000000	1	below-floor
cluster-0010	41	N6833521D0048	0.012680	0.021134	0.000000	1	below-floor
cluster-0010	42	N6134023D0001	0.012224	0.020373	0.000000	1	below-floor
cluster-0010	43	N6134016D1005	0.012126	0.020210	0.000000	1	below-floor
cluster-0010	44	N6893620D0014	0.012044	0.020074	0.000000	1	below-floor
cluster-0010	45	N6893622D0007	0.011894	0.019823	0.000000	1	below-floor
cluster-0010	46	N6833523D0025	0.011859	0.019765	0.000000	1	below-floor
cluster-0010	47	N6893620D0015	0.011668	0.019447	0.000000	1	below-floor
cluster-0010	48	N0042118D0015	0.011547	0.019245	0.000000	1	below-floor
cluster-0010	49	N0001919D0005	0.011423	0.019038	0.000000	1	below-floor
cluster-0010	50	N6893622D0025	0.011375	0.018958	0.000000	1	below-floor
cluster-0010	51	N6833524D0010	0.011111	0.018518	0.000000	1	below-floor
cluster-0010	52	N0001925D0009	0.010709	0.017849	0.000000	1	below-floor
cluster-0010	53	N0001922D0003	0.010423	0.017372	0.000000	1	below-floor
cluster-0010	54	N0042120D0007	0.010138	0.016897	0.000000	1	below-floor
cluster-0010	55	N6893623D0047	0.010116	0.016861	0.000000	1	below-floor
cluster-0010	56	N0042124A0003	0.035220	0.058699	0.000000	2	below-floor
cluster-0010	57	N0042124A0004	0.020587	0.034311	0.000000	2	below-floor
cluster-0010	58	N6883621A0003	0.017728	0.029547	0.000000	2	below-floor
cluster-0010	59	GSA-MAS	0.013994	0.023324	0.000000	2	below-floor
cluster-0010	60	NASA-SEWP	0.027702	0.046169	0.000000	3	below-floor
cluster-0010	61	N6833515G0022	0.060085	0.100142	0.000000	5	candidate
cluster-0010	62	N6833522G0035	0.047284	0.078807	0.000000	5	below-floor
cluster-0010	63	NAVAIR-HQ-BOA	0.021719	0.036198	0.000000	5	below-floor
cluster-0010	64	N0042125G0003	0.014805	0.024676	0.000000	5	below-floor
cluster-0010	65	N6833524G0021	0.014430	0.024049	0.000000	5	below-floor
cluster-0010	66	N6833521G0020	0.010970	0.018284	0.000000	5	below-floor
cluster-0010	67	N0042119D0042	0.010083	0.016805	0.000000	1	below-floor
cluster-0010	68	N0001922D0013	0.010018	0.016696	0.000000	1	below-floor
cluster-0010	69	N0042123D0005	0.010018	0.016697	0.000000	1	below-floor
cluster-0010	70	N0001922D0006	0.010004	0.016674	0.000000	1	below-floor
cluster-0010	71	N6893622D0004	0.009759	0.016265	0.000000	1	below-floor
cluster-0010	72	N6833522D0022	0.009500	0.015833	0.000000	1	below-floor
cluster-0010	73	N6893620D0016	0.009476	0.015794	0.000000	1	below-floor
cluster-0010	74	N6893616D0018	0.009419	0.015699	0.000000	1	below-floor
cluster-0010	75	N6833525D0005	0.009375	0.015625	0.000000	1	below-floor
cluster-0010	76	N6893623D0036	0.009319	0.015532	0.000000	1	below-floor
cluster-0010	77	N0042116D0002	0.009178	0.015297	0.000000	1	below-floor
cluster-0010	78	N0042121D0008	0.008980	0.014967	0.000000	1	below-floor
cluster-0010	79	N0001920D0106	0.008880	0.014800	0.000000	1	below-floor
cluster-0010	80	N0042117D0052	0.008842	0.014736	0.000000	1	below-floor
cluster-0010	81	NAWCTSD-PACRM	0.008610	0.014350	0.000000	1	below-floor
cluster-0010	82	N6833519D0082	0.008436	0.014060	0.000000	1	below-floor
cluster-0010	83	N6893614D0008	0.008332	0.013887	0.000000	1	below-floor
cluster-0010	84	N6893622D0028	0.008326	0.013877	0.000000	1	below-floor
cluster-0010	85	N6893625D0001	0.008312	0.013854	0.000000	1	below-floor
cluster-0010	86	N0042120D0012	0.008294	0.013824	0.000000	1	below-floor
cluster-0010	87	N6893621D0007	0.008119	0.013532	0.000000	1	below-floor
cluster-0010	88	N0001917D0009	0.008026	0.013376	0.000000	1	below-floor
cluster-0010	89	N6134022D0006	0.007984	0.013306	0.000000	1	below-floor
cluster-0010	90	N0001923D0018	0.007959	0.013265	0.000000	1	below-floor
cluster-0010	91	N0042122D0101	0.007880	0.013133	0.000000	1	below-floor
cluster-0010	92	N6893624D0007	0.007835	0.013058	0.000000	1	below-floor
cluster-0010	93	N6893623D0001	0.007762	0.012936	0.000000	1	below-floor
cluster-0010	94	N0042122D0103	0.007527	0.012545	0.000000	1	below-floor
cluster-0010	95	N0001922D0004	0.007426	0.012377	0.000000	1	below-floor
cluster-0010	96	N6893625D0013	0.007414	0.012356	0.000000	1	below-floor
cluster-0010	97	N0042120D0071	0.007347	0.012245	0.000000	1	below-floor
cluster-0010	98	N6893619D0001	0.007250	0.012084	0.000000	1	below-floor
cluster-0010	99	N6893624D0023	0.007196	0.011994	0.000000	1	below-floor
cluster-0010	100	N6134018D0009	0.007090	0.011817	0.000000	1	below-floor
cluster-0010	101	N6893620D0001	0.007061	0.011768	0.000000	1	below-floor
cluster-0010	102	N6134018D0002	0.007058	0.011763	0.000000	1	below-floor
cluster-0010	103	N6893622D0024	0.007056	0.011760	0.000000	1	below-floor
cluster-0010	104	N0042124D0020	0.006987	0.011645	0.000000	1	below-floor
cluster-0010	105	N0042120D0028	0.006872	0.011453	0.000000	1	below-floor
cluster-0010	106	N6833523D0001	0.006845	0.011409	0.000000	1	below-floor
cluster-0010	107	N6893623D0023	0.006744	0.011240	0.000000	1	below-floor
cluster-0010	108	N6893623D0034	0.006656	0.011094	0.000000	1	below-floor
cluster-0010	109	N6134024D0013	0.006563	0.010939	0.000000	1	below-floor
cluster-0010	110	N0042119D0065	0.006438	0.010730	0.000000	1	below-floor
cluster-0010	111	N6893619D0048	0.006304	0.010507	0.000000	1	below-floor
cluster-0010	112	N6893624D0015	0.006296	0.010494	0.000000	1	below-floor
cluster-0010	113	N6893620D0018	0.006265	0.010442	0.000000	1	below-floor
cluster-0010	114	N6893623D0051	0.006227	0.010379	0.000000	1	below-floor
cluster-0010	115	N0001922D0001	0.006176	0.010293	0.000000	1	below-floor
cluster-0010	116	N6833521D0049	0.006145	0.010242	0.000000	1	below-floor
cluster-0010	117	N0042120D0010	0.006135	0.010224	0.000000	1	below-floor
cluster-0010	118	N6134020D0021	0.006130	0.010217	0.000000	1	below-floor
cluster-0010	119	N0042124D0006	0.006124	0.010206	0.000000	1	below-floor
cluster-0010	120	N6893622D0010	0.006085	0.010142	0.000000	1	below-floor
cluster-0010	121	N0001919D0015	0.006022	0.010037	0.000000	1	below-floor
cluster-0010	122	N0001919D0001	0.006011	0.010018	0.000000	1	below-floor
cluster-0010	123	N0001921D0050	0.005991	0.009984	0.000000	1	below-floor
cluster-0010	124	N0042119D0055	0.005971	0.009951	0.000000	1	below-floor
cluster-0010	125	N0042121D0007	0.005971	0.009951	0.000000	1	below-floor
cluster-0010	126	N6134023D0004	0.005806	0.009677	0.000000	1	below-floor
cluster-0010	127	N0001922D0038	0.005705	0.009508	0.000000	1	below-floor
cluster-0010	128	N0042119D0023	0.005693	0.009488	0.000000	1	below-floor
cluster-0010	129	N6893622D0015	0.005664	0.009440	0.000000	1	below-floor
cluster-0010	130	N6134021D0016	0.005628	0.009380	0.000000	1	below-floor
cluster-0010	131	N0042121D0001	0.005516	0.009194	0.000000	1	below-floor
cluster-0010	132	NAWCAD-SCI-MAC	0.005480	0.009133	0.000000	1	below-floor
cluster-0010	133	N6852021D0002	0.005471	0.009118	0.000000	1	below-floor
cluster-0010	134	N0024424D0005	0.005448	0.009080	0.000000	1	below-floor
cluster-0010	135	N6893623D0045	0.005338	0.008896	0.000000	1	below-floor
cluster-0010	136	N6893621D0051	0.005333	0.008888	0.000000	1	below-floor
cluster-0010	137	N6833523D0017	0.005287	0.008811	0.000000	1	below-floor
cluster-0010	138	N0001924D0106	0.005215	0.008691	0.000000	1	below-floor
cluster-0010	139	N0042116D0013	0.005138	0.008563	0.000000	1	below-floor
cluster-0010	140	N6833522D0005	0.005130	0.008550	0.000000	1	below-floor
cluster-0010	141	N0001923D0008	0.005105	0.008508	0.000000	1	below-floor
cluster-0010	142	N6833517D0021	0.005000	0.008333	0.000000	1	below-floor
cluster-0010	143	N0001920D0109	0.004996	0.008327	0.000000	1	below-floor
cluster-0010	144	N6833518D0031	0.004934	0.008224	0.000000	1	below-floor
cluster-0010	145	N6893622D0026	0.004890	0.008150	0.000000	1	below-floor
cluster-0010	146	N6833522D0004	0.004851	0.008085	0.000000	1	below-floor
cluster-0010	147	N0042120D0015	0.004729	0.007882	0.000000	1	below-floor
cluster-0010	148	N0001919D0027	0.004709	0.007849	0.000000	1	below-floor
cluster-0010	149	N6893624D0001	0.004621	0.007701	0.000000	1	below-floor
cluster-0010	150	N0042119D0024	0.004545	0.007575	0.000000	1	below-floor
cluster-0010	151	N0001922D0009	0.004497	0.007495	0.000000	1	below-floor
cluster-0010	152	N6893618D0012	0.004426	0.007377	0.000000	1	below-floor
cluster-0010	153	N6833522D0013	0.004378	0.007297	0.000000	1	below-floor
cluster-0010	154	N6893623D0014	0.004362	0.007270	0.000000	1	below-floor
cluster-0010	155	N0001918D0103	0.004265	0.007108	0.000000	1	below-floor
cluster-0010	156	N6893623D0042	0.004263	0.007105	0.000000	1	below-floor
cluster-0010	157	N0042125D0303	0.004224	0.007040	0.000000	1	below-floor
cluster-0010	158	N0001917D0089	0.004214	0.007023	0.000000	1	below-floor
cluster-0010	159	N0042119D0028	0.004160	0.006934	0.000000	1	below-floor
cluster-0010	160	N6893619D0027	0.004134	0.006890	0.000000	1	below-floor
cluster-0010	161	N0001920D0008	0.004000	0.006667	0.000000	1	below-floor
cluster-0010	162	N6893622D0008	0.003972	0.006621	0.000000	1	below-floor
cluster-0010	163	N0001918D0118	0.003950	0.006583	0.000000	1	below-floor
cluster-0010	164	N0001920D0051	0.003935	0.006559	0.000000	1	below-floor
cluster-0010	165	N6893618D0036	0.003927	0.006544	0.000000	1	below-floor
cluster-0010	166	N0042123D0007	0.003925	0.006542	0.000000	1	below-floor
cluster-0010	167	N6833523D0004	0.003887	0.006478	0.000000	1	below-floor
cluster-0010	168	N6893623D0046	0.003847	0.006412	0.000000	1	below-floor
cluster-0010	169	N6134020D0024	0.003840	0.006401	0.000000	1	below-floor
cluster-0010	170	N6134024D0001	0.003831	0.006385	0.000000	1	below-floor
cluster-0010	171	N0001919D0023	0.003770	0.006284	0.000000	1	below-floor
cluster-0010	172	N0042121D0034	0.003683	0.006138	0.000000	1	below-floor
cluster-0010	173	N6134020D0011	0.003667	0.006112	0.000000	1	below-floor
cluster-0010	174	N0042120D0006	0.003630	0.006050	0.000000	1	below-floor
cluster-0010	175	N6852023D0013	0.003607	0.006011	0.000000	1	below-floor
cluster-0010	176	N0042118D0017	0.003553	0.005922	0.000000	1	below-floor
cluster-0010	177	N0042118D0030	0.003550	0.005917	0.000000	1	below-floor
cluster-0010	178	N0001917D0004	0.003528	0.005880	0.000000	1	below-floor
cluster-0010	179	N0001924D0119	0.003527	0.005879	0.000000	1	below-floor
cluster-0010	180	N0001920D0013	0.003390	0.005649	0.000000	1	below-floor
cluster-0010	181	N0001922D0042	0.003389	0.005649	0.000000	1	below-floor
cluster-0010	182	N6852023D0014	0.003367	0.005612	0.000000	1	below-floor
cluster-0010	183	N6893625D0008	0.003352	0.005587	0.000000	1	below-floor
cluster-0010	184	N6833520D0022	0.003342	0.005570	0.000000	1	below-floor
cluster-0010	185	N6893621D0016	0.003328	0.005547	0.000000	1	below-floor
cluster-0010	186	N6893618D0006	0.003325	0.005541	0.000000	1	below-floor
cluster-0010	187	N0001925D0012	0.003286	0.005477	0.000000	1	below-floor
cluster-0010	188	N0001918D0110	0.003267	0.005445	0.000000	1	below-floor
cluster-0010	189	N6852025D0001	0.003258	0.005430	0.000000	1	below-floor
cluster-0010	190	N0001923D0022	0.003232	0.005386	0.000000	1	below-floor
cluster-0010	191	N6134016D1003	0.003212	0.005353	0.000000	1	below-floor
cluster-0010	192	N6893620D0005	0.003207	0.005345	0.000000	1	below-floor
cluster-0010	193	N0001925D0023	0.003201	0.005335	0.000000	1	below-floor
cluster-0010	194	N0042120D0108	0.003158	0.005263	0.000000	1	below-floor
cluster-0010	195	N6893621D0009	0.003153	0.005255	0.000000	1	below-floor
cluster-0010	196	N6134020D0008	0.003133	0.005221	0.000000	1	below-floor
cluster-0010	197	N0001921D0004	0.003095	0.005159	0.000000	1	below-floor
cluster-0010	198	N6893619D0020	0.003077	0.005129	0.000000	1	below-floor
cluster-0010	199	N0001421D4002	0.003059	0.005099	0.000000	1	below-floor
cluster-0010	200	N6852023D0011	0.003017	0.005029	0.000000	1	below-floor
cluster-0010	201	N0042119D0001	0.002971	0.004952	0.000000	1	below-floor
cluster-0010	202	N6833521D0214	0.002961	0.004935	0.000000	1	below-floor
cluster-0010	203	N6893623D0033	0.002885	0.004808	0.000000	1	below-floor
cluster-0010	204	N6893624D0017	0.002839	0.004732	0.000000	1	below-floor
cluster-0010	205	N6852020D0012	0.002832	0.004720	0.000000	1	below-floor
cluster-0010	206	N0042119D0029	0.002794	0.004656	0.000000	1	below-floor
cluster-0010	207	N0042122D0002	0.002787	0.004645	0.000000	1	below-floor
cluster-0010	208	N0042122D0003	0.002776	0.004626	0.000000	1	below-floor
cluster-0010	209	N0001920D0007	0.002775	0.004626	0.000000	1	below-floor
cluster-0010	210	N0042120D0023	0.002765	0.004608	0.000000	1	below-floor
cluster-0010	211	N0042121D0035	0.002745	0.004575	0.000000	1	below-floor
cluster-0010	212	N6833523D0003	0.002726	0.004543	0.000000	1	below-floor
cluster-0010	213	N6833521D0053	0.002691	0.004485	0.000000	1	below-floor
cluster-0010	214	N6893619D0035	0.002668	0.004447	0.000000	1	below-floor
cluster-0010	215	N6893621D0026	0.002627	0.004378	0.000000	1	below-floor
cluster-0010	216	N6134015D0003	0.002608	0.004347	0.000000	1	below-floor
cluster-0010	217	N0042124D0008	0.002593	0.004322	0.000000	1	below-floor
cluster-0010	218	N6893623D0018	0.002584	0.004307	0.000000	1	below-floor
cluster-0010	219	N0001923D0012	0.002567	0.004279	0.000000	1	below-floor
cluster-0010	220	N0042117D0015	0.002456	0.004094	0.000000	1	below-floor
cluster-0010	221	N0001923D0014	0.002428	0.004047	0.000000	1	below-floor
cluster-0010	222	N0042119D0060	0.002420	0.004033	0.000000	1	below-floor
cluster-0010	223	N6833524D0009	0.002377	0.003962	0.000000	1	below-floor
cluster-0010	224	N0042120D0024	0.002328	0.003880	0.000000	1	below-floor
cluster-0010	225	N6893619D0008	0.002295	0.003825	0.000000	1	below-floor
cluster-0010	226	N0042123D0011	0.002290	0.003817	0.000000	1	below-floor
cluster-0010	227	N6893623D0029	0.002279	0.003798	0.000000	1	below-floor
cluster-0010	228	N6134019D1006	0.002275	0.003792	0.000000	1	below-floor
cluster-0010	229	N6852023D0012	0.002260	0.003767	0.000000	1	below-floor
cluster-0010	230	N0042119D0075	0.002226	0.003710	0.000000	1	below-floor
cluster-0010	231	N6893622D0011	0.002112	0.003521	0.000000	1	below-floor
cluster-0010	232	N0001923D0009	0.002091	0.003485	0.000000	1	below-floor
cluster-0010	233	N6893621D0046	0.002079	0.003465	0.000000	1	below-floor
cluster-0010	234	N0042120D0073	0.002041	0.003401	0.000000	1	below-floor
cluster-0010	235	N6893623D0021	0.002038	0.003396	0.000000	1	below-floor
cluster-0010	236	N6833519D0135	0.002035	0.003391	0.000000	1	below-floor
cluster-0010	237	N6893623D0037	0.002013	0.003356	0.000000	1	below-floor
cluster-0010	238	N6893622D0017	0.001928	0.003213	0.000000	1	below-floor
cluster-0010	239	N6134021D0017	0.001910	0.003183	0.000000	1	below-floor
cluster-0010	240	N0001918D0001	0.001899	0.003165	0.000000	1	below-floor
cluster-0010	241	N6833522D0012	0.001879	0.003131	0.000000	1	below-floor
cluster-0010	242	N0042122D0096	0.001849	0.003082	0.000000	1	below-floor
cluster-0010	243	N6134019D1010	0.001778	0.002963	0.000000	1	below-floor
cluster-0010	244	N0001918D0111	0.001731	0.002886	0.000000	1	below-floor
cluster-0010	245	N0042119D0058	0.001721	0.002869	0.000000	1	below-floor
cluster-0010	246	N6893622D0014	0.001712	0.002853	0.000000	1	below-floor
cluster-0010	247	NAWCAD-CYBER-IDIQ	0.001707	0.002845	0.000000	1	below-floor
cluster-0010	248	N0042121D0005	0.001687	0.002811	0.000000	1	below-floor
cluster-0010	249	N6893624D0008	0.001678	0.002796	0.000000	1	below-floor
cluster-0010	250	N0042120D0001	0.001641	0.002735	0.000000	1	below-floor
cluster-0010	251	N0042124D0012	0.001629	0.002714	0.000000	1	below-floor
cluster-0010	252	N0001924D0004	0.001614	0.002691	0.000000	1	below-floor
cluster-0010	253	N0042124D0011	0.001614	0.002690	0.000000	1	below-floor
cluster-0010	254	N6893622D0038	0.001609	0.002681	0.000000	1	below-floor
cluster-0010	255	N0042119D0066	0.001575	0.002625	0.000000	1	below-floor
cluster-0010	256	N0042119D0071	0.001571	0.002618	0.000000	1	below-floor
cluster-0010	257	N6134025D0005	0.001539	0.002564	0.000000	1	below-floor
cluster-0010	258	N6893619D0007	0.001478	0.002463	0.000000	1	below-floor
cluster-0010	259	N6893618D0029	0.001453	0.002421	0.000000	1	below-floor
cluster-0010	260	N6893618D0026	0.001451	0.002418	0.000000	1	below-floor
cluster-0010	261	N6893622D0034	0.001409	0.002349	0.000000	1	below-floor
cluster-0010	262	N6852021D0005	0.001334	0.002223	0.000000	1	below-floor
cluster-0010	263	N0001923D0015	0.001328	0.002213	0.000000	1	below-floor
cluster-0010	264	N0001924D0114	0.001317	0.002195	0.000000	1	below-floor
cluster-0010	265	N6893624D0025	0.001304	0.002173	0.000000	1	below-floor
cluster-0010	266	N0001921D0010	0.001300	0.002167	0.000000	1	below-floor
cluster-0010	267	N6833521D0227	0.001250	0.002083	0.000000	1	below-floor
cluster-0010	268	N6893621D0044	0.001244	0.002073	0.000000	1	below-floor
cluster-0010	269	N6852023D0001	0.001212	0.002021	0.000000	1	below-floor
cluster-0010	270	N6833523D0029	0.001194	0.001990	0.000000	1	below-floor
cluster-0010	271	N6893624D0006	0.001173	0.001956	0.000000	1	below-floor
cluster-0010	272	N0042125D0302	0.001121	0.001868	0.000000	1	below-floor
cluster-0010	273	N6833524D0023	0.001106	0.001844	0.000000	1	below-floor
cluster-0010	274	N6833524D0003	0.001089	0.001816	0.000000	1	below-floor
cluster-0010	275	N0042119D0047	0.001042	0.001737	0.000000	1	below-floor
cluster-0010	276	N6893621D0001	0.001038	0.001731	0.000000	1	below-floor
cluster-0010	277	N0042124D0005	0.001020	0.001699	0.000000	1	below-floor
cluster-0010	278	N6833515D0026	0.000906	0.001510	0.000000	1	below-floor
cluster-0010	279	N6833521D0229	0.000889	0.001481	0.000000	1	below-floor
cluster-0010	280	N6833525D0010	0.000756	0.001260	0.000000	1	below-floor
cluster-0010	281	N0001922D0043	0.000713	0.001188	0.000000	1	below-floor
cluster-0010	282	N6134022D0002	0.000644	0.001073	0.000000	1	below-floor
cluster-0010	283	N0042121D0033	0.000514	0.000856	0.000000	1	below-floor
cluster-0010	284	N0042121D0037	0.000470	0.000783	0.000000	1	below-floor
cluster-0010	285	N0001917D0101	0.000000	0.000000	0.000000	1	below-floor
cluster-0010	286	N0001919D0012	0.000000	0.000000	0.000000	1	below-floor
cluster-0010	287	N0001919D0013	0.000000	0.000000	0.000000	1	below-floor
cluster-0010	288	N0001919D0021	0.000000	0.000000	0.000000	1	below-floor
cluster-0010	289	N0001919D0026	0.000000	0.000000	0.000000	1	below-floor
cluster-0010	290	N0001919D0032	0.000000	0.000000	0.000000	1	below-floor
cluster-0010	291	N0001920D0016	0.000000	0.000000	0.000000	1	below-floor
cluster-0010	292	N0001920D0024	0.000000	0.000000	0.000000	1	below-floor
cluster-0010	293	N0001921D0001	0.000000	0.000000	0.000000	1	below-floor
cluster-0010	294	N0001921D0011	0.000000	0.000000	0.000000	1	below-floor
cluster-0010	295	N0001921D0015	0.000000	0.000000	0.000000	1	below-floor
cluster-0010	296	N0001922D0007	0.000000	0.000000	0.000000	1	below-floor
cluster-0010	297	N0001922D0008	0.000000	0.000000	0.000000	1	below-floor
cluster-0010	298	N0001922D0011	0.000000	0.000000	0.000000	1	below-floor
cluster-0010	299	N0001922D0022	0.000000	0.000000	0.000000	1	below-floor
cluster-0010	300	N0001922D0040	0.000000	0.000000	0.000000	1	below-floor
cluster-0010	301	N0001923D0011	0.000000	0.000000	0.000000	1	below-floor
cluster-0010	302	N0001923D0013	0.000000	0.000000	0.000000	1	below-floor
cluster-0010	303	N0001924D0008	0.000000	0.000000	0.000000	1	below-floor
cluster-0010	304	N0001924D0110	0.000000	0.000000	0.000000	1	below-floor
cluster-0010	305	N0024424D0010	0.000000	0.000000	0.000000	1	below-floor
cluster-0010	306	N0038324DBK01	0.000000	0.000000	0.000000	1	below-floor
cluster-0010	307	N0042115D0005	0.000000	0.000000	0.000000	1	below-floor
cluster-0010	308	N0042116D0005	0.000000	0.000000	0.000000	1	below-floor
cluster-0010	309	N0042117D0027	0.000000	0.000000	0.000000	1	below-floor
cluster-0010	310	N0042117D0031	0.000000	0.000000	0.000000	1	below-floor
cluster-0010	311	N0042117D0032	0.000000	0.000000	0.000000	1	below-floor
cluster-0010	312	N0042118D0001	0.000000	0.000000	0.000000	1	below-floor
cluster-0010	313	N0042118D0007	0.000000	0.000000	0.000000	1	below-floor
cluster-0010	314	N0042118D0016	0.000000	0.000000	0.000000	1	below-floor
cluster-0010	315	N0042118D0028	0.000000	0.000000	0.000000	1	below-floor
cluster-0010	316	N0042118D0042	0.000000	0.000000	0.000000	1	below-floor
cluster-0010	317	N0042118D0044	0.000000	0.000000	0.000000	1	below-floor
cluster-0010	318	N0042118D0054	0.000000	0.000000	0.000000	1	below-floor
cluster-0010	319	N0042118D0059	0.000000	0.000000	0.000000	1	below-floor
cluster-0010	320	N0042118D0062	0.000000	0.000000	0.000000	1	below-floor
cluster-0010	321	N0042119D0002	0.000000	0.000000	0.000000	1	below-floor
cluster-0010	322	N0042119D0026	0.000000	0.000000	0.000000	1	below-floor
cluster-0010	323	N0042119D0033	0.000000	0.000000	0.000000	1	below-floor
cluster-0010	324	N0042119D0035	0.000000	0.000000	0.000000	1	below-floor
cluster-0010	325	N0042119D0067	0.000000	0.000000	0.000000	1	below-floor
cluster-0010	326	N0042119D0076	0.000000	0.000000	0.000000	1	below-floor
cluster-0010	327	N0042120D0003	0.000000	0.000000	0.000000	1	below-floor
cluster-0010	328	N0042120D0072	0.000000	0.000000	0.000000	1	below-floor
cluster-0010	329	N0042120D0109	0.000000	0.000000	0.000000	1	below-floor
cluster-0010	330	N0042120D0115	0.000000	0.000000	0.000000	1	below-floor
cluster-0010	331	N0042120D0117	0.000000	0.000000	0.000000	1	below-floor
cluster-0010	332	N0042120D0123	0.000000	0.000000	0.000000	1	below-floor
cluster-0010	333	N0042121D0002	0.000000	0.000000	0.000000	1	below-floor
cluster-0010	334	N0042121D0018	0.000000	0.000000	0.000000	1	below-floor
cluster-0010	335	N0042121D0023	0.000000	0.000000	0.000000	1	below-floor
cluster-0010	336	N0042122D0001	0.000000	0.000000	0.000000	1	below-floor
cluster-0010	337	N0042122D0005	0.000000	0.000000	0.000000	1	below-floor
cluster-0010	338	N0042122D0084	0.000000	0.000000	0.000000	1	below-floor
cluster-0010	339	N0042123D0001	0.000000	0.000000	0.000000	1	below-floor
cluster-0010	340	N0042123D0019	0.000000	0.000000	0.000000	1	below-floor
cluster-0010	341	N0042124D0022	0.000000	0.000000	0.000000	1	below-floor
cluster-0010	342	N0042124D0071	0.000000	0.000000	0.000000	1	below-floor
cluster-0010	343	N0042125D0301	0.000000	0.000000	0.000000	1	below-floor
cluster-0010	344	N6134017D0002	0.000000	0.000000	0.000000	1	below-floor
cluster-0010	345	N6134019D0003	0.000000	0.000000	0.000000	1	below-floor
cluster-0010	346	N6134019D0906	0.000000	0.000000	0.000000	1	below-floor
cluster-0010	347	N6134020D0002	0.000000	0.000000	0.000000	1	below-floor
cluster-0010	348	N6134020D0004	0.000000	0.000000	0.000000	1	below-floor
cluster-0010	349	N6134020D0015	0.000000	0.000000	0.000000	1	below-floor
cluster-0010	350	N6134020D0019	0.000000	0.000000	0.000000	1	below-floor
cluster-0010	351	N6134020D0020	0.000000	0.000000	0.000000	1	below-floor
cluster-0010	352	N6134021D0013	0.000000	0.000000	0.000000	1	below-floor
cluster-0010	353	N6134022D0004	0.000000	0.000000	0.000000	1	below-floor
cluster-0010	354	N6134023D0003	0.000000	0.000000	0.000000	1	below-floor
cluster-0010	355	N6134025D0006	0.000000	0.000000	0.000000	1	below-floor
cluster-0010	356	N6833516D0013	0.000000	0.000000	0.000000	1	below-floor
cluster-0010	357	N6833516D0020	0.000000	0.000000	0.000000	1	below-floor
cluster-0010	358	N6833520D0032	0.000000	0.000000	0.000000	1	below-floor
cluster-0010	359	N6833520D0935	0.000000	0.000000	0.000000	1	below-floor
cluster-0010	360	N6833521D0045	0.000000	0.000000	0.000000	1	below-floor
cluster-0010	361	N6833521D0046	0.000000	0.000000	0.000000	1	below-floor
cluster-0010	362	N6833521D0064	0.000000	0.000000	0.000000	1	below-floor
cluster-0010	363	N6833522D0008	0.000000	0.000000	0.000000	1	below-floor
cluster-0010	364	N6833522D0037	0.000000	0.000000	0.000000	1	below-floor
cluster-0010	365	N6833522D0039	0.000000	0.000000	0.000000	1	below-floor
cluster-0010	366	N6833523D0010	0.000000	0.000000	0.000000	1	below-floor
cluster-0010	367	N6833523D0035	0.000000	0.000000	0.000000	1	below-floor
cluster-0010	368	N6833523D0046	0.000000	0.000000	0.000000	1	below-floor
cluster-0010	369	N6833524D0002	0.000000	0.000000	0.000000	1	below-floor
cluster-0010	370	N6833524D0018	0.000000	0.000000	0.000000	1	below-floor
cluster-0010	371	N6833524D0019	0.000000	0.000000	0.000000	1	below-floor
cluster-0010	372	N6833524D0020	0.000000	0.000000	0.000000	1	below-floor
cluster-0010	373	N6833524D0021	0.000000	0.000000	0.000000	1	below-floor
cluster-0010	374	N6833525D0001	0.000000	0.000000	0.000000	1	below-floor
cluster-0010	375	N6833525D0004	0.000000	0.000000	0.000000	1	below-floor
cluster-0010	376	N6852021D0004	0.000000	0.000000	0.000000	1	below-floor
cluster-0010	377	N6852022D0003	0.000000	0.000000	0.000000	1	below-floor
cluster-0010	378	N6852023D0111	0.000000	0.000000	0.000000	1	below-floor
cluster-0010	379	N6893615D0015	0.000000	0.000000	0.000000	1	below-floor
cluster-0010	380	N6893616D0016	0.000000	0.000000	0.000000	1	below-floor
cluster-0010	381	N6893617D0010	0.000000	0.000000	0.000000	1	below-floor
cluster-0010	382	N6893618D0014	0.000000	0.000000	0.000000	1	below-floor
cluster-0010	383	N6893618D0015	0.000000	0.000000	0.000000	1	below-floor
cluster-0010	384	N6893619D0017	0.000000	0.000000	0.000000	1	below-floor
cluster-0010	385	N6893620D0024	0.000000	0.000000	0.000000	1	below-floor
cluster-0010	386	N6893621D0010	0.000000	0.000000	0.000000	1	below-floor
cluster-0010	387	N6893621D0017	0.000000	0.000000	0.000000	1	below-floor
cluster-0010	388	N6893621D0043	0.000000	0.000000	0.000000	1	below-floor
cluster-0010	389	N6893622D0018	0.000000	0.000000	0.000000	1	below-floor
cluster-0010	390	N6893622D0021	0.000000	0.000000	0.000000	1	below-floor
cluster-0010	391	N6893622D0027	0.000000	0.000000	0.000000	1	below-floor
cluster-0010	392	N6893622D0036	0.000000	0.000000	0.000000	1	below-floor
cluster-0010	393	N6893623D0025	0.000000	0.000000	0.000000	1	below-floor
cluster-0010	394	N6893623D0028	0.000000	0.000000	0.000000	1	below-floor
cluster-0010	395	N6893623D0039	0.000000	0.000000	0.000000	1	below-floor
cluster-0010	396	N6893623D0041	0.000000	0.000000	0.000000	1	below-floor
cluster-0010	397	N6893623D0054	0.000000	0.000000	0.000000	1	below-floor
cluster-0010	398	N6893624D0002	0.000000	0.000000	0.000000	1	below-floor
cluster-0010	399	N6893624D0003	0.000000	0.000000	0.000000	1	below-floor
cluster-0010	400	N6893624D0004	0.000000	0.000000	0.000000	1	below-floor
cluster-0010	401	N6893624D0009	0.000000	0.000000	0.000000	1	below-floor
cluster-0010	402	N6893624D0012	0.000000	0.000000	0.000000	1	below-floor
cluster-0010	403	N6893624D0013	0.000000	0.000000	0.000000	1	below-floor
cluster-0010	404	N6893624D0020	0.000000	0.000000	0.000000	1	below-floor
cluster-0010	405	N6893624D0022	0.000000	0.000000	0.000000	1	below-floor
cluster-0010	406	N6893625D0011	0.000000	0.000000	0.000000	1	below-floor
cluster-0010	407	N6833523A0194	0.005446	0.009076	0.000000	2	below-floor
cluster-0010	408	N6833523A0021	0.004363	0.007272	0.000000	2	below-floor
cluster-0010	409	N6852024A0004	0.002547	0.004245	0.000000	2	below-floor
cluster-0010	410	DON-ESL-BPA	0.000000	0.000000	0.000000	2	below-floor
cluster-0010	411	N0042124A0005	0.000000	0.000000	0.000000	2	below-floor
cluster-0010	412	N6833522A0017	0.000000	0.000000	0.000000	2	below-floor
cluster-0010	413	N6833522A0027	0.000000	0.000000	0.000000	2	below-floor
cluster-0010	414	N6833522A0029	0.000000	0.000000	0.000000	2	below-floor
cluster-0010	415	N6833522A0032	0.000000	0.000000	0.000000	2	below-floor
cluster-0010	416	N6833522A0035	0.000000	0.000000	0.000000	2	below-floor
cluster-0010	417	N6833523A0016	0.000000	0.000000	0.000000	2	below-floor
cluster-0010	418	N6833523A0018	0.000000	0.000000	0.000000	2	below-floor
cluster-0010	419	N6833523A0020	0.000000	0.000000	0.000000	2	below-floor
cluster-0010	420	N6833523A0025	0.000000	0.000000	0.000000	2	below-floor
cluster-0010	421	N6833523A0027	0.000000	0.000000	0.000000	2	below-floor
cluster-0010	422	N6833523A0028	0.000000	0.000000	0.000000	2	below-floor
cluster-0010	423	N6833523A0029	0.000000	0.000000	0.000000	2	below-floor
cluster-0010	424	N6833523A0030	0.000000	0.000000	0.000000	2	below-floor
cluster-0010	425	N6833523A0038	0.000000	0.000000	0.000000	2	below-floor
cluster-0010	426	N6833523A0040	0.000000	0.000000	0.000000	2	below-floor
cluster-0010	427	N6833523A0041	0.000000	0.000000	0.000000	2	below-floor
cluster-0010	428	N6833523A0043	0.000000	0.000000	0.000000	2	below-floor
cluster-0010	429	N6833523A0049	0.000000	0.000000	0.000000	2	below-floor
cluster-0010	430	N6833523A0051	0.000000	0.000000	0.000000	2	below-floor
cluster-0010	431	N6833523A0059	0.000000	0.000000	0.000000	2	below-floor
cluster-0010	432	N6833523A0062	0.000000	0.000000	0.000000	2	below-floor
cluster-0010	433	N6833523A0120	0.000000	0.000000	0.000000	2	below-floor
cluster-0010	434	N6833523A0134	0.000000	0.000000	0.000000	2	below-floor
cluster-0010	435	N6833523A0151	0.000000	0.000000	0.000000	2	below-floor
cluster-0010	436	N6833523A0153	0.000000	0.000000	0.000000	2	below-floor
cluster-0010	437	N6833523A0167	0.000000	0.000000	0.000000	2	below-floor
cluster-0010	438	N6833524A0002	0.000000	0.000000	0.000000	2	below-floor
cluster-0010	439	N6833524A0007	0.000000	0.000000	0.000000	2	below-floor
cluster-0010	440	N6833524A0016	0.000000	0.000000	0.000000	2	below-floor
cluster-0010	441	N6833524A0026	0.000000	0.000000	0.000000	2	below-floor
cluster-0010	442	N6833524A0032	0.000000	0.000000	0.000000	2	below-floor
cluster-0010	443	N6833524A0033	0.000000	0.000000	0.000000	2	below-floor
cluster-0010	444	N6833524A0040	0.000000	0.000000	0.000000	2	below-floor
cluster-0010	445	N6833525A0007	0.000000	0.000000	0.000000	2	below-floor
cluster-0010	446	N6833525A0008	0.000000	0.000000	0.000000	2	below-floor
cluster-0010	447	N6833525A0038	0.000000	0.000000	0.000000	2	below-floor
cluster-0010	448	FA860423DB001	0.005851	0.009752	0.000000	3	below-floor
cluster-0010	449	FA857619D0001	0.001386	0.002311	0.000000	3	below-floor
cluster-0010	450	W15QKN15D0001	0.000427	0.000712	0.000000	3	below-floor
cluster-0010	451	GSA-OASIS-PLUS	0.000000	0.000000	0.000000	3	below-floor
cluster-0010	452	N0042123G0001	0.009776	0.016294	0.000000	5	below-floor
cluster-0010	453	N0042122G0101	0.009628	0.016047	0.000000	5	below-floor
cluster-0010	454	N6134019G0002	0.009316	0.015527	0.000000	5	below-floor
cluster-0010	455	N6833520G0002	0.006692	0.011153	0.000000	5	below-floor
cluster-0010	456	N6833522G0029	0.006310	0.010517	0.000000	5	below-floor
cluster-0010	457	N0042123G0005	0.006202	0.010337	0.000000	5	below-floor
cluster-0010	458	N6833518G0014	0.005519	0.009198	0.000000	5	below-floor
cluster-0010	459	N0042121G0005	0.004742	0.007904	0.000000	5	below-floor
cluster-0010	460	N6833524G0007	0.003729	0.006216	0.000000	5	below-floor
cluster-0010	461	N6833519G0013	0.003698	0.006163	0.000000	5	below-floor
cluster-0010	462	N6833524G0038	0.003670	0.006117	0.000000	5	below-floor
cluster-0010	463	N0042124G0005	0.003363	0.005606	0.000000	5	below-floor
cluster-0010	464	N6833522G0036	0.002619	0.004366	0.000000	5	below-floor
cluster-0010	465	N6833523G0004	0.002572	0.004287	0.000000	5	below-floor
cluster-0010	466	N6833524G0009	0.002373	0.003954	0.000000	5	below-floor
cluster-0010	467	SPE4A123G0002	0.002263	0.003771	0.000000	5	below-floor
cluster-0010	468	N6833519G0041	0.002024	0.003373	0.000000	5	below-floor
cluster-0010	469	N6833520G1048	0.001440	0.002399	0.000000	5	below-floor
cluster-0010	470	N6833519G0050	0.001293	0.002155	0.000000	5	below-floor
cluster-0010	471	N6833520G3036	0.001250	0.002084	0.000000	5	below-floor
cluster-0010	472	N0042119G0004	0.001213	0.002022	0.000000	5	below-floor
cluster-0010	473	N0042123G0004	0.000766	0.001277	0.000000	5	below-floor
cluster-0010	474	N0042117G0003	0.000000	0.000000	0.000000	5	below-floor
cluster-0010	475	N0042119G0001	0.000000	0.000000	0.000000	5	below-floor
cluster-0010	476	N0042121G0004	0.000000	0.000000	0.000000	5	below-floor
cluster-0010	477	N0042123G0002	0.000000	0.000000	0.000000	5	below-floor
cluster-0010	478	N0042124G0001	0.000000	0.000000	0.000000	5	below-floor
cluster-0010	479	N6833519G0059	0.000000	0.000000	0.000000	5	below-floor
cluster-0010	480	N6833521G0021	0.000000	0.000000	0.000000	5	below-floor
cluster-0010	481	N6833522G0010	0.000000	0.000000	0.000000	5	below-floor
cluster-0010	482	N6833522G0041	0.000000	0.000000	0.000000	5	below-floor
cluster-0010	483	N6833523G0001	0.000000	0.000000	0.000000	5	below-floor
cluster-0010	484	N6833524G0028	0.000000	0.000000	0.000000	5	below-floor
cluster-0011	1	NAWCTSD-TSC-IV	0.026366	0.043944	0.000000	1	below-floor
cluster-0011	2	NAWCTSD-FTSS-V	0.020251	0.033752	0.000000	1	below-floor
cluster-0011	3	NAWCTSD-PACRM	0.018922	0.031536	0.000000	1	below-floor
cluster-0011	4	SEAPORT-NXG	0.017453	0.029089	0.000000	1	below-floor
cluster-0011	5	NAWCAD-SCI-MAC	0.015068	0.025114	0.000000	1	below-floor
cluster-0011	6	NAWCAD-CYBER-IDIQ	0.004040	0.006734	0.000000	1	below-floor
cluster-0011	7	GSA-MAS	0.012613	0.021021	0.000000	2	below-floor
cluster-0011	8	DON-ESL-BPA	0.001673	0.002789	0.000000	2	below-floor
cluster-0011	9	NASA-SEWP	0.018406	0.030677	0.000000	3	below-floor
cluster-0011	10	GSA-OASIS-PLUS	0.000857	0.001428	0.000000	3	below-floor
cluster-0011	11	NAVAIR-HQ-BOA	0.028253	0.047088	0.000000	5	below-floor
cluster-0011	0	FA857619D0001	0.000000	0.000000	0.000000	0	eliminated:OFFICE-NOT-AMONG-OBSERVED-ORDERING-ACTIVITIES
cluster-0011	0	FA860423DB001	0.000000	0.000000	0.000000	0	eliminated:OFFICE-NOT-AMONG-OBSERVED-ORDERING-ACTIVITIES
cluster-0011	0	N0001421D4002	0.000000	0.000000	0.000000	0	eliminated:OFFICE-NOT-AMONG-OBSERVED-ORDERING-ACTIVITIES
cluster-0011	0	N0001917D0004	0.000000	0.000000	0.000000	0	eliminated:OFFICE-NOT-AMONG-OBSERVED-ORDERING-ACTIVITIES
cluster-0011	0	N0001917D0009	0.000000	0.000000	0.000000	0	eliminated:OFFICE-NOT-AMONG-OBSERVED-ORDERING-ACTIVITIES
cluster-0011	0	N0001917D0089	0.000000	0.000000	0.000000	0	eliminated:OFFICE-NOT-AMONG-OBSERVED-ORDERING-ACTIVITIES
cluster-0011	0	N0001917D0101	0.000000	0.000000	0.000000	0	eliminated:OFFICE-NOT-AMONG-OBSERVED-ORDERING-ACTIVITIES
cluster-0011	0	N0001918D0001	0.000000	0.000000	0.000000	0	eliminated:OFFICE-NOT-AMONG-OBSERVED-ORDERING-ACTIVITIES
cluster-0011	0	N0001918D0103	0.000000	0.000000	0.000000	0	eliminated:OFFICE-NOT-AMONG-OBSERVED-ORDERING-ACTIVITIES
cluster-0011	0	N0001918D0110	0.000000	0.000000	0.000000	0	eliminated:OFFICE-NOT-AMONG-OBSERVED-ORDERING-ACTIVITIES
cluster-0011	0	N0001918D0111	0.000000	0.000000	0.000000	0	eliminated:OFFICE-NOT-AMONG-OBSERVED-ORDERING-ACTIVITIES
cluster-0011	0	N0001918D0118	0.000000	0.000000	0.000000	0	eliminated:OFFICE-NOT-AMONG-OBSERVED-ORDERING-ACTIVITIES
cluster-0011	0	N0001918D0123	0.000000	0.000000	0.000000	0	eliminated:OFFICE-NOT-AMONG-OBSERVED-ORDERING-ACTIVITIES
cluster-0011	0	N0001919D0001	0.000000	0.000000	0.000000	0	eliminated:OFFICE-NOT-AMONG-OBSERVED-ORDERING-ACTIVITIES
cluster-0011	0	N0001919D0005	0.000000	0.000000	0.000000	0	eliminated:OFFICE-NOT-AMONG-OBSERVED-ORDERING-ACTIVITIES
cluster-0011	0	N0001919D0012	0.000000	0.000000	0.000000	0	eliminated:OFFICE-NOT-AMONG-OBSERVED-ORDERING-ACTIVITIES
cluster-0011	0	N0001919D0013	0.000000	0.000000	0.000000	0	eliminated:OFFICE-NOT-AMONG-OBSERVED-ORDERING-ACTIVITIES
cluster-0011	0	N0001919D0015	0.000000	0.000000	0.000000	0	eliminated:OFFICE-NOT-AMONG-OBSERVED-ORDERING-ACTIVITIES
cluster-0011	0	N0001919D0021	0.000000	0.000000	0.000000	0	eliminated:OFFICE-NOT-AMONG-OBSERVED-ORDERING-ACTIVITIES
cluster-0011	0	N0001919D0023	0.000000	0.000000	0.000000	0	eliminated:OFFICE-NOT-AMONG-OBSERVED-ORDERING-ACTIVITIES
cluster-0011	0	N0001919D0026	0.000000	0.000000	0.000000	0	eliminated:OFFICE-NOT-AMONG-OBSERVED-ORDERING-ACTIVITIES
cluster-0011	0	N0001919D0027	0.000000	0.000000	0.000000	0	eliminated:OFFICE-NOT-AMONG-OBSERVED-ORDERING-ACTIVITIES
cluster-0011	0	N0001919D0032	0.000000	0.000000	0.000000	0	eliminated:OFFICE-NOT-AMONG-OBSERVED-ORDERING-ACTIVITIES
cluster-0011	0	N0001920D0001	0.000000	0.000000	0.000000	0	eliminated:OFFICE-NOT-AMONG-OBSERVED-ORDERING-ACTIVITIES
cluster-0011	0	N0001920D0004	0.000000	0.000000	0.000000	0	eliminated:OFFICE-NOT-AMONG-OBSERVED-ORDERING-ACTIVITIES
cluster-0011	0	N0001920D0007	0.000000	0.000000	0.000000	0	eliminated:OFFICE-NOT-AMONG-OBSERVED-ORDERING-ACTIVITIES
cluster-0011	0	N0001920D0008	0.000000	0.000000	0.000000	0	eliminated:OFFICE-NOT-AMONG-OBSERVED-ORDERING-ACTIVITIES
cluster-0011	0	N0001920D0013	0.000000	0.000000	0.000000	0	eliminated:OFFICE-NOT-AMONG-OBSERVED-ORDERING-ACTIVITIES
cluster-0011	0	N0001920D0016	0.000000	0.000000	0.000000	0	eliminated:OFFICE-NOT-AMONG-OBSERVED-ORDERING-ACTIVITIES
cluster-0011	0	N0001920D0017	0.000000	0.000000	0.000000	0	eliminated:OFFICE-NOT-AMONG-OBSERVED-ORDERING-ACTIVITIES
cluster-0011	0	N0001920D0023	0.000000	0.000000	0.000000	0	eliminated:OFFICE-NOT-AMONG-OBSERVED-ORDERING-ACTIVITIES
cluster-0011	0	N0001920D0024	0.000000	0.000000	0.000000	0	eliminated:OFFICE-NOT-AMONG-OBSERVED-ORDERING-ACTIVITIES
cluster-0011	0	N0001920D0051	0.000000	0.000000	0.000000	0	eliminated:OFFICE-NOT-AMONG-OBSERVED-ORDERING-ACTIVITIES
cluster-0011	0	N0001920D0106	0.000000	0.000000	0.000000	0	eliminated:OFFICE-NOT-AMONG-OBSERVED-ORDERING-ACTIVITIES
cluster-0011	0	N0001920D0109	0.000000	0.000000	0.000000	0	eliminated:OFFICE-NOT-AMONG-OBSERVED-ORDERING-ACTIVITIES
cluster-0011	0	N0001921D0001	0.000000	0.000000	0.000000	0	eliminated:OFFICE-NOT-AMONG-OBSERVED-ORDERING-ACTIVITIES
cluster-0011	0	N0001921D0004	0.000000	0.000000	0.000000	0	eliminated:OFFICE-NOT-AMONG-OBSERVED-ORDERING-ACTIVITIES
cluster-0011	0	N0001921D0010	0.000000	0.000000	0.000000	0	eliminated:OFFICE-NOT-AMONG-OBSERVED-ORDERING-ACTIVITIES
cluster-0011	0	N0001921D0011	0.000000	0.000000	0.000000	0	eliminated:OFFICE-NOT-AMONG-OBSERVED-ORDERING-ACTIVITIES
cluster-0011	0	N0001921D0015	0.000000	0.000000	0.000000	0	eliminated:OFFICE-NOT-AMONG-OBSERVED-ORDERING-ACTIVITIES
cluster-0011	0	N0001921D0050	0.000000	0.000000	0.000000	0	eliminated:OFFICE-NOT-AMONG-OBSERVED-ORDERING-ACTIVITIES
cluster-0011	0	N0001922D0001	0.000000	0.000000	0.000000	0	eliminated:OFFICE-NOT-AMONG-OBSERVED-ORDERING-ACTIVITIES
cluster-0011	0	N0001922D0003	0.000000	0.000000	0.000000	0	eliminated:OFFICE-NOT-AMONG-OBSERVED-ORDERING-ACTIVITIES
cluster-0011	0	N0001922D0004	0.000000	0.000000	0.000000	0	eliminated:OFFICE-NOT-AMONG-OBSERVED-ORDERING-ACTIVITIES
cluster-0011	0	N0001922D0006	0.000000	0.000000	0.000000	0	eliminated:OFFICE-NOT-AMONG-OBSERVED-ORDERING-ACTIVITIES
cluster-0011	0	N0001922D0007	0.000000	0.000000	0.000000	0	eliminated:OFFICE-NOT-AMONG-OBSERVED-ORDERING-ACTIVITIES
cluster-0011	0	N0001922D0008	0.000000	0.000000	0.000000	0	eliminated:OFFICE-NOT-AMONG-OBSERVED-ORDERING-ACTIVITIES
cluster-0011	0	N0001922D0009	0.000000	0.000000	0.000000	0	eliminated:OFFICE-NOT-AMONG-OBSERVED-ORDERING-ACTIVITIES
cluster-0011	0	N0001922D0011	0.000000	0.000000	0.000000	0	eliminated:OFFICE-NOT-AMONG-OBSERVED-ORDERING-ACTIVITIES
cluster-0011	0	N0001922D0013	0.000000	0.000000	0.000000	0	eliminated:OFFICE-NOT-AMONG-OBSERVED-ORDERING-ACTIVITIES
cluster-0011	0	N0001922D0022	0.000000	0.000000	0.000000	0	eliminated:OFFICE-NOT-AMONG-OBSERVED-ORDERING-ACTIVITIES
cluster-0011	0	N0001922D0038	0.000000	0.000000	0.000000	0	eliminated:OFFICE-NOT-AMONG-OBSERVED-ORDERING-ACTIVITIES
cluster-0011	0	N0001922D0040	0.000000	0.000000	0.000000	0	eliminated:OFFICE-NOT-AMONG-OBSERVED-ORDERING-ACTIVITIES
cluster-0011	0	N0001922D0042	0.000000	0.000000	0.000000	0	eliminated:OFFICE-NOT-AMONG-OBSERVED-ORDERING-ACTIVITIES
cluster-0011	0	N0001922D0043	0.000000	0.000000	0.000000	0	eliminated:OFFICE-NOT-AMONG-OBSERVED-ORDERING-ACTIVITIES
cluster-0011	0	N0001923D0001	0.000000	0.000000	0.000000	0	eliminated:OFFICE-NOT-AMONG-OBSERVED-ORDERING-ACTIVITIES
cluster-0011	0	N0001923D0008	0.000000	0.000000	0.000000	0	eliminated:OFFICE-NOT-AMONG-OBSERVED-ORDERING-ACTIVITIES
cluster-0011	0	N0001923D0009	0.000000	0.000000	0.000000	0	eliminated:OFFICE-NOT-AMONG-OBSERVED-ORDERING-ACTIVITIES
cluster-0011	0	N0001923D0010	0.000000	0.000000	0.000000	0	eliminated:OFFICE-NOT-AMONG-OBSERVED-ORDERING-ACTIVITIES
cluster-0011	0	N0001923D0011	0.000000	0.000000	0.000000	0	eliminated:OFFICE-NOT-AMONG-OBSERVED-ORDERING-ACTIVITIES
cluster-0011	0	N0001923D0012	0.000000	0.000000	0.000000	0	eliminated:OFFICE-NOT-AMONG-OBSERVED-ORDERING-ACTIVITIES
cluster-0011	0	N0001923D0013	0.000000	0.000000	0.000000	0	eliminated:OFFICE-NOT-AMONG-OBSERVED-ORDERING-ACTIVITIES
cluster-0011	0	N0001923D0014	0.000000	0.000000	0.000000	0	eliminated:OFFICE-NOT-AMONG-OBSERVED-ORDERING-ACTIVITIES
cluster-0011	0	N0001923D0015	0.000000	0.000000	0.000000	0	eliminated:OFFICE-NOT-AMONG-OBSERVED-ORDERING-ACTIVITIES
cluster-0011	0	N0001923D0018	0.000000	0.000000	0.000000	0	eliminated:OFFICE-NOT-AMONG-OBSERVED-ORDERING-ACTIVITIES
cluster-0011	0	N0001923D0022	0.000000	0.000000	0.000000	0	eliminated:OFFICE-NOT-AMONG-OBSERVED-ORDERING-ACTIVITIES
cluster-0011	0	N0001924D0004	0.000000	0.000000	0.000000	0	eliminated:OFFICE-NOT-AMONG-OBSERVED-ORDERING-ACTIVITIES
cluster-0011	0	N0001924D0008	0.000000	0.000000	0.000000	0	eliminated:OFFICE-NOT-AMONG-OBSERVED-ORDERING-ACTIVITIES
cluster-0011	0	N0001924D0106	0.000000	0.000000	0.000000	0	eliminated:OFFICE-NOT-AMONG-OBSERVED-ORDERING-ACTIVITIES
cluster-0011	0	N0001924D0110	0.000000	0.000000	0.000000	0	eliminated:OFFICE-NOT-AMONG-OBSERVED-ORDERING-ACTIVITIES
cluster-0011	0	N0001924D0114	0.000000	0.000000	0.000000	0	eliminated:OFFICE-NOT-AMONG-OBSERVED-ORDERING-ACTIVITIES
cluster-0011	0	N0001924D0119	0.000000	0.000000	0.000000	0	eliminated:OFFICE-NOT-AMONG-OBSERVED-ORDERING-ACTIVITIES
cluster-0011	0	N0001924D0126	0.000000	0.000000	0.000000	0	eliminated:OFFICE-NOT-AMONG-OBSERVED-ORDERING-ACTIVITIES
cluster-0011	0	N0001925D0009	0.000000	0.000000	0.000000	0	eliminated:OFFICE-NOT-AMONG-OBSERVED-ORDERING-ACTIVITIES
cluster-0011	0	N0001925D0012	0.000000	0.000000	0.000000	0	eliminated:OFFICE-NOT-AMONG-OBSERVED-ORDERING-ACTIVITIES
cluster-0011	0	N0001925D0014	0.000000	0.000000	0.000000	0	eliminated:OFFICE-NOT-AMONG-OBSERVED-ORDERING-ACTIVITIES
cluster-0011	0	N0001925D0016	0.000000	0.000000	0.000000	0	eliminated:OFFICE-NOT-AMONG-OBSERVED-ORDERING-ACTIVITIES
cluster-0011	0	N0001925D0023	0.000000	0.000000	0.000000	0	eliminated:OFFICE-NOT-AMONG-OBSERVED-ORDERING-ACTIVITIES
cluster-0011	0	N0024424D0005	0.000000	0.000000	0.000000	0	eliminated:OFFICE-NOT-AMONG-OBSERVED-ORDERING-ACTIVITIES
cluster-0011	0	N0024424D0010	0.000000	0.000000	0.000000	0	eliminated:OFFICE-NOT-AMONG-OBSERVED-ORDERING-ACTIVITIES
cluster-0011	0	N0038324DBK01	0.000000	0.000000	0.000000	0	eliminated:OFFICE-NOT-AMONG-OBSERVED-ORDERING-ACTIVITIES
cluster-0011	0	N0042115D0005	0.000000	0.000000	0.000000	0	eliminated:OFFICE-NOT-AMONG-OBSERVED-ORDERING-ACTIVITIES
cluster-0011	0	N0042116D0002	0.000000	0.000000	0.000000	0	eliminated:OFFICE-NOT-AMONG-OBSERVED-ORDERING-ACTIVITIES
cluster-0011	0	N0042116D0005	0.000000	0.000000	0.000000	0	eliminated:OFFICE-NOT-AMONG-OBSERVED-ORDERING-ACTIVITIES
cluster-0011	0	N0042116D0013	0.000000	0.000000	0.000000	0	eliminated:OFFICE-NOT-AMONG-OBSERVED-ORDERING-ACTIVITIES
cluster-0011	0	N0042117D0015	0.000000	0.000000	0.000000	0	eliminated:OFFICE-NOT-AMONG-OBSERVED-ORDERING-ACTIVITIES
cluster-0011	0	N0042117D0027	0.000000	0.000000	0.000000	0	eliminated:OFFICE-NOT-AMONG-OBSERVED-ORDERING-ACTIVITIES
cluster-0011	0	N0042117D0031	0.000000	0.000000	0.000000	0	eliminated:OFFICE-NOT-AMONG-OBSERVED-ORDERING-ACTIVITIES
cluster-0011	0	N0042117D0032	0.000000	0.000000	0.000000	0	eliminated:OFFICE-NOT-AMONG-OBSERVED-ORDERING-ACTIVITIES
cluster-0011	0	N0042117D0045	0.000000	0.000000	0.000000	0	eliminated:OFFICE-NOT-AMONG-OBSERVED-ORDERING-ACTIVITIES
cluster-0011	0	N0042117D0052	0.000000	0.000000	0.000000	0	eliminated:OFFICE-NOT-AMONG-OBSERVED-ORDERING-ACTIVITIES
cluster-0011	0	N0042117G0003	0.000000	0.000000	0.000000	0	eliminated:OFFICE-NOT-AMONG-OBSERVED-ORDERING-ACTIVITIES
cluster-0011	0	N0042118D0001	0.000000	0.000000	0.000000	0	eliminated:OFFICE-NOT-AMONG-OBSERVED-ORDERING-ACTIVITIES
cluster-0011	0	N0042118D0007	0.000000	0.000000	0.000000	0	eliminated:OFFICE-NOT-AMONG-OBSERVED-ORDERING-ACTIVITIES
cluster-0011	0	N0042118D0015	0.000000	0.000000	0.000000	0	eliminated:OFFICE-NOT-AMONG-OBSERVED-ORDERING-ACTIVITIES
cluster-0011	0	N0042118D0016	0.000000	0.000000	0.000000	0	eliminated:OFFICE-NOT-AMONG-OBSERVED-ORDERING-ACTIVITIES
cluster-0011	0	N0042118D0017	0.000000	0.000000	0.000000	0	eliminated:OFFICE-NOT-AMONG-OBSERVED-ORDERING-ACTIVITIES
cluster-0011	0	N0042118D0028	0.000000	0.000000	0.000000	0	eliminated:OFFICE-NOT-AMONG-OBSERVED-ORDERING-ACTIVITIES
cluster-0011	0	N0042118D0030	0.000000	0.000000	0.000000	0	eliminated:OFFICE-NOT-AMONG-OBSERVED-ORDERING-ACTIVITIES
cluster-0011	0	N0042118D0042	0.000000	0.000000	0.000000	0	eliminated:OFFICE-NOT-AMONG-OBSERVED-ORDERING-ACTIVITIES
cluster-0011	0	N0042118D0044	0.000000	0.000000	0.000000	0	eliminated:OFFICE-NOT-AMONG-OBSERVED-ORDERING-ACTIVITIES
cluster-0011	0	N0042118D0054	0.000000	0.000000	0.000000	0	eliminated:OFFICE-NOT-AMONG-OBSERVED-ORDERING-ACTIVITIES
cluster-0011	0	N0042118D0059	0.000000	0.000000	0.000000	0	eliminated:OFFICE-NOT-AMONG-OBSERVED-ORDERING-ACTIVITIES
cluster-0011	0	N0042118D0062	0.000000	0.000000	0.000000	0	eliminated:OFFICE-NOT-AMONG-OBSERVED-ORDERING-ACTIVITIES
cluster-0011	0	N0042119D0001	0.000000	0.000000	0.000000	0	eliminated:OFFICE-NOT-AMONG-OBSERVED-ORDERING-ACTIVITIES
cluster-0011	0	N0042119D0002	0.000000	0.000000	0.000000	0	eliminated:OFFICE-NOT-AMONG-OBSERVED-ORDERING-ACTIVITIES
cluster-0011	0	N0042119D0023	0.000000	0.000000	0.000000	0	eliminated:OFFICE-NOT-AMONG-OBSERVED-ORDERING-ACTIVITIES
cluster-0011	0	N0042119D0024	0.000000	0.000000	0.000000	0	eliminated:OFFICE-NOT-AMONG-OBSERVED-ORDERING-ACTIVITIES
cluster-0011	0	N0042119D0026	0.000000	0.000000	0.000000	0	eliminated:OFFICE-NOT-AMONG-OBSERVED-ORDERING-ACTIVITIES
cluster-0011	0	N0042119D0028	0.000000	0.000000	0.000000	0	eliminated:OFFICE-NOT-AMONG-OBSERVED-ORDERING-ACTIVITIES
cluster-0011	0	N0042119D0029	0.000000	0.000000	0.000000	0	eliminated:OFFICE-NOT-AMONG-OBSERVED-ORDERING-ACTIVITIES
cluster-0011	0	N0042119D0033	0.000000	0.000000	0.000000	0	eliminated:OFFICE-NOT-AMONG-OBSERVED-ORDERING-ACTIVITIES
cluster-0011	0	N0042119D0035	0.000000	0.000000	0.000000	0	eliminated:OFFICE-NOT-AMONG-OBSERVED-ORDERING-ACTIVITIES
cluster-0011	0	N0042119D0042	0.000000	0.000000	0.000000	0	eliminated:OFFICE-NOT-AMONG-OBSERVED-ORDERING-ACTIVITIES
cluster-0011	0	N0042119D0047	0.000000	0.000000	0.000000	0	eliminated:OFFICE-NOT-AMONG-OBSERVED-ORDERING-ACTIVITIES
cluster-0011	0	N0042119D0055	0.000000	0.000000	0.000000	0	eliminated:OFFICE-NOT-AMONG-OBSERVED-ORDERING-ACTIVITIES
cluster-0011	0	N0042119D0058	0.000000	0.000000	0.000000	0	eliminated:OFFICE-NOT-AMONG-OBSERVED-ORDERING-ACTIVITIES
cluster-0011	0	N0042119D0060	0.000000	0.000000	0.000000	0	eliminated:OFFICE-NOT-AMONG-OBSERVED-ORDERING-ACTIVITIES
cluster-0011	0	N0042119D0065	0.000000	0.000000	0.000000	0	eliminated:OFFICE-NOT-AMONG-OBSERVED-ORDERING-ACTIVITIES
cluster-0011	0	N0042119D0066	0.000000	0.000000	0.000000	0	eliminated:OFFICE-NOT-AMONG-OBSERVED-ORDERING-ACTIVITIES
cluster-0011	0	N0042119D0067	0.000000	0.000000	0.000000	0	eliminated:OFFICE-NOT-AMONG-OBSERVED-ORDERING-ACTIVITIES
cluster-0011	0	N0042119D0071	0.000000	0.000000	0.000000	0	eliminated:OFFICE-NOT-AMONG-OBSERVED-ORDERING-ACTIVITIES
cluster-0011	0	N0042119D0075	0.000000	0.000000	0.000000	0	eliminated:OFFICE-NOT-AMONG-OBSERVED-ORDERING-ACTIVITIES
cluster-0011	0	N0042119D0076	0.000000	0.000000	0.000000	0	eliminated:OFFICE-NOT-AMONG-OBSERVED-ORDERING-ACTIVITIES
cluster-0011	0	N0042119G0001	0.000000	0.000000	0.000000	0	eliminated:OFFICE-NOT-AMONG-OBSERVED-ORDERING-ACTIVITIES
cluster-0011	0	N0042119G0004	0.000000	0.000000	0.000000	0	eliminated:OFFICE-NOT-AMONG-OBSERVED-ORDERING-ACTIVITIES
cluster-0011	0	N0042120D0001	0.000000	0.000000	0.000000	0	eliminated:OFFICE-NOT-AMONG-OBSERVED-ORDERING-ACTIVITIES
cluster-0011	0	N0042120D0003	0.000000	0.000000	0.000000	0	eliminated:OFFICE-NOT-AMONG-OBSERVED-ORDERING-ACTIVITIES
cluster-0011	0	N0042120D0006	0.000000	0.000000	0.000000	0	eliminated:OFFICE-NOT-AMONG-OBSERVED-ORDERING-ACTIVITIES
cluster-0011	0	N0042120D0007	0.000000	0.000000	0.000000	0	eliminated:OFFICE-NOT-AMONG-OBSERVED-ORDERING-ACTIVITIES
cluster-0011	0	N0042120D0010	0.000000	0.000000	0.000000	0	eliminated:OFFICE-NOT-AMONG-OBSERVED-ORDERING-ACTIVITIES
cluster-0011	0	N0042120D0012	0.000000	0.000000	0.000000	0	eliminated:OFFICE-NOT-AMONG-OBSERVED-ORDERING-ACTIVITIES
cluster-0011	0	N0042120D0015	0.000000	0.000000	0.000000	0	eliminated:OFFICE-NOT-AMONG-OBSERVED-ORDERING-ACTIVITIES
cluster-0011	0	N0042120D0023	0.000000	0.000000	0.000000	0	eliminated:OFFICE-NOT-AMONG-OBSERVED-ORDERING-ACTIVITIES
cluster-0011	0	N0042120D0024	0.000000	0.000000	0.000000	0	eliminated:OFFICE-NOT-AMONG-OBSERVED-ORDERING-ACTIVITIES
cluster-0011	0	N0042120D0028	0.000000	0.000000	0.000000	0	eliminated:OFFICE-NOT-AMONG-OBSERVED-ORDERING-ACTIVITIES
cluster-0011	0	N0042120D0071	0.000000	0.000000	0.000000	0	eliminated:OFFICE-NOT-AMONG-OBSERVED-ORDERING-ACTIVITIES
cluster-0011	0	N0042120D0072	0.000000	0.000000	0.000000	0	eliminated:OFFICE-NOT-AMONG-OBSERVED-ORDERING-ACTIVITIES
cluster-0011	0	N0042120D0073	0.000000	0.000000	0.000000	0	eliminated:OFFICE-NOT-AMONG-OBSERVED-ORDERING-ACTIVITIES
cluster-0011	0	N0042120D0108	0.000000	0.000000	0.000000	0	eliminated:OFFICE-NOT-AMONG-OBSERVED-ORDERING-ACTIVITIES
cluster-0011	0	N0042120D0109	0.000000	0.000000	0.000000	0	eliminated:OFFICE-NOT-AMONG-OBSERVED-ORDERING-ACTIVITIES
cluster-0011	0	N0042120D0115	0.000000	0.000000	0.000000	0	eliminated:OFFICE-NOT-AMONG-OBSERVED-ORDERING-ACTIVITIES
cluster-0011	0	N0042120D0117	0.000000	0.000000	0.000000	0	eliminated:OFFICE-NOT-AMONG-OBSERVED-ORDERING-ACTIVITIES
cluster-0011	0	N0042120D0123	0.000000	0.000000	0.000000	0	eliminated:OFFICE-NOT-AMONG-OBSERVED-ORDERING-ACTIVITIES
cluster-0011	0	N0042121D0001	0.000000	0.000000	0.000000	0	eliminated:OFFICE-NOT-AMONG-OBSERVED-ORDERING-ACTIVITIES
cluster-0011	0	N0042121D0002	0.000000	0.000000	0.000000	0	eliminated:OFFICE-NOT-AMONG-OBSERVED-ORDERING-ACTIVITIES
cluster-0011	0	N0042121D0005	0.000000	0.000000	0.000000	0	eliminated:OFFICE-NOT-AMONG-OBSERVED-ORDERING-ACTIVITIES
cluster-0011	0	N0042121D0007	0.000000	0.000000	0.000000	0	eliminated:OFFICE-NOT-AMONG-OBSERVED-ORDERING-ACTIVITIES
cluster-0011	0	N0042121D0008	0.000000	0.000000	0.000000	0	eliminated:OFFICE-NOT-AMONG-OBSERVED-ORDERING-ACTIVITIES
cluster-0011	0	N0042121D0010	0.000000	0.000000	0.000000	0	eliminated:OFFICE-NOT-AMONG-OBSERVED-ORDERING-ACTIVITIES
cluster-0011	0	N0042121D0018	0.000000	0.000000	0.000000	0	eliminated:OFFICE-NOT-AMONG-OBSERVED-ORDERING-ACTIVITIES
cluster-0011	0	N0042121D0019	0.000000	0.000000	0.000000	0	eliminated:OFFICE-NOT-AMONG-OBSERVED-ORDERING-ACTIVITIES
cluster-0011	0	N0042121D0023	0.000000	0.000000	0.000000	0	eliminated:OFFICE-NOT-AMONG-OBSERVED-ORDERING-ACTIVITIES
cluster-0011	0	N0042121D0033	0.000000	0.000000	0.000000	0	eliminated:OFFICE-NOT-AMONG-OBSERVED-ORDERING-ACTIVITIES
cluster-0011	0	N0042121D0034	0.000000	0.000000	0.000000	0	eliminated:OFFICE-NOT-AMONG-OBSERVED-ORDERING-ACTIVITIES
cluster-0011	0	N0042121D0035	0.000000	0.000000	0.000000	0	eliminated:OFFICE-NOT-AMONG-OBSERVED-ORDERING-ACTIVITIES
cluster-0011	0	N0042121D0037	0.000000	0.000000	0.000000	0	eliminated:OFFICE-NOT-AMONG-OBSERVED-ORDERING-ACTIVITIES
cluster-0011	0	N0042121G0004	0.000000	0.000000	0.000000	0	eliminated:OFFICE-NOT-AMONG-OBSERVED-ORDERING-ACTIVITIES
cluster-0011	0	N0042121G0005	0.000000	0.000000	0.000000	0	eliminated:OFFICE-NOT-AMONG-OBSERVED-ORDERING-ACTIVITIES
cluster-0011	0	N0042122D0001	0.000000	0.000000	0.000000	0	eliminated:OFFICE-NOT-AMONG-OBSERVED-ORDERING-ACTIVITIES
cluster-0011	0	N0042122D0002	0.000000	0.000000	0.000000	0	eliminated:OFFICE-NOT-AMONG-OBSERVED-ORDERING-ACTIVITIES
cluster-0011	0	N0042122D0003	0.000000	0.000000	0.000000	0	eliminated:OFFICE-NOT-AMONG-OBSERVED-ORDERING-ACTIVITIES
cluster-0011	0	N0042122D0005	0.000000	0.000000	0.000000	0	eliminated:OFFICE-NOT-AMONG-OBSERVED-ORDERING-ACTIVITIES
cluster-0011	0	N0042122D0084	0.000000	0.000000	0.000000	0	eliminated:OFFICE-NOT-AMONG-OBSERVED-ORDERING-ACTIVITIES
cluster-0011	0	N0042122D0094	0.000000	0.000000	0.000000	0	eliminated:OFFICE-NOT-AMONG-OBSERVED-ORDERING-ACTIVITIES
cluster-0011	0	N0042122D0096	0.000000	0.000000	0.000000	0	eliminated:OFFICE-NOT-AMONG-OBSERVED-ORDERING-ACTIVITIES
cluster-0011	0	N0042122D0099	0.000000	0.000000	0.000000	0	eliminated:OFFICE-NOT-AMONG-OBSERVED-ORDERING-ACTIVITIES
cluster-0011	0	N0042122D0101	0.000000	0.000000	0.000000	0	eliminated:OFFICE-NOT-AMONG-OBSERVED-ORDERING-ACTIVITIES
cluster-0011	0	N0042122D0103	0.000000	0.000000	0.000000	0	eliminated:OFFICE-NOT-AMONG-OBSERVED-ORDERING-ACTIVITIES
cluster-0011	0	N0042122G0101	0.000000	0.000000	0.000000	0	eliminated:OFFICE-NOT-AMONG-OBSERVED-ORDERING-ACTIVITIES
cluster-0011	0	N0042123D0001	0.000000	0.000000	0.000000	0	eliminated:OFFICE-NOT-AMONG-OBSERVED-ORDERING-ACTIVITIES
cluster-0011	0	N0042123D0005	0.000000	0.000000	0.000000	0	eliminated:OFFICE-NOT-AMONG-OBSERVED-ORDERING-ACTIVITIES
cluster-0011	0	N0042123D0007	0.000000	0.000000	0.000000	0	eliminated:OFFICE-NOT-AMONG-OBSERVED-ORDERING-ACTIVITIES
cluster-0011	0	N0042123D0011	0.000000	0.000000	0.000000	0	eliminated:OFFICE-NOT-AMONG-OBSERVED-ORDERING-ACTIVITIES
cluster-0011	0	N0042123D0019	0.000000	0.000000	0.000000	0	eliminated:OFFICE-NOT-AMONG-OBSERVED-ORDERING-ACTIVITIES
cluster-0011	0	N0042123G0001	0.000000	0.000000	0.000000	0	eliminated:OFFICE-NOT-AMONG-OBSERVED-ORDERING-ACTIVITIES
cluster-0011	0	N0042123G0002	0.000000	0.000000	0.000000	0	eliminated:OFFICE-NOT-AMONG-OBSERVED-ORDERING-ACTIVITIES
cluster-0011	0	N0042123G0004	0.000000	0.000000	0.000000	0	eliminated:OFFICE-NOT-AMONG-OBSERVED-ORDERING-ACTIVITIES
cluster-0011	0	N0042123G0005	0.000000	0.000000	0.000000	0	eliminated:OFFICE-NOT-AMONG-OBSERVED-ORDERING-ACTIVITIES
cluster-0011	0	N0042124A0003	0.000000	0.000000	0.000000	0	eliminated:OFFICE-NOT-AMONG-OBSERVED-ORDERING-ACTIVITIES
cluster-0011	0	N0042124A0004	0.000000	0.000000	0.000000	0	eliminated:OFFICE-NOT-AMONG-OBSERVED-ORDERING-ACTIVITIES
cluster-0011	0	N0042124A0005	0.000000	0.000000	0.000000	0	eliminated:OFFICE-NOT-AMONG-OBSERVED-ORDERING-ACTIVITIES
cluster-0011	0	N0042124D0005	0.000000	0.000000	0.000000	0	eliminated:OFFICE-NOT-AMONG-OBSERVED-ORDERING-ACTIVITIES
cluster-0011	0	N0042124D0006	0.000000	0.000000	0.000000	0	eliminated:OFFICE-NOT-AMONG-OBSERVED-ORDERING-ACTIVITIES
cluster-0011	0	N0042124D0008	0.000000	0.000000	0.000000	0	eliminated:OFFICE-NOT-AMONG-OBSERVED-ORDERING-ACTIVITIES
cluster-0011	0	N0042124D0011	0.000000	0.000000	0.000000	0	eliminated:OFFICE-NOT-AMONG-OBSERVED-ORDERING-ACTIVITIES
cluster-0011	0	N0042124D0012	0.000000	0.000000	0.000000	0	eliminated:OFFICE-NOT-AMONG-OBSERVED-ORDERING-ACTIVITIES
cluster-0011	0	N0042124D0020	0.000000	0.000000	0.000000	0	eliminated:OFFICE-NOT-AMONG-OBSERVED-ORDERING-ACTIVITIES
cluster-0011	0	N0042124D0022	0.000000	0.000000	0.000000	0	eliminated:OFFICE-NOT-AMONG-OBSERVED-ORDERING-ACTIVITIES
cluster-0011	0	N0042124D0071	0.000000	0.000000	0.000000	0	eliminated:OFFICE-NOT-AMONG-OBSERVED-ORDERING-ACTIVITIES
cluster-0011	0	N0042124G0001	0.000000	0.000000	0.000000	0	eliminated:OFFICE-NOT-AMONG-OBSERVED-ORDERING-ACTIVITIES
cluster-0011	0	N0042124G0005	0.000000	0.000000	0.000000	0	eliminated:OFFICE-NOT-AMONG-OBSERVED-ORDERING-ACTIVITIES
cluster-0011	0	N0042125D0301	0.000000	0.000000	0.000000	0	eliminated:OFFICE-NOT-AMONG-OBSERVED-ORDERING-ACTIVITIES
cluster-0011	0	N0042125D0302	0.000000	0.000000	0.000000	0	eliminated:OFFICE-NOT-AMONG-OBSERVED-ORDERING-ACTIVITIES
cluster-0011	0	N0042125D0303	0.000000	0.000000	0.000000	0	eliminated:OFFICE-NOT-AMONG-OBSERVED-ORDERING-ACTIVITIES
cluster-0011	0	N0042125G0003	0.000000	0.000000	0.000000	0	eliminated:OFFICE-NOT-AMONG-OBSERVED-ORDERING-ACTIVITIES
cluster-0011	0	N6134015D0003	0.000000	0.000000	0.000000	0	eliminated:OFFICE-NOT-AMONG-OBSERVED-ORDERING-ACTIVITIES
cluster-0011	0	N6134016D1003	0.000000	0.000000	0.000000	0	eliminated:OFFICE-NOT-AMONG-OBSERVED-ORDERING-ACTIVITIES
cluster-0011	0	N6134016D1005	0.000000	0.000000	0.000000	0	eliminated:OFFICE-NOT-AMONG-OBSERVED-ORDERING-ACTIVITIES
cluster-0011	0	N6134017D0002	0.000000	0.000000	0.000000	0	eliminated:OFFICE-NOT-AMONG-OBSERVED-ORDERING-ACTIVITIES
cluster-0011	0	N6134018D0002	0.000000	0.000000	0.000000	0	eliminated:OFFICE-NOT-AMONG-OBSERVED-ORDERING-ACTIVITIES
cluster-0011	0	N6134018D0004	0.000000	0.000000	0.000000	0	eliminated:OFFICE-NOT-AMONG-OBSERVED-ORDERING-ACTIVITIES
cluster-0011	0	N6134018D0009	0.000000	0.000000	0.000000	0	eliminated:OFFICE-NOT-AMONG-OBSERVED-ORDERING-ACTIVITIES
cluster-0011	0	N6134019D0003	0.000000	0.000000	0.000000	0	eliminated:OFFICE-NOT-AMONG-OBSERVED-ORDERING-ACTIVITIES
cluster-0011	0	N6134019D0906	0.000000	0.000000	0.000000	0	eliminated:OFFICE-NOT-AMONG-OBSERVED-ORDERING-ACTIVITIES
cluster-0011	0	N6134019D1006	0.000000	0.000000	0.000000	0	eliminated:OFFICE-NOT-AMONG-OBSERVED-ORDERING-ACTIVITIES
cluster-0011	0	N6134019D1010	0.000000	0.000000	0.000000	0	eliminated:OFFICE-NOT-AMONG-OBSERVED-ORDERING-ACTIVITIES
cluster-0011	0	N6134019G0002	0.000000	0.000000	0.000000	0	eliminated:OFFICE-NOT-AMONG-OBSERVED-ORDERING-ACTIVITIES
cluster-0011	0	N6134020D0002	0.000000	0.000000	0.000000	0	eliminated:OFFICE-NOT-AMONG-OBSERVED-ORDERING-ACTIVITIES
cluster-0011	0	N6134020D0004	0.000000	0.000000	0.000000	0	eliminated:OFFICE-NOT-AMONG-OBSERVED-ORDERING-ACTIVITIES
cluster-0011	0	N6134020D0008	0.000000	0.000000	0.000000	0	eliminated:OFFICE-NOT-AMONG-OBSERVED-ORDERING-ACTIVITIES
cluster-0011	0	N6134020D0011	0.000000	0.000000	0.000000	0	eliminated:OFFICE-NOT-AMONG-OBSERVED-ORDERING-ACTIVITIES
cluster-0011	0	N6134020D0015	0.000000	0.000000	0.000000	0	eliminated:OFFICE-NOT-AMONG-OBSERVED-ORDERING-ACTIVITIES
cluster-0011	0	N6134020D0019	0.000000	0.000000	0.000000	0	eliminated:OFFICE-NOT-AMONG-OBSERVED-ORDERING-ACTIVITIES
cluster-0011	0	N6134020D0020	0.000000	0.000000	0.000000	0	eliminated:OFFICE-NOT-AMONG-OBSERVED-ORDERING-ACTIVITIES
cluster-0011	0	N6134020D0021	0.000000	0.000000	0.000000	0	eliminated:OFFICE-NOT-AMONG-OBSERVED-ORDERING-ACTIVITIES
cluster-0011	0	N6134020D0024	0.000000	0.000000	0.000000	0	eliminated:OFFICE-NOT-AMONG-OBSERVED-ORDERING-ACTIVITIES
cluster-0011	0	N6134020D0025	0.000000	0.000000	0.000000	0	eliminated:OFFICE-NOT-AMONG-OBSERVED-ORDERING-ACTIVITIES
cluster-0011	0	N6134021D0013	0.000000	0.000000	0.000000	0	eliminated:OFFICE-NOT-AMONG-OBSERVED-ORDERING-ACTIVITIES
cluster-0011	0	N6134021D0015	0.000000	0.000000	0.000000	0	eliminated:OFFICE-NOT-AMONG-OBSERVED-ORDERING-ACTIVITIES
cluster-0011	0	N6134021D0016	0.000000	0.000000	0.000000	0	eliminated:OFFICE-NOT-AMONG-OBSERVED-ORDERING-ACTIVITIES
cluster-0011	0	N6134021D0017	0.000000	0.000000	0.000000	0	eliminated:OFFICE-NOT-AMONG-OBSERVED-ORDERING-ACTIVITIES
cluster-0011	0	N6134022D0002	0.000000	0.000000	0.000000	0	eliminated:OFFICE-NOT-AMONG-OBSERVED-ORDERING-ACTIVITIES
cluster-0011	0	N6134022D0004	0.000000	0.000000	0.000000	0	eliminated:OFFICE-NOT-AMONG-OBSERVED-ORDERING-ACTIVITIES
cluster-0011	0	N6134022D0006	0.000000	0.000000	0.000000	0	eliminated:OFFICE-NOT-AMONG-OBSERVED-ORDERING-ACTIVITIES
cluster-0011	0	N6134022D0008	0.000000	0.000000	0.000000	0	eliminated:OFFICE-NOT-AMONG-OBSERVED-ORDERING-ACTIVITIES
cluster-0011	0	N6134023D0001	0.000000	0.000000	0.000000	0	eliminated:OFFICE-NOT-AMONG-OBSERVED-ORDERING-ACTIVITIES
cluster-0011	0	N6134023D0003	0.000000	0.000000	0.000000	0	eliminated:OFFICE-NOT-AMONG-OBSERVED-ORDERING-ACTIVITIES
cluster-0011	0	N6134023D0004	0.000000	0.000000	0.000000	0	eliminated:OFFICE-NOT-AMONG-OBSERVED-ORDERING-ACTIVITIES
cluster-0011	0	N6134023D0008	0.000000	0.000000	0.000000	0	eliminated:OFFICE-NOT-AMONG-OBSERVED-ORDERING-ACTIVITIES
cluster-0011	0	N6134024D0001	0.000000	0.000000	0.000000	0	eliminated:OFFICE-NOT-AMONG-OBSERVED-ORDERING-ACTIVITIES
cluster-0011	0	N6134024D0006	0.000000	0.000000	0.000000	0	eliminated:OFFICE-NOT-AMONG-OBSERVED-ORDERING-ACTIVITIES
cluster-0011	0	N6134024D0013	0.000000	0.000000	0.000000	0	eliminated:OFFICE-NOT-AMONG-OBSERVED-ORDERING-ACTIVITIES
cluster-0011	0	N6134025D0005	0.000000	0.000000	0.000000	0	eliminated:OFFICE-NOT-AMONG-OBSERVED-ORDERING-ACTIVITIES
cluster-0011	0	N6134025D0006	0.000000	0.000000	0.000000	0	eliminated:OFFICE-NOT-AMONG-OBSERVED-ORDERING-ACTIVITIES
cluster-0011	0	N6833515D0026	0.000000	0.000000	0.000000	0	eliminated:OFFICE-NOT-AMONG-OBSERVED-ORDERING-ACTIVITIES
cluster-0011	0	N6833515G0022	0.000000	0.000000	0.000000	0	eliminated:OFFICE-NOT-AMONG-OBSERVED-ORDERING-ACTIVITIES
cluster-0011	0	N6833516D0013	0.000000	0.000000	0.000000	0	eliminated:OFFICE-NOT-AMONG-OBSERVED-ORDERING-ACTIVITIES
cluster-0011	0	N6833516D0020	0.000000	0.000000	0.000000	0	eliminated:OFFICE-NOT-AMONG-OBSERVED-ORDERING-ACTIVITIES
cluster-0011	0	N6833517D0021	0.000000	0.000000	0.000000	0	eliminated:OFFICE-NOT-AMONG-OBSERVED-ORDERING-ACTIVITIES
cluster-0011	0	N6833518D0031	0.000000	0.000000	0.000000	0	eliminated:OFFICE-NOT-AMONG-OBSERVED-ORDERING-ACTIVITIES
cluster-0011	0	N6833518G0014	0.000000	0.000000	0.000000	0	eliminated:OFFICE-NOT-AMONG-OBSERVED-ORDERING-ACTIVITIES
cluster-0011	0	N6833519D0082	0.000000	0.000000	0.000000	0	eliminated:OFFICE-NOT-AMONG-OBSERVED-ORDERING-ACTIVITIES
cluster-0011	0	N6833519D0135	0.000000	0.000000	0.000000	0	eliminated:OFFICE-NOT-AMONG-OBSERVED-ORDERING-ACTIVITIES
cluster-0011	0	N6833519G0013	0.000000	0.000000	0.000000	0	eliminated:OFFICE-NOT-AMONG-OBSERVED-ORDERING-ACTIVITIES
cluster-0011	0	N6833519G0041	0.000000	0.000000	0.000000	0	eliminated:OFFICE-NOT-AMONG-OBSERVED-ORDERING-ACTIVITIES
cluster-0011	0	N6833519G0050	0.000000	0.000000	0.000000	0	eliminated:OFFICE-NOT-AMONG-OBSERVED-ORDERING-ACTIVITIES
cluster-0011	0	N6833519G0059	0.000000	0.000000	0.000000	0	eliminated:OFFICE-NOT-AMONG-OBSERVED-ORDERING-ACTIVITIES
cluster-0011	0	N6833520D0022	0.000000	0.000000	0.000000	0	eliminated:OFFICE-NOT-AMONG-OBSERVED-ORDERING-ACTIVITIES
cluster-0011	0	N6833520D0032	0.000000	0.000000	0.000000	0	eliminated:OFFICE-NOT-AMONG-OBSERVED-ORDERING-ACTIVITIES
cluster-0011	0	N6833520D0048	0.000000	0.000000	0.000000	0	eliminated:OFFICE-NOT-AMONG-OBSERVED-ORDERING-ACTIVITIES
cluster-0011	0	N6833520D0935	0.000000	0.000000	0.000000	0	eliminated:OFFICE-NOT-AMONG-OBSERVED-ORDERING-ACTIVITIES
cluster-0011	0	N6833520G0002	0.000000	0.000000	0.000000	0	eliminated:OFFICE-NOT-AMONG-OBSERVED-ORDERING-ACTIVITIES
cluster-0011	0	N6833520G1048	0.000000	0.000000	0.000000	0	eliminated:OFFICE-NOT-AMONG-OBSERVED-ORDERING-ACTIVITIES
cluster-0011	0	N6833520G3036	0.000000	0.000000	0.000000	0	eliminated:OFFICE-NOT-AMONG-OBSERVED-ORDERING-ACTIVITIES
cluster-0011	0	N6833521D0045	0.000000	0.000000	0.000000	0	eliminated:OFFICE-NOT-AMONG-OBSERVED-ORDERING-ACTIVITIES
cluster-0011	0	N6833521D0046	0.000000	0.000000	0.000000	0	eliminated:OFFICE-NOT-AMONG-OBSERVED-ORDERING-ACTIVITIES
cluster-0011	0	N6833521D0048	0.000000	0.000000	0.000000	0	eliminated:OFFICE-NOT-AMONG-OBSERVED-ORDERING-ACTIVITIES
cluster-0011	0	N6833521D0049	0.000000	0.000000	0.000000	0	eliminated:OFFICE-NOT-AMONG-OBSERVED-ORDERING-ACTIVITIES
cluster-0011	0	N6833521D0053	0.000000	0.000000	0.000000	0	eliminated:OFFICE-NOT-AMONG-OBSERVED-ORDERING-ACTIVITIES
cluster-0011	0	N6833521D0064	0.000000	0.000000	0.000000	0	eliminated:OFFICE-NOT-AMONG-OBSERVED-ORDERING-ACTIVITIES
cluster-0011	0	N6833521D0214	0.000000	0.000000	0.000000	0	eliminated:OFFICE-NOT-AMONG-OBSERVED-ORDERING-ACTIVITIES
cluster-0011	0	N6833521D0225	0.000000	0.000000	0.000000	0	eliminated:OFFICE-NOT-AMONG-OBSERVED-ORDERING-ACTIVITIES
cluster-0011	0	N6833521D0227	0.000000	0.000000	0.000000	0	eliminated:OFFICE-NOT-AMONG-OBSERVED-ORDERING-ACTIVITIES
cluster-0011	0	N6833521D0229	0.000000	0.000000	0.000000	0	eliminated:OFFICE-NOT-AMONG-OBSERVED-ORDERING-ACTIVITIES
cluster-0011	0	N6833521G0020	0.000000	0.000000	0.000000	0	eliminated:OFFICE-NOT-AMONG-OBSERVED-ORDERING-ACTIVITIES
cluster-0011	0	N6833521G0021	0.000000	0.000000	0.000000	0	eliminated:OFFICE-NOT-AMONG-OBSERVED-ORDERING-ACTIVITIES
cluster-0011	0	N6833522A0017	0.000000	0.000000	0.000000	0	eliminated:OFFICE-NOT-AMONG-OBSERVED-ORDERING-ACTIVITIES
cluster-0011	0	N6833522A0027	0.000000	0.000000	0.000000	0	eliminated:OFFICE-NOT-AMONG-OBSERVED-ORDERING-ACTIVITIES
cluster-0011	0	N6833522A0029	0.000000	0.000000	0.000000	0	eliminated:OFFICE-NOT-AMONG-OBSERVED-ORDERING-ACTIVITIES
cluster-0011	0	N6833522A0032	0.000000	0.000000	0.000000	0	eliminated:OFFICE-NOT-AMONG-OBSERVED-ORDERING-ACTIVITIES
cluster-0011	0	N6833522A0035	0.000000	0.000000	0.000000	0	eliminated:OFFICE-NOT-AMONG-OBSERVED-ORDERING-ACTIVITIES
cluster-0011	0	N6833522D0004	0.000000	0.000000	0.000000	0	eliminated:OFFICE-NOT-AMONG-OBSERVED-ORDERING-ACTIVITIES
cluster-0011	0	N6833522D0005	0.000000	0.000000	0.000000	0	eliminated:OFFICE-NOT-AMONG-OBSERVED-ORDERING-ACTIVITIES
cluster-0011	0	N6833522D0008	0.000000	0.000000	0.000000	0	eliminated:OFFICE-NOT-AMONG-OBSERVED-ORDERING-ACTIVITIES
cluster-0011	0	N6833522D0012	0.000000	0.000000	0.000000	0	eliminated:OFFICE-NOT-AMONG-OBSERVED-ORDERING-ACTIVITIES
cluster-0011	0	N6833522D0013	0.000000	0.000000	0.000000	0	eliminated:OFFICE-NOT-AMONG-OBSERVED-ORDERING-ACTIVITIES
cluster-0011	0	N6833522D0017	0.000000	0.000000	0.000000	0	eliminated:OFFICE-NOT-AMONG-OBSERVED-ORDERING-ACTIVITIES
cluster-0011	0	N6833522D0022	0.000000	0.000000	0.000000	0	eliminated:OFFICE-NOT-AMONG-OBSERVED-ORDERING-ACTIVITIES
cluster-0011	0	N6833522D0037	0.000000	0.000000	0.000000	0	eliminated:OFFICE-NOT-AMONG-OBSERVED-ORDERING-ACTIVITIES
cluster-0011	0	N6833522D0039	0.000000	0.000000	0.000000	0	eliminated:OFFICE-NOT-AMONG-OBSERVED-ORDERING-ACTIVITIES
cluster-0011	0	N6833522G0010	0.000000	0.000000	0.000000	0	eliminated:OFFICE-NOT-AMONG-OBSERVED-ORDERING-ACTIVITIES
cluster-0011	0	N6833522G0029	0.000000	0.000000	0.000000	0	eliminated:OFFICE-NOT-AMONG-OBSERVED-ORDERING-ACTIVITIES
cluster-0011	0	N6833522G0035	0.000000	0.000000	0.000000	0	eliminated:OFFICE-NOT-AMONG-OBSERVED-ORDERING-ACTIVITIES
cluster-0011	0	N6833522G0036	0.000000	0.000000	0.000000	0	eliminated:OFFICE-NOT-AMONG-OBSERVED-ORDERING-ACTIVITIES
cluster-0011	0	N6833522G0041	0.000000	0.000000	0.000000	0	eliminated:OFFICE-NOT-AMONG-OBSERVED-ORDERING-ACTIVITIES
cluster-0011	0	N6833523A0016	0.000000	0.000000	0.000000	0	eliminated:OFFICE-NOT-AMONG-OBSERVED-ORDERING-ACTIVITIES
cluster-0011	0	N6833523A0018	0.000000	0.000000	0.000000	0	eliminated:OFFICE-NOT-AMONG-OBSERVED-ORDERING-ACTIVITIES
cluster-0011	0	N6833523A0020	0.000000	0.000000	0.000000	0	eliminated:OFFICE-NOT-AMONG-OBSERVED-ORDERING-ACTIVITIES
cluster-0011	0	N6833523A0021	0.000000	0.000000	0.000000	0	eliminated:OFFICE-NOT-AMONG-OBSERVED-ORDERING-ACTIVITIES
cluster-0011	0	N6833523A0025	0.000000	0.000000	0.000000	0	eliminated:OFFICE-NOT-AMONG-OBSERVED-ORDERING-ACTIVITIES
cluster-0011	0	N6833523A0027	0.000000	0.000000	0.000000	0	eliminated:OFFICE-NOT-AMONG-OBSERVED-ORDERING-ACTIVITIES
cluster-0011	0	N6833523A0028	0.000000	0.000000	0.000000	0	eliminated:OFFICE-NOT-AMONG-OBSERVED-ORDERING-ACTIVITIES
cluster-0011	0	N6833523A0029	0.000000	0.000000	0.000000	0	eliminated:OFFICE-NOT-AMONG-OBSERVED-ORDERING-ACTIVITIES
cluster-0011	0	N6833523A0030	0.000000	0.000000	0.000000	0	eliminated:OFFICE-NOT-AMONG-OBSERVED-ORDERING-ACTIVITIES
cluster-0011	0	N6833523A0038	0.000000	0.000000	0.000000	0	eliminated:OFFICE-NOT-AMONG-OBSERVED-ORDERING-ACTIVITIES
cluster-0011	0	N6833523A0040	0.000000	0.000000	0.000000	0	eliminated:OFFICE-NOT-AMONG-OBSERVED-ORDERING-ACTIVITIES
cluster-0011	0	N6833523A0041	0.000000	0.000000	0.000000	0	eliminated:OFFICE-NOT-AMONG-OBSERVED-ORDERING-ACTIVITIES
cluster-0011	0	N6833523A0043	0.000000	0.000000	0.000000	0	eliminated:OFFICE-NOT-AMONG-OBSERVED-ORDERING-ACTIVITIES
cluster-0011	0	N6833523A0049	0.000000	0.000000	0.000000	0	eliminated:OFFICE-NOT-AMONG-OBSERVED-ORDERING-ACTIVITIES
cluster-0011	0	N6833523A0051	0.000000	0.000000	0.000000	0	eliminated:OFFICE-NOT-AMONG-OBSERVED-ORDERING-ACTIVITIES
cluster-0011	0	N6833523A0059	0.000000	0.000000	0.000000	0	eliminated:OFFICE-NOT-AMONG-OBSERVED-ORDERING-ACTIVITIES
cluster-0011	0	N6833523A0062	0.000000	0.000000	0.000000	0	eliminated:OFFICE-NOT-AMONG-OBSERVED-ORDERING-ACTIVITIES
cluster-0011	0	N6833523A0120	0.000000	0.000000	0.000000	0	eliminated:OFFICE-NOT-AMONG-OBSERVED-ORDERING-ACTIVITIES
cluster-0011	0	N6833523A0134	0.000000	0.000000	0.000000	0	eliminated:OFFICE-NOT-AMONG-OBSERVED-ORDERING-ACTIVITIES
cluster-0011	0	N6833523A0151	0.000000	0.000000	0.000000	0	eliminated:OFFICE-NOT-AMONG-OBSERVED-ORDERING-ACTIVITIES
cluster-0011	0	N6833523A0153	0.000000	0.000000	0.000000	0	eliminated:OFFICE-NOT-AMONG-OBSERVED-ORDERING-ACTIVITIES
cluster-0011	0	N6833523A0167	0.000000	0.000000	0.000000	0	eliminated:OFFICE-NOT-AMONG-OBSERVED-ORDERING-ACTIVITIES
cluster-0011	0	N6833523A0194	0.000000	0.000000	0.000000	0	eliminated:OFFICE-NOT-AMONG-OBSERVED-ORDERING-ACTIVITIES
cluster-0011	0	N6833523D0001	0.000000	0.000000	0.000000	0	eliminated:OFFICE-NOT-AMONG-OBSERVED-ORDERING-ACTIVITIES
cluster-0011	0	N6833523D0003	0.000000	0.000000	0.000000	0	eliminated:OFFICE-NOT-AMONG-OBSERVED-ORDERING-ACTIVITIES
cluster-0011	0	N6833523D0004	0.000000	0.000000	0.000000	0	eliminated:OFFICE-NOT-AMONG-OBSERVED-ORDERING-ACTIVITIES
cluster-0011	0	N6833523D0010	0.000000	0.000000	0.000000	0	eliminated:OFFICE-NOT-AMONG-OBSERVED-ORDERING-ACTIVITIES
cluster-0011	0	N6833523D0017	0.000000	0.000000	0.000000	0	eliminated:OFFICE-NOT-AMONG-OBSERVED-ORDERING-ACTIVITIES
cluster-0011	0	N6833523D0025	0.000000	0.000000	0.000000	0	eliminated:OFFICE-NOT-AMONG-OBSERVED-ORDERING-ACTIVITIES
cluster-0011	0	N6833523D0029	0.000000	0.000000	0.000000	0	eliminated:OFFICE-NOT-AMONG-OBSERVED-ORDERING-ACTIVITIES
cluster-0011	0	N6833523D0035	0.000000	0.000000	0.000000	0	eliminated:OFFICE-NOT-AMONG-OBSERVED-ORDERING-ACTIVITIES
cluster-0011	0	N6833523D0046	0.000000	0.000000	0.000000	0	eliminated:OFFICE-NOT-AMONG-OBSERVED-ORDERING-ACTIVITIES
cluster-0011	0	N6833523G0001	0.000000	0.000000	0.000000	0	eliminated:OFFICE-NOT-AMONG-OBSERVED-ORDERING-ACTIVITIES
cluster-0011	0	N6833523G0004	0.000000	0.000000	0.000000	0	eliminated:OFFICE-NOT-AMONG-OBSERVED-ORDERING-ACTIVITIES
cluster-0011	0	N6833524A0002	0.000000	0.000000	0.000000	0	eliminated:OFFICE-NOT-AMONG-OBSERVED-ORDERING-ACTIVITIES
cluster-0011	0	N6833524A0007	0.000000	0.000000	0.000000	0	eliminated:OFFICE-NOT-AMONG-OBSERVED-ORDERING-ACTIVITIES
cluster-0011	0	N6833524A0016	0.000000	0.000000	0.000000	0	eliminated:OFFICE-NOT-AMONG-OBSERVED-ORDERING-ACTIVITIES
cluster-0011	0	N6833524A0026	0.000000	0.000000	0.000000	0	eliminated:OFFICE-NOT-AMONG-OBSERVED-ORDERING-ACTIVITIES
cluster-0011	0	N6833524A0032	0.000000	0.000000	0.000000	0	eliminated:OFFICE-NOT-AMONG-OBSERVED-ORDERING-ACTIVITIES
cluster-0011	0	N6833524A0033	0.000000	0.000000	0.000000	0	eliminated:OFFICE-NOT-AMONG-OBSERVED-ORDERING-ACTIVITIES
cluster-0011	0	N6833524A0040	0.000000	0.000000	0.000000	0	eliminated:OFFICE-NOT-AMONG-OBSERVED-ORDERING-ACTIVITIES
cluster-0011	0	N6833524D0002	0.000000	0.000000	0.000000	0	eliminated:OFFICE-NOT-AMONG-OBSERVED-ORDERING-ACTIVITIES
cluster-0011	0	N6833524D0003	0.000000	0.000000	0.000000	0	eliminated:OFFICE-NOT-AMONG-OBSERVED-ORDERING-ACTIVITIES
cluster-0011	0	N6833524D0009	0.000000	0.000000	0.000000	0	eliminated:OFFICE-NOT-AMONG-OBSERVED-ORDERING-ACTIVITIES
cluster-0011	0	N6833524D0010	0.000000	0.000000	0.000000	0	eliminated:OFFICE-NOT-AMONG-OBSERVED-ORDERING-ACTIVITIES
cluster-0011	0	N6833524D0018	0.000000	0.000000	0.000000	0	eliminated:OFFICE-NOT-AMONG-OBSERVED-ORDERING-ACTIVITIES
cluster-0011	0	N6833524D0019	0.000000	0.000000	0.000000	0	eliminated:OFFICE-NOT-AMONG-OBSERVED-ORDERING-ACTIVITIES
cluster-0011	0	N6833524D0020	0.000000	0.000000	0.000000	0	eliminated:OFFICE-NOT-AMONG-OBSERVED-ORDERING-ACTIVITIES
cluster-0011	0	N6833524D0021	0.000000	0.000000	0.000000	0	eliminated:OFFICE-NOT-AMONG-OBSERVED-ORDERING-ACTIVITIES
cluster-0011	0	N6833524D0023	0.000000	0.000000	0.000000	0	eliminated:OFFICE-NOT-AMONG-OBSERVED-ORDERING-ACTIVITIES
cluster-0011	0	N6833524G0007	0.000000	0.000000	0.000000	0	eliminated:OFFICE-NOT-AMONG-OBSERVED-ORDERING-ACTIVITIES
cluster-0011	0	N6833524G0009	0.000000	0.000000	0.000000	0	eliminated:OFFICE-NOT-AMONG-OBSERVED-ORDERING-ACTIVITIES
cluster-0011	0	N6833524G0021	0.000000	0.000000	0.000000	0	eliminated:OFFICE-NOT-AMONG-OBSERVED-ORDERING-ACTIVITIES
cluster-0011	0	N6833524G0028	0.000000	0.000000	0.000000	0	eliminated:OFFICE-NOT-AMONG-OBSERVED-ORDERING-ACTIVITIES
cluster-0011	0	N6833524G0038	0.000000	0.000000	0.000000	0	eliminated:OFFICE-NOT-AMONG-OBSERVED-ORDERING-ACTIVITIES
cluster-0011	0	N6833525A0007	0.000000	0.000000	0.000000	0	eliminated:OFFICE-NOT-AMONG-OBSERVED-ORDERING-ACTIVITIES
cluster-0011	0	N6833525A0008	0.000000	0.000000	0.000000	0	eliminated:OFFICE-NOT-AMONG-OBSERVED-ORDERING-ACTIVITIES
cluster-0011	0	N6833525A0038	0.000000	0.000000	0.000000	0	eliminated:OFFICE-NOT-AMONG-OBSERVED-ORDERING-ACTIVITIES
cluster-0011	0	N6833525D0001	0.000000	0.000000	0.000000	0	eliminated:OFFICE-NOT-AMONG-OBSERVED-ORDERING-ACTIVITIES
cluster-0011	0	N6833525D0004	0.000000	0.000000	0.000000	0	eliminated:OFFICE-NOT-AMONG-OBSERVED-ORDERING-ACTIVITIES
cluster-0011	0	N6833525D0005	0.000000	0.000000	0.000000	0	eliminated:OFFICE-NOT-AMONG-OBSERVED-ORDERING-ACTIVITIES
cluster-0011	0	N6833525D0010	0.000000	0.000000	0.000000	0	eliminated:OFFICE-NOT-AMONG-OBSERVED-ORDERING-ACTIVITIES
cluster-0011	0	N6852020D0012	0.000000	0.000000	0.000000	0	eliminated:OFFICE-NOT-AMONG-OBSERVED-ORDERING-ACTIVITIES
cluster-0011	0	N6852021D0002	0.000000	0.000000	0.000000	0	eliminated:OFFICE-NOT-AMONG-OBSERVED-ORDERING-ACTIVITIES
cluster-0011	0	N6852021D0004	0.000000	0.000000	0.000000	0	eliminated:OFFICE-NOT-AMONG-OBSERVED-ORDERING-ACTIVITIES
cluster-0011	0	N6852021D0005	0.000000	0.000000	0.000000	0	eliminated:OFFICE-NOT-AMONG-OBSERVED-ORDERING-ACTIVITIES
cluster-0011	0	N6852021D0006	0.000000	0.000000	0.000000	0	eliminated:OFFICE-NOT-AMONG-OBSERVED-ORDERING-ACTIVITIES
cluster-0011	0	N6852022D0003	0.000000	0.000000	0.000000	0	eliminated:OFFICE-NOT-AMONG-OBSERVED-ORDERING-ACTIVITIES
cluster-0011	0	N6852023D0001	0.000000	0.000000	0.000000	0	eliminated:OFFICE-NOT-AMONG-OBSERVED-ORDERING-ACTIVITIES
cluster-0011	0	N6852023D0011	0.000000	0.000000	0.000000	0	eliminated:OFFICE-NOT-AMONG-OBSERVED-ORDERING-ACTIVITIES
cluster-0011	0	N6852023D0012	0.000000	0.000000	0.000000	0	eliminated:OFFICE-NOT-AMONG-OBSERVED-ORDERING-ACTIVITIES
cluster-0011	0	N6852023D0013	0.000000	0.000000	0.000000	0	eliminated:OFFICE-NOT-AMONG-OBSERVED-ORDERING-ACTIVITIES
cluster-0011	0	N6852023D0014	0.000000	0.000000	0.000000	0	eliminated:OFFICE-NOT-AMONG-OBSERVED-ORDERING-ACTIVITIES
cluster-0011	0	N6852023D0111	0.000000	0.000000	0.000000	0	eliminated:OFFICE-NOT-AMONG-OBSERVED-ORDERING-ACTIVITIES
cluster-0011	0	N6852024A0004	0.000000	0.000000	0.000000	0	eliminated:OFFICE-NOT-AMONG-OBSERVED-ORDERING-ACTIVITIES
cluster-0011	0	N6852025D0001	0.000000	0.000000	0.000000	0	eliminated:OFFICE-NOT-AMONG-OBSERVED-ORDERING-ACTIVITIES
cluster-0011	0	N6883621A0003	0.000000	0.000000	0.000000	0	eliminated:OFFICE-NOT-AMONG-OBSERVED-ORDERING-ACTIVITIES
cluster-0011	0	N6893614D0008	0.000000	0.000000	0.000000	0	eliminated:OFFICE-NOT-AMONG-OBSERVED-ORDERING-ACTIVITIES
cluster-0011	0	N6893615D0015	0.000000	0.000000	0.000000	0	eliminated:OFFICE-NOT-AMONG-OBSERVED-ORDERING-ACTIVITIES
cluster-0011	0	N6893616D0016	0.000000	0.000000	0.000000	0	eliminated:OFFICE-NOT-AMONG-OBSERVED-ORDERING-ACTIVITIES
cluster-0011	0	N6893616D0018	0.000000	0.000000	0.000000	0	eliminated:OFFICE-NOT-AMONG-OBSERVED-ORDERING-ACTIVITIES
cluster-0011	0	N6893617D0010	0.000000	0.000000	0.000000	0	eliminated:OFFICE-NOT-AMONG-OBSERVED-ORDERING-ACTIVITIES
cluster-0011	0	N6893618D0006	0.000000	0.000000	0.000000	0	eliminated:OFFICE-NOT-AMONG-OBSERVED-ORDERING-ACTIVITIES
cluster-0011	0	N6893618D0012	0.000000	0.000000	0.000000	0	eliminated:OFFICE-NOT-AMONG-OBSERVED-ORDERING-ACTIVITIES
cluster-0011	0	N6893618D0014	0.000000	0.000000	0.000000	0	eliminated:OFFICE-NOT-AMONG-OBSERVED-ORDERING-ACTIVITIES
cluster-0011	0	N6893618D0015	0.000000	0.000000	0.000000	0	eliminated:OFFICE-NOT-AMONG-OBSERVED-ORDERING-ACTIVITIES
cluster-0011	0	N6893618D0026	0.000000	0.000000	0.000000	0	eliminated:OFFICE-NOT-AMONG-OBSERVED-ORDERING-ACTIVITIES
cluster-0011	0	N6893618D0029	0.000000	0.000000	0.000000	0	eliminated:OFFICE-NOT-AMONG-OBSERVED-ORDERING-ACTIVITIES
cluster-0011	0	N6893618D0036	0.000000	0.000000	0.000000	0	eliminated:OFFICE-NOT-AMONG-OBSERVED-ORDERING-ACTIVITIES
cluster-0011	0	N6893619D0001	0.000000	0.000000	0.000000	0	eliminated:OFFICE-NOT-AMONG-OBSERVED-ORDERING-ACTIVITIES
cluster-0011	0	N6893619D0007	0.000000	0.000000	0.000000	0	eliminated:OFFICE-NOT-AMONG-OBSERVED-ORDERING-ACTIVITIES
cluster-0011	0	N6893619D0008	0.000000	0.000000	0.000000	0	eliminated:OFFICE-NOT-AMONG-OBSERVED-ORDERING-ACTIVITIES
cluster-0011	0	N6893619D0017	0.000000	0.000000	0.000000	0	eliminated:OFFICE-NOT-AMONG-OBSERVED-ORDERING-ACTIVITIES
cluster-0011	0	N6893619D0020	0.000000	0.000000	0.000000	0	eliminated:OFFICE-NOT-AMONG-OBSERVED-ORDERING-ACTIVITIES
cluster-0011	0	N6893619D0027	0.000000	0.000000	0.000000	0	eliminated:OFFICE-NOT-AMONG-OBSERVED-ORDERING-ACTIVITIES
cluster-0011	0	N6893619D0035	0.000000	0.000000	0.000000	0	eliminated:OFFICE-NOT-AMONG-OBSERVED-ORDERING-ACTIVITIES
cluster-0011	0	N6893619D0048	0.000000	0.000000	0.000000	0	eliminated:OFFICE-NOT-AMONG-OBSERVED-ORDERING-ACTIVITIES
cluster-0011	0	N6893620D0001	0.000000	0.000000	0.000000	0	eliminated:OFFICE-NOT-AMONG-OBSERVED-ORDERING-ACTIVITIES
cluster-0011	0	N6893620D0005	0.000000	0.000000	0.000000	0	eliminated:OFFICE-NOT-AMONG-OBSERVED-ORDERING-ACTIVITIES
cluster-0011	0	N6893620D0007	0.000000	0.000000	0.000000	0	eliminated:OFFICE-NOT-AMONG-OBSERVED-ORDERING-ACTIVITIES
cluster-0011	0	N6893620D0014	0.000000	0.000000	0.000000	0	eliminated:OFFICE-NOT-AMONG-OBSERVED-ORDERING-ACTIVITIES
cluster-0011	0	N6893620D0015	0.000000	0.000000	0.000000	0	eliminated:OFFICE-NOT-AMONG-OBSERVED-ORDERING-ACTIVITIES
cluster-0011	0	N6893620D0016	0.000000	0.000000	0.000000	0	eliminated:OFFICE-NOT-AMONG-OBSERVED-ORDERING-ACTIVITIES
cluster-0011	0	N6893620D0018	0.000000	0.000000	0.000000	0	eliminated:OFFICE-NOT-AMONG-OBSERVED-ORDERING-ACTIVITIES
cluster-0011	0	N6893620D0024	0.000000	0.000000	0.000000	0	eliminated:OFFICE-NOT-AMONG-OBSERVED-ORDERING-ACTIVITIES
cluster-0011	0	N6893620D0033	0.000000	0.000000	0.000000	0	eliminated:OFFICE-NOT-AMONG-OBSERVED-ORDERING-ACTIVITIES
cluster-0011	0	N6893621D0001	0.000000	0.000000	0.000000	0	eliminated:OFFICE-NOT-AMONG-OBSERVED-ORDERING-ACTIVITIES
cluster-0011	0	N6893621D0007	0.000000	0.000000	0.000000	0	eliminated:OFFICE-NOT-AMONG-OBSERVED-ORDERING-ACTIVITIES
cluster-0011	0	N6893621D0009	0.000000	0.000000	0.000000	0	eliminated:OFFICE-NOT-AMONG-OBSERVED-ORDERING-ACTIVITIES
cluster-0011	0	N6893621D0010	0.000000	0.000000	0.000000	0	eliminated:OFFICE-NOT-AMONG-OBSERVED-ORDERING-ACTIVITIES
cluster-0011	0	N6893621D0011	0.000000	0.000000	0.000000	0	eliminated:OFFICE-NOT-AMONG-OBSERVED-ORDERING-ACTIVITIES
cluster-0011	0	N6893621D0016	0.000000	0.000000	0.000000	0	eliminated:OFFICE-NOT-AMONG-OBSERVED-ORDERING-ACTIVITIES
cluster-0011	0	N6893621D0017	0.000000	0.000000	0.000000	0	eliminated:OFFICE-NOT-AMONG-OBSERVED-ORDERING-ACTIVITIES
cluster-0011	0	N6893621D0024	0.000000	0.000000	0.000000	0	eliminated:OFFICE-NOT-AMONG-OBSERVED-ORDERING-ACTIVITIES
cluster-0011	0	N6893621D0026	0.000000	0.000000	0.000000	0	eliminated:OFFICE-NOT-AMONG-OBSERVED-ORDERING-ACTIVITIES
cluster-0011	0	N6893621D0043	0.000000	0.000000	0.000000	0	eliminated:OFFICE-NOT-AMONG-OBSERVED-ORDERING-ACTIVITIES
cluster-0011	0	N6893621D0044	0.000000	0.000000	0.000000	0	eliminated:OFFICE-NOT-AMONG-OBSERVED-ORDERING-ACTIVITIES
cluster-0011	0	N6893621D0045	0.000000	0.000000	0.000000	0	eliminated:OFFICE-NOT-AMONG-OBSERVED-ORDERING-ACTIVITIES
cluster-0011	0	N6893621D0046	0.000000	0.000000	0.000000	0	eliminated:OFFICE-NOT-AMONG-OBSERVED-ORDERING-ACTIVITIES
cluster-0011	0	N6893621D0051	0.000000	0.000000	0.000000	0	eliminated:OFFICE-NOT-AMONG-OBSERVED-ORDERING-ACTIVITIES
cluster-0011	0	N6893622D0002	0.000000	0.000000	0.000000	0	eliminated:OFFICE-NOT-AMONG-OBSERVED-ORDERING-ACTIVITIES
cluster-0011	0	N6893622D0004	0.000000	0.000000	0.000000	0	eliminated:OFFICE-NOT-AMONG-OBSERVED-ORDERING-ACTIVITIES
cluster-0011	0	N6893622D0007	0.000000	0.000000	0.000000	0	eliminated:OFFICE-NOT-AMONG-OBSERVED-ORDERING-ACTIVITIES
cluster-0011	0	N6893622D0008	0.000000	0.000000	0.000000	0	eliminated:OFFICE-NOT-AMONG-OBSERVED-ORDERING-ACTIVITIES
cluster-0011	0	N6893622D0009	0.000000	0.000000	0.000000	0	eliminated:OFFICE-NOT-AMONG-OBSERVED-ORDERING-ACTIVITIES
cluster-0011	0	N6893622D0010	0.000000	0.000000	0.000000	0	eliminated:OFFICE-NOT-AMONG-OBSERVED-ORDERING-ACTIVITIES
cluster-0011	0	N6893622D0011	0.000000	0.000000	0.000000	0	eliminated:OFFICE-NOT-AMONG-OBSERVED-ORDERING-ACTIVITIES
cluster-0011	0	N6893622D0014	0.000000	0.000000	0.000000	0	eliminated:OFFICE-NOT-AMONG-OBSERVED-ORDERING-ACTIVITIES
cluster-0011	0	N6893622D0015	0.000000	0.000000	0.000000	0	eliminated:OFFICE-NOT-AMONG-OBSERVED-ORDERING-ACTIVITIES
cluster-0011	0	N6893622D0017	0.000000	0.000000	0.000000	0	eliminated:OFFICE-NOT-AMONG-OBSERVED-ORDERING-ACTIVITIES
cluster-0011	0	N6893622D0018	0.000000	0.000000	0.000000	0	eliminated:OFFICE-NOT-AMONG-OBSERVED-ORDERING-ACTIVITIES
cluster-0011	0	N6893622D0021	0.000000	0.000000	0.000000	0	eliminated:OFFICE-NOT-AMONG-OBSERVED-ORDERING-ACTIVITIES
cluster-0011	0	N6893622D0024	0.000000	0.000000	0.000000	0	eliminated:OFFICE-NOT-AMONG-OBSERVED-ORDERING-ACTIVITIES
cluster-0011	0	N6893622D0025	0.000000	0.000000	0.000000	0	eliminated:OFFICE-NOT-AMONG-OBSERVED-ORDERING-ACTIVITIES
cluster-0011	0	N6893622D0026	0.000000	0.000000	0.000000	0	eliminated:OFFICE-NOT-AMONG-OBSERVED-ORDERING-ACTIVITIES
cluster-0011	0	N6893622D0027	0.000000	0.000000	0.000000	0	eliminated:OFFICE-NOT-AMONG-OBSERVED-ORDERING-ACTIVITIES
cluster-0011	0	N6893622D0028	0.000000	0.000000	0.000000	0	eliminated:OFFICE-NOT-AMONG-OBSERVED-ORDERING-ACTIVITIES
cluster-0011	0	N6893622D0032	0.000000	0.000000	0.000000	0	eliminated:OFFICE-NOT-AMONG-OBSERVED-ORDERING-ACTIVITIES
cluster-0011	0	N6893622D0034	0.000000	0.000000	0.000000	0	eliminated:OFFICE-NOT-AMONG-OBSERVED-ORDERING-ACTIVITIES
cluster-0011	0	N6893622D0036	0.000000	0.000000	0.000000	0	eliminated:OFFICE-NOT-AMONG-OBSERVED-ORDERING-ACTIVITIES
cluster-0011	0	N6893622D0038	0.000000	0.000000	0.000000	0	eliminated:OFFICE-NOT-AMONG-OBSERVED-ORDERING-ACTIVITIES
cluster-0011	0	N6893622D0041	0.000000	0.000000	0.000000	0	eliminated:OFFICE-NOT-AMONG-OBSERVED-ORDERING-ACTIVITIES
cluster-0011	0	N6893623D0001	0.000000	0.000000	0.000000	0	eliminated:OFFICE-NOT-AMONG-OBSERVED-ORDERING-ACTIVITIES
cluster-0011	0	N6893623D0013	0.000000	0.000000	0.000000	0	eliminated:OFFICE-NOT-AMONG-OBSERVED-ORDERING-ACTIVITIES
cluster-0011	0	N6893623D0014	0.000000	0.000000	0.000000	0	eliminated:OFFICE-NOT-AMONG-OBSERVED-ORDERING-ACTIVITIES
cluster-0011	0	N6893623D0018	0.000000	0.000000	0.000000	0	eliminated:OFFICE-NOT-AMONG-OBSERVED-ORDERING-ACTIVITIES
cluster-0011	0	N6893623D0019	0.000000	0.000000	0.000000	0	eliminated:OFFICE-NOT-AMONG-OBSERVED-ORDERING-ACTIVITIES
cluster-0011	0	N6893623D0021	0.000000	0.000000	0.000000	0	eliminated:OFFICE-NOT-AMONG-OBSERVED-ORDERING-ACTIVITIES
cluster-0011	0	N6893623D0023	0.000000	0.000000	0.000000	0	eliminated:OFFICE-NOT-AMONG-OBSERVED-ORDERING-ACTIVITIES
cluster-0011	0	N6893623D0025	0.000000	0.000000	0.000000	0	eliminated:OFFICE-NOT-AMONG-OBSERVED-ORDERING-ACTIVITIES
cluster-0011	0	N6893623D0026	0.000000	0.000000	0.000000	0	eliminated:OFFICE-NOT-AMONG-OBSERVED-ORDERING-ACTIVITIES
cluster-0011	0	N6893623D0028	0.000000	0.000000	0.000000	0	eliminated:OFFICE-NOT-AMONG-OBSERVED-ORDERING-ACTIVITIES
cluster-0011	0	N6893623D0029	0.000000	0.000000	0.000000	0	eliminated:OFFICE-NOT-AMONG-OBSERVED-ORDERING-ACTIVITIES
cluster-0011	0	N6893623D0033	0.000000	0.000000	0.000000	0	eliminated:OFFICE-NOT-AMONG-OBSERVED-ORDERING-ACTIVITIES
cluster-0011	0	N6893623D0034	0.000000	0.000000	0.000000	0	eliminated:OFFICE-NOT-AMONG-OBSERVED-ORDERING-ACTIVITIES
cluster-0011	0	N6893623D0036	0.000000	0.000000	0.000000	0	eliminated:OFFICE-NOT-AMONG-OBSERVED-ORDERING-ACTIVITIES
cluster-0011	0	N6893623D0037	0.000000	0.000000	0.000000	0	eliminated:OFFICE-NOT-AMONG-OBSERVED-ORDERING-ACTIVITIES
cluster-0011	0	N6893623D0039	0.000000	0.000000	0.000000	0	eliminated:OFFICE-NOT-AMONG-OBSERVED-ORDERING-ACTIVITIES
cluster-0011	0	N6893623D0041	0.000000	0.000000	0.000000	0	eliminated:OFFICE-NOT-AMONG-OBSERVED-ORDERING-ACTIVITIES
cluster-0011	0	N6893623D0042	0.000000	0.000000	0.000000	0	eliminated:OFFICE-NOT-AMONG-OBSERVED-ORDERING-ACTIVITIES
cluster-0011	0	N6893623D0045	0.000000	0.000000	0.000000	0	eliminated:OFFICE-NOT-AMONG-OBSERVED-ORDERING-ACTIVITIES
cluster-0011	0	N6893623D0046	0.000000	0.000000	0.000000	0	eliminated:OFFICE-NOT-AMONG-OBSERVED-ORDERING-ACTIVITIES
cluster-0011	0	N6893623D0047	0.000000	0.000000	0.000000	0	eliminated:OFFICE-NOT-AMONG-OBSERVED-ORDERING-ACTIVITIES
cluster-0011	0	N6893623D0051	0.000000	0.000000	0.000000	0	eliminated:OFFICE-NOT-AMONG-OBSERVED-ORDERING-ACTIVITIES
cluster-0011	0	N6893623D0054	0.000000	0.000000	0.000000	0	eliminated:OFFICE-NOT-AMONG-OBSERVED-ORDERING-ACTIVITIES
cluster-0011	0	N6893624D0001	0.000000	0.000000	0.000000	0	eliminated:OFFICE-NOT-AMONG-OBSERVED-ORDERING-ACTIVITIES
cluster-0011	0	N6893624D0002	0.000000	0.000000	0.000000	0	eliminated:OFFICE-NOT-AMONG-OBSERVED-ORDERING-ACTIVITIES
cluster-0011	0	N6893624D0003	0.000000	0.000000	0.000000	0	eliminated:OFFICE-NOT-AMONG-OBSERVED-ORDERING-ACTIVITIES
cluster-0011	0	N6893624D0004	0.000000	0.000000	0.000000	0	eliminated:OFFICE-NOT-AMONG-OBSERVED-ORDERING-ACTIVITIES
cluster-0011	0	N6893624D0006	0.000000	0.000000	0.000000	0	eliminated:OFFICE-NOT-AMONG-OBSERVED-ORDERING-ACTIVITIES
cluster-0011	0	N6893624D0007	0.000000	0.000000	0.000000	0	eliminated:OFFICE-NOT-AMONG-OBSERVED-ORDERING-ACTIVITIES
cluster-0011	0	N6893624D0008	0.000000	0.000000	0.000000	0	eliminated:OFFICE-NOT-AMONG-OBSERVED-ORDERING-ACTIVITIES
cluster-0011	0	N6893624D0009	0.000000	0.000000	0.000000	0	eliminated:OFFICE-NOT-AMONG-OBSERVED-ORDERING-ACTIVITIES
cluster-0011	0	N6893624D0012	0.000000	0.000000	0.000000	0	eliminated:OFFICE-NOT-AMONG-OBSERVED-ORDERING-ACTIVITIES
cluster-0011	0	N6893624D0013	0.000000	0.000000	0.000000	0	eliminated:OFFICE-NOT-AMONG-OBSERVED-ORDERING-ACTIVITIES
cluster-0011	0	N6893624D0015	0.000000	0.000000	0.000000	0	eliminated:OFFICE-NOT-AMONG-OBSERVED-ORDERING-ACTIVITIES
cluster-0011	0	N6893624D0017	0.000000	0.000000	0.000000	0	eliminated:OFFICE-NOT-AMONG-OBSERVED-ORDERING-ACTIVITIES
cluster-0011	0	N6893624D0020	0.000000	0.000000	0.000000	0	eliminated:OFFICE-NOT-AMONG-OBSERVED-ORDERING-ACTIVITIES
cluster-0011	0	N6893624D0022	0.000000	0.000000	0.000000	0	eliminated:OFFICE-NOT-AMONG-OBSERVED-ORDERING-ACTIVITIES
cluster-0011	0	N6893624D0023	0.000000	0.000000	0.000000	0	eliminated:OFFICE-NOT-AMONG-OBSERVED-ORDERING-ACTIVITIES
cluster-0011	0	N6893624D0025	0.000000	0.000000	0.000000	0	eliminated:OFFICE-NOT-AMONG-OBSERVED-ORDERING-ACTIVITIES
cluster-0011	0	N6893625D0001	0.000000	0.000000	0.000000	0	eliminated:OFFICE-NOT-AMONG-OBSERVED-ORDERING-ACTIVITIES
cluster-0011	0	N6893625D0008	0.000000	0.000000	0.000000	0	eliminated:OFFICE-NOT-AMONG-OBSERVED-ORDERING-ACTIVITIES
cluster-0011	0	N6893625D0011	0.000000	0.000000	0.000000	0	eliminated:OFFICE-NOT-AMONG-OBSERVED-ORDERING-ACTIVITIES
cluster-0011	0	N6893625D0013	0.000000	0.000000	0.000000	0	eliminated:OFFICE-NOT-AMONG-OBSERVED-ORDERING-ACTIVITIES
cluster-0011	0	SPE4A123G0002	0.000000	0.000000	0.000000	0	eliminated:OFFICE-NOT-AMONG-OBSERVED-ORDERING-ACTIVITIES
cluster-0011	0	W15QKN15D0001	0.000000	0.000000	0.000000	0	eliminated:OFFICE-NOT-AMONG-OBSERVED-ORDERING-ACTIVITIES
cluster-0012	1	N0042120D0010	0.065400	0.109000	0.000000	1	candidate
cluster-0012	2	N6833521D0049	0.055635	0.092725	0.000000	1	candidate
cluster-0012	3	N6893621D0001	0.050737	0.084561	0.000000	1	candidate
cluster-0012	4	N0042123D0007	0.049653	0.082756	0.000000	1	below-floor
cluster-0012	5	N6134019D1006	0.049433	0.082388	0.000000	1	below-floor
cluster-0012	6	N0042120D0012	0.049259	0.082098	0.000000	1	below-floor
cluster-0012	7	N0001921D0004	0.048672	0.081121	0.000000	1	below-floor
cluster-0012	8	N6833524D0020	0.046234	0.077057	0.000000	1	below-floor
cluster-0012	9	N0042118D0042	0.044788	0.074647	0.000000	1	below-floor
cluster-0012	10	N0001918D0123	0.044008	0.073347	0.000000	1	below-floor
cluster-0012	11	NAWCTSD-FTSS-V	0.043623	0.072706	0.000000	1	below-floor
cluster-0012	12	N0001922D0040	0.043519	0.072531	0.000000	1	below-floor
cluster-0012	13	N0042121D0008	0.043515	0.072525	0.000000	1	below-floor
cluster-0012	14	N6852020D0012	0.043479	0.072464	0.000000	1	below-floor
cluster-0012	15	N6833522D0004	0.043233	0.072055	0.000000	1	below-floor
cluster-0012	16	N0042118D0044	0.042597	0.070995	0.000000	1	below-floor
cluster-0012	17	N0042119D0075	0.042499	0.070832	0.000000	1	below-floor
cluster-0012	18	N0001925D0016	0.040532	0.067554	0.000000	1	below-floor
cluster-0012	19	N0001922D0004	0.040050	0.066749	0.000000	1	below-floor
cluster-0012	20	N6134018D0002	0.039981	0.066634	0.000000	1	below-floor
cluster-0012	21	N6833523D0025	0.039960	0.066600	0.000000	1	below-floor
cluster-0012	22	N6893622D0009	0.039591	0.065984	0.000000	1	below-floor
cluster-0012	23	N6833523D0004	0.038638	0.064397	0.000000	1	below-floor
cluster-0012	24	N6134016D1005	0.038543	0.064238	0.000000	1	below-floor
cluster-0012	25	N6134023D0008	0.037300	0.062166	0.000000	1	below-floor
cluster-0012	26	N0042120D0073	0.037206	0.062010	0.000000	1	below-floor
cluster-0012	27	N6893620D0033	0.036761	0.061269	0.000000	1	below-floor
cluster-0012	28	N0001920D0001	0.036022	0.060037	0.000000	1	below-floor
cluster-0012	29	N0001920D0004	0.035113	0.058522	0.000000	1	below-floor
cluster-0012	30	N6833523D0003	0.034192	0.056987	0.000000	1	below-floor
cluster-0012	31	N0042119D0055	0.034147	0.056912	0.000000	1	below-floor
cluster-0012	32	N6134021D0016	0.033815	0.056359	0.000000	1	below-floor
cluster-0012	33	N0001918D0111	0.033561	0.055935	0.000000	1	below-floor
cluster-0012	34	N0042122D0094	0.033096	0.055159	0.000000	1	below-floor
cluster-0012	35	N6852025D0001	0.031285	0.052142	0.000000	1	below-floor
cluster-0012	36	N0001922D0042	0.031088	0.051814	0.000000	1	below-floor
cluster-0012	37	N6893621D0011	0.030888	0.051481	0.000000	1	below-floor
cluster-0012	38	N0001918D0110	0.030255	0.050425	0.000000	1	below-floor
cluster-0012	39	N0042119D0033	0.030151	0.050252	0.000000	1	below-floor
cluster-0012	40	N0001923D0013	0.029969	0.049948	0.000000	1	below-floor
cluster-0012	41	N0042118D0054	0.029964	0.049940	0.000000	1	below-floor
cluster-0012	42	N6833521D0048	0.029867	0.049778	0.000000	1	below-floor
cluster-0012	43	N0001917D0089	0.029229	0.048715	0.000000	1	below-floor
cluster-0012	44	N6893625D0001	0.028893	0.048155	0.000000	1	below-floor
cluster-0012	45	NAWCTSD-TSC-IV	0.028883	0.048138	0.000000	1	below-floor
cluster-0012	46	NAWCTSD-PACRM	0.027871	0.046452	0.000000	1	below-floor
cluster-0012	47	N6134021D0013	0.027594	0.045989	0.000000	1	below-floor
cluster-0012	48	N6833520D0032	0.027269	0.045448	0.000000	1	below-floor
cluster-0012	49	N0001922D0001	0.026815	0.044691	0.000000	1	below-floor
cluster-0012	50	N6833521D0227	0.026221	0.043702	0.000000	1	below-floor
cluster-0012	51	N0001922D0003	0.026216	0.043694	0.000000	1	below-floor
cluster-0012	52	N6134016D1003	0.026212	0.043687	0.000000	1	below-floor
cluster-0012	53	N0001925D0012	0.026043	0.043405	0.000000	1	below-floor
cluster-0012	54	N0001920D0017	0.025899	0.043164	0.000000	1	below-floor
cluster-0012	55	N0042119D0035	0.025841	0.043069	0.000000	1	below-floor
cluster-0012	56	N6852021D0002	0.025465	0.042442	0.000000	1	below-floor
cluster-0012	57	N0042118D0016	0.025424	0.042374	0.000000	1	below-floor
cluster-0012	58	N0042120D0072	0.025287	0.042145	0.000000	1	below-floor
cluster-0012	59	N6833525D0005	0.025202	0.042003	0.000000	1	below-floor
cluster-0012	60	N0001924D0126	0.023962	0.039937	0.000000	1	below-floor
cluster-0012	61	N6833525D0004	0.023254	0.038757	0.000000	1	below-floor
cluster-0012	62	N6833519D0082	0.023122	0.038537	0.000000	1	below-floor
cluster-0012	63	N6833521D0214	0.022965	0.038275	0.000000	1	below-floor
cluster-0012	64	N0001920D0023	0.022653	0.037755	0.000000	1	below-floor
cluster-0012	65	N0001920D0106	0.021936	0.036560	0.000000	1	below-floor
cluster-0012	66	N0042119D0066	0.021885	0.036475	0.000000	1	below-floor
cluster-0012	67	N6134022D0004	0.021724	0.036206	0.000000	1	below-floor
cluster-0012	68	N0042118D0028	0.021679	0.036132	0.000000	1	below-floor
cluster-0012	69	N6893625D0013	0.021572	0.035954	0.000000	1	below-floor
cluster-0012	70	N0042124D0020	0.021055	0.035091	0.000000	1	below-floor
cluster-0012	71	N6893624D0008	0.020737	0.034562	0.000000	1	below-floor
cluster-0012	72	N6893621D0044	0.020588	0.034313	0.000000	1	below-floor
cluster-0012	73	N6134019D1010	0.020500	0.034167	0.000000	1	below-floor
cluster-0012	74	N0042124D0011	0.020478	0.034130	0.000000	1	below-floor
cluster-0012	75	N6893624D0015	0.019950	0.033250	0.000000	1	below-floor
cluster-0012	76	N6893624D0002	0.019653	0.032755	0.000000	1	below-floor
cluster-0012	77	N0042120D0007	0.019379	0.032298	0.000000	1	below-floor
cluster-0012	78	N6134022D0008	0.019182	0.031970	0.000000	1	below-floor
cluster-0012	79	N0042117D0032	0.018978	0.031629	0.000000	1	below-floor
cluster-0012	80	N0001919D0023	0.018785	0.031308	0.000000	1	below-floor
cluster-0012	81	N6893622D0010	0.018175	0.030291	0.000000	1	below-floor
cluster-0012	82	N6833520D0935	0.017995	0.029991	0.000000	1	below-floor
cluster-0012	83	N0042119D0047	0.017760	0.029600	0.000000	1	below-floor
cluster-0012	84	N6833519D0135	0.017711	0.029518	0.000000	1	below-floor
cluster-0012	85	N6893622D0018	0.017678	0.029463	0.000000	1	below-floor
cluster-0012	86	NAWCAD-SCI-MAC	0.017637	0.029395	0.000000	1	below-floor
cluster-0012	87	N6833523D0035	0.017389	0.028982	0.000000	1	below-floor
cluster-0012	88	N6893623D0047	0.016999	0.028331	0.000000	1	below-floor
cluster-0012	89	N0001920D0051	0.016487	0.027478	0.000000	1	below-floor
cluster-0012	90	N0001924D0114	0.016425	0.027375	0.000000	1	below-floor
cluster-0012	91	N6833524D0021	0.016101	0.026834	0.000000	1	below-floor
cluster-0012	92	N6833521D0229	0.015621	0.026034	0.000000	1	below-floor
cluster-0012	93	SEAPORT-NXG	0.015583	0.025972	0.000000	1	below-floor
cluster-0012	94	N0042121D0019	0.015433	0.025721	0.000000	1	below-floor
cluster-0012	95	N6893623D0013	0.015405	0.025674	0.000000	1	below-floor
cluster-0012	96	N6852024A0004	0.037746	0.062909	0.000000	2	below-floor
cluster-0012	97	GSA-MAS	0.023720	0.039533	0.000000	2	below-floor
cluster-0012	98	N0042124A0003	0.022662	0.037771	0.000000	2	below-floor
cluster-0012	99	N6833523A0029	0.016355	0.027258	0.000000	2	below-floor
cluster-0012	100	N0042124A0004	0.015485	0.025809	0.000000	2	below-floor
cluster-0012	101	W15QKN15D0001	0.021986	0.036643	0.000000	3	below-floor
cluster-0012	102	NAVAIR-HQ-BOA	0.031466	0.052444	0.000000	5	below-floor
cluster-0012	103	N6833521G0020	0.026550	0.044251	0.000000	5	below-floor
cluster-0012	104	N6833523G0001	0.026072	0.043454	0.000000	5	below-floor
cluster-0012	105	N6833515G0022	0.024975	0.041625	0.000000	5	below-floor
cluster-0012	106	N6833518G0014	0.023668	0.039447	0.000000	5	below-floor
cluster-0012	107	N0042124G0005	0.022473	0.037456	0.000000	5	below-floor
cluster-0012	108	N6833522G0036	0.021394	0.035656	0.000000	5	below-floor
cluster-0012	109	N6833522G0035	0.020587	0.034311	0.000000	5	below-floor
cluster-0012	110	N6833519G0013	0.019492	0.032487	0.000000	5	below-floor
cluster-0012	111	N6833519G0050	0.016221	0.027034	0.000000	5	below-floor
cluster-0012	112	N6893621D0010	0.015003	0.025005	0.000000	1	below-floor
cluster-0012	113	N0001920D0007	0.014951	0.024918	0.000000	1	below-floor
cluster-0012	114	N6833520D0048	0.014817	0.024695	0.000000	1	below-floor
cluster-0012	115	N0042120D0071	0.014802	0.024671	0.000000	1	below-floor
cluster-0012	116	N6893623D0028	0.014721	0.024534	0.000000	1	below-floor
cluster-0012	117	N6134020D0024	0.014584	0.024307	0.000000	1	below-floor
cluster-0012	118	N0042121D0034	0.014529	0.024216	0.000000	1	below-floor
cluster-0012	119	N6833523D0001	0.014167	0.023611	0.000000	1	below-floor
cluster-0012	120	N0001919D0012	0.014048	0.023414	0.000000	1	below-floor
cluster-0012	121	N0001919D0013	0.014048	0.023414	0.000000	1	below-floor
cluster-0012	122	N0001917D0101	0.013687	0.022812	0.000000	1	below-floor
cluster-0012	123	N0042121D0010	0.013673	0.022788	0.000000	1	below-floor
cluster-0012	124	N0001922D0013	0.013651	0.022752	0.000000	1	below-floor
cluster-0012	125	N0042119D0071	0.013547	0.022578	0.000000	1	below-floor
cluster-0012	126	N6893623D0021	0.013518	0.022529	0.000000	1	below-floor
cluster-0012	127	N6893620D0016	0.013511	0.022519	0.000000	1	below-floor
cluster-0012	128	N0001920D0109	0.013326	0.022210	0.000000	1	below-floor
cluster-0012	129	N0001921D0050	0.013261	0.022101	0.000000	1	below-floor
cluster-0012	130	N6833518D0031	0.013131	0.021885	0.000000	1	below-floor
cluster-0012	131	N6833522D0005	0.013013	0.021688	0.000000	1	below-floor
cluster-0012	132	N6134024D0006	0.012997	0.021662	0.000000	1	below-floor
cluster-0012	133	N0042119D0028	0.012964	0.021606	0.000000	1	below-floor
cluster-0012	134	N6893623D0014	0.012939	0.021565	0.000000	1	below-floor
cluster-0012	135	N6833521D0225	0.012870	0.021451	0.000000	1	below-floor
cluster-0012	136	N6833521D0045	0.012532	0.020886	0.000000	1	below-floor
cluster-0012	137	N6833522D0013	0.012493	0.020821	0.000000	1	below-floor
cluster-0012	138	N6833522D0037	0.012252	0.020420	0.000000	1	below-floor
cluster-0012	139	N0042118D0015	0.012125	0.020208	0.000000	1	below-floor
cluster-0012	140	N6833524D0019	0.012110	0.020184	0.000000	1	below-floor
cluster-0012	141	N6134023D0001	0.012089	0.020149	0.000000	1	below-floor
cluster-0012	142	N6893622D0002	0.011957	0.019929	0.000000	1	below-floor
cluster-0012	143	N0042124D0008	0.011825	0.019708	0.000000	1	below-floor
cluster-0012	144	N6134022D0006	0.011750	0.019584	0.000000	1	below-floor
cluster-0012	145	N0024424D0005	0.011744	0.019573	0.000000	1	below-floor
cluster-0012	146	N6134017D0002	0.011422	0.019037	0.000000	1	below-floor
cluster-0012	147	N0042119D0023	0.011215	0.018691	0.000000	1	below-floor
cluster-0012	148	N6833524D0010	0.011160	0.018600	0.000000	1	below-floor
cluster-0012	149	N0001922D0007	0.011154	0.018590	0.000000	1	below-floor
cluster-0012	150	N6893621D0051	0.011100	0.018501	0.000000	1	below-floor
cluster-0012	151	N0001923D0010	0.011019	0.018365	0.000000	1	below-floor
cluster-0012	152	N6134020D0008	0.010783	0.017972	0.000000	1	below-floor
cluster-0012	153	N6893623D0019	0.010781	0.017969	0.000000	1	below-floor
cluster-0012	154	N6134020D0021	0.010762	0.017937	0.000000	1	below-floor
cluster-0012	155	N6134020D0019	0.010722	0.017870	0.000000	1	below-floor
cluster-0012	156	N0042121D0033	0.010633	0.017722	0.000000	1	below-floor
cluster-0012	157	N6833524D0009	0.010396	0.017327	0.000000	1	below-floor
cluster-0012	158	N6893619D0020	0.010373	0.017289	0.000000	1	below-floor
cluster-0012	159	N6893621D0045	0.010353	0.017254	0.000000	1	below-floor
cluster-0012	160	N6833525D0010	0.010242	0.017070	0.000000	1	below-floor
cluster-0012	161	N0001919D0005	0.010132	0.016887	0.000000	1	below-floor
cluster-0012	162	N0001918D0118	0.010017	0.016695	0.000000	1	below-floor
cluster-0012	163	N0042122D0003	0.009788	0.016314	0.000000	1	below-floor
cluster-0012	164	N6893622D0004	0.009748	0.016247	0.000000	1	below-floor
cluster-0012	165	N0042120D0015	0.009589	0.015982	0.000000	1	below-floor
cluster-0012	166	N6134023D0004	0.009433	0.015722	0.000000	1	below-floor
cluster-0012	167	N6852023D0014	0.009396	0.015660	0.000000	1	below-floor
cluster-0012	168	N6893620D0015	0.009380	0.015634	0.000000	1	below-floor
cluster-0012	169	N6893622D0041	0.009188	0.015314	0.000000	1	below-floor
cluster-0012	170	N0042122D0099	0.009032	0.015053	0.000000	1	below-floor
cluster-0012	171	N0042119D0001	0.009020	0.015034	0.000000	1	below-floor
cluster-0012	172	N6134024D0013	0.008993	0.014988	0.000000	1	below-floor
cluster-0012	173	N6134021D0017	0.008868	0.014780	0.000000	1	below-floor
cluster-0012	174	N0001421D4002	0.008858	0.014764	0.000000	1	below-floor
cluster-0012	175	N0001922D0011	0.008822	0.014703	0.000000	1	below-floor
cluster-0012	176	N0042125D0302	0.008772	0.014620	0.000000	1	below-floor
cluster-0012	177	N0042118D0017	0.008656	0.014427	0.000000	1	below-floor
cluster-0012	178	N6852021D0006	0.008585	0.014308	0.000000	1	below-floor
cluster-0012	179	N6852023D0012	0.008472	0.014120	0.000000	1	below-floor
cluster-0012	180	N6852021D0005	0.008433	0.014056	0.000000	1	below-floor
cluster-0012	181	N0001923D0012	0.008411	0.014018	0.000000	1	below-floor
cluster-0012	182	N6852023D0013	0.008283	0.013805	0.000000	1	below-floor
cluster-0012	183	N0001925D0014	0.008276	0.013793	0.000000	1	below-floor
cluster-0012	184	N0001922D0009	0.008240	0.013733	0.000000	1	below-floor
cluster-0012	185	N6893618D0014	0.008209	0.013682	0.000000	1	below-floor
cluster-0012	186	N6893620D0007	0.008175	0.013625	0.000000	1	below-floor
cluster-0012	187	N0042120D0023	0.008150	0.013583	0.000000	1	below-floor
cluster-0012	188	N0001924D0110	0.008142	0.013569	0.000000	1	below-floor
cluster-0012	189	NAWCAD-CYBER-IDIQ	0.007931	0.013219	0.000000	1	below-floor
cluster-0012	190	N6893624D0001	0.007878	0.013130	0.000000	1	below-floor
cluster-0012	191	N6893621D0046	0.007824	0.013040	0.000000	1	below-floor
cluster-0012	192	N0042122D0096	0.007770	0.012949	0.000000	1	below-floor
cluster-0012	193	N6134020D0011	0.007722	0.012870	0.000000	1	below-floor
cluster-0012	194	N0001918D0103	0.007670	0.012783	0.000000	1	below-floor
cluster-0012	195	N0001923D0018	0.007557	0.012594	0.000000	1	below-floor
cluster-0012	196	N0001922D0008	0.007497	0.012495	0.000000	1	below-floor
cluster-0012	197	N0001922D0006	0.007400	0.012334	0.000000	1	below-floor
cluster-0012	198	N6893624D0017	0.007245	0.012075	0.000000	1	below-floor
cluster-0012	199	N6833517D0021	0.007237	0.012062	0.000000	1	below-floor
cluster-0012	200	N6134020D0025	0.007147	0.011912	0.000000	1	below-floor
cluster-0012	201	N0001923D0001	0.006890	0.011483	0.000000	1	below-floor
cluster-0012	202	N6833520D0022	0.006763	0.011272	0.000000	1	below-floor
cluster-0012	203	N0042123D0005	0.006595	0.010991	0.000000	1	below-floor
cluster-0012	204	N6893621D0024	0.006577	0.010962	0.000000	1	below-floor
cluster-0012	205	N0001921D0001	0.006541	0.010901	0.000000	1	below-floor
cluster-0012	206	N0042121D0005	0.006526	0.010877	0.000000	1	below-floor
cluster-0012	207	N0042119D0042	0.006508	0.010847	0.000000	1	below-floor
cluster-0012	208	N0042119D0029	0.006504	0.010840	0.000000	1	below-floor
cluster-0012	209	N6833521D0064	0.006441	0.010734	0.000000	1	below-floor
cluster-0012	210	N6833521D0053	0.006354	0.010590	0.000000	1	below-floor
cluster-0012	211	N0001925D0009	0.006090	0.010150	0.000000	1	below-floor
cluster-0012	212	N6893623D0023	0.006045	0.010075	0.000000	1	below-floor
cluster-0012	213	N6833523D0017	0.005989	0.009982	0.000000	1	below-floor
cluster-0012	214	N0042124D0022	0.005890	0.009816	0.000000	1	below-floor
cluster-0012	215	N6134021D0015	0.005876	0.009793	0.000000	1	below-floor
cluster-0012	216	N6833525D0001	0.005670	0.009450	0.000000	1	below-floor
cluster-0012	217	N6893623D0046	0.005648	0.009413	0.000000	1	below-floor
cluster-0012	218	N0042122D0084	0.005643	0.009405	0.000000	1	below-floor
cluster-0012	219	N6893614D0008	0.005560	0.009266	0.000000	1	below-floor
cluster-0012	220	N0042122D0101	0.005501	0.009168	0.000000	1	below-floor
cluster-0012	221	N6852022D0003	0.005390	0.008984	0.000000	1	below-floor
cluster-0012	222	N6134018D0004	0.005281	0.008802	0.000000	1	below-floor
cluster-0012	223	N0001919D0001	0.005279	0.008798	0.000000	1	below-floor
cluster-0012	224	N6893622D0032	0.005227	0.008711	0.000000	1	below-floor
cluster-0012	225	N6893623D0042	0.005227	0.008712	0.000000	1	below-floor
cluster-0012	226	N6893624D0013	0.005092	0.008486	0.000000	1	below-floor
cluster-0012	227	N0001923D0022	0.005085	0.008476	0.000000	1	below-floor
cluster-0012	228	N6893622D0007	0.005070	0.008450	0.000000	1	below-floor
cluster-0012	229	N0042123D0001	0.004937	0.008228	0.000000	1	below-floor
cluster-0012	230	N6893622D0021	0.004906	0.008177	0.000000	1	below-floor
cluster-0012	231	N0042124D0005	0.004840	0.008067	0.000000	1	below-floor
cluster-0012	232	N6893619D0048	0.004781	0.007969	0.000000	1	below-floor
cluster-0012	233	N0001920D0024	0.004742	0.007903	0.000000	1	below-floor
cluster-0012	234	N6852023D0111	0.004683	0.007805	0.000000	1	below-floor
cluster-0012	235	N0042121D0035	0.004444	0.007406	0.000000	1	below-floor
cluster-0012	236	N0042121D0037	0.004443	0.007406	0.000000	1	below-floor
cluster-0012	237	N0001923D0014	0.004395	0.007325	0.000000	1	below-floor
cluster-0012	238	N0001921D0010	0.004379	0.007299	0.000000	1	below-floor
cluster-0012	239	N6134019D0003	0.004291	0.007152	0.000000	1	below-floor
cluster-0012	240	N6134018D0009	0.004168	0.006947	0.000000	1	below-floor
cluster-0012	241	N0042125D0303	0.004064	0.006773	0.000000	1	below-floor
cluster-0012	242	N6852023D0001	0.004054	0.006757	0.000000	1	below-floor
cluster-0012	243	N0042117D0052	0.003933	0.006555	0.000000	1	below-floor
cluster-0012	244	N0001923D0009	0.003931	0.006552	0.000000	1	below-floor
cluster-0012	245	N6833522D0017	0.003861	0.006435	0.000000	1	below-floor
cluster-0012	246	N6893621D0009	0.003819	0.006365	0.000000	1	below-floor
cluster-0012	247	N6833516D0013	0.003796	0.006326	0.000000	1	below-floor
cluster-0012	248	N6134022D0002	0.003770	0.006283	0.000000	1	below-floor
cluster-0012	249	N6893622D0026	0.003770	0.006283	0.000000	1	below-floor
cluster-0012	250	N6893622D0017	0.003716	0.006193	0.000000	1	below-floor
cluster-0012	251	N6893620D0024	0.003693	0.006154	0.000000	1	below-floor
cluster-0012	252	N6893623D0051	0.003672	0.006120	0.000000	1	below-floor
cluster-0012	253	N0001919D0021	0.003595	0.005992	0.000000	1	below-floor
cluster-0012	254	N0001919D0032	0.003589	0.005982	0.000000	1	below-floor
cluster-0012	255	N6893618D0012	0.003583	0.005972	0.000000	1	below-floor
cluster-0012	256	N0001923D0008	0.003554	0.005923	0.000000	1	below-floor
cluster-0012	257	N0042120D0108	0.003441	0.005735	0.000000	1	below-floor
cluster-0012	258	N0001921D0015	0.003280	0.005466	0.000000	1	below-floor
cluster-0012	259	N6833515D0026	0.003237	0.005394	0.000000	1	below-floor
cluster-0012	260	N0042116D0002	0.003192	0.005321	0.000000	1	below-floor
cluster-0012	261	N6893623D0034	0.003172	0.005287	0.000000	1	below-floor
cluster-0012	262	N0042122D0002	0.003131	0.005219	0.000000	1	below-floor
cluster-0012	263	N6893620D0014	0.003125	0.005208	0.000000	1	below-floor
cluster-0012	264	N0042117D0027	0.003099	0.005164	0.000000	1	below-floor
cluster-0012	265	N6893618D0006	0.003056	0.005094	0.000000	1	below-floor
cluster-0012	266	N6893623D0033	0.003049	0.005081	0.000000	1	below-floor
cluster-0012	267	N6893621D0016	0.002993	0.004989	0.000000	1	below-floor
cluster-0012	268	N6893623D0001	0.002908	0.004846	0.000000	1	below-floor
cluster-0012	269	N0042124D0006	0.002888	0.004814	0.000000	1	below-floor
cluster-0012	270	N6893618D0029	0.002852	0.004753	0.000000	1	below-floor
cluster-0012	271	N6893619D0007	0.002819	0.004698	0.000000	1	below-floor
cluster-0012	272	N6893615D0015	0.002809	0.004682	0.000000	1	below-floor
cluster-0012	273	N0042118D0059	0.002784	0.004640	0.000000	1	below-floor
cluster-0012	274	N6893620D0005	0.002642	0.004403	0.000000	1	below-floor
cluster-0012	275	N6833521D0046	0.002578	0.004297	0.000000	1	below-floor
cluster-0012	276	N0001923D0015	0.002352	0.003921	0.000000	1	below-floor
cluster-0012	277	N6893624D0006	0.002231	0.003718	0.000000	1	below-floor
cluster-0012	278	N0042120D0123	0.002190	0.003650	0.000000	1	below-floor
cluster-0012	279	N0042116D0005	0.002177	0.003628	0.000000	1	below-floor
cluster-0012	280	N6893623D0037	0.002136	0.003559	0.000000	1	below-floor
cluster-0012	281	N6893624D0007	0.002122	0.003536	0.000000	1	below-floor
cluster-0012	282	N6893622D0015	0.002121	0.003536	0.000000	1	below-floor
cluster-0012	283	N6893624D0023	0.002065	0.003441	0.000000	1	below-floor
cluster-0012	284	N0042121D0018	0.001963	0.003271	0.000000	1	below-floor
cluster-0012	285	N0001922D0038	0.001834	0.003057	0.000000	1	below-floor
cluster-0012	286	N0001923D0011	0.001829	0.003049	0.000000	1	below-floor
cluster-0012	287	N6893624D0003	0.001822	0.003037	0.000000	1	below-floor
cluster-0012	288	N6833516D0020	0.001795	0.002992	0.000000	1	below-floor
cluster-0012	289	N6893620D0001	0.001788	0.002980	0.000000	1	below-floor
cluster-0012	290	N6893618D0036	0.001741	0.002901	0.000000	1	below-floor
cluster-0012	291	N0042117D0031	0.001614	0.002690	0.000000	1	below-floor
cluster-0012	292	N0042120D0001	0.001556	0.002594	0.000000	1	below-floor
cluster-0012	293	N0042120D0028	0.001534	0.002556	0.000000	1	below-floor
cluster-0012	294	N0001924D0119	0.001531	0.002551	0.000000	1	below-floor
cluster-0012	295	N6893625D0008	0.001516	0.002526	0.000000	1	below-floor
cluster-0012	296	N0042119D0026	0.001475	0.002459	0.000000	1	below-floor
cluster-0012	297	N6893621D0007	0.001411	0.002351	0.000000	1	below-floor
cluster-0012	298	N0042119D0002	0.001405	0.002342	0.000000	1	below-floor
cluster-0012	299	N0042122D0001	0.001377	0.002295	0.000000	1	below-floor
cluster-0012	300	N0042121D0002	0.001341	0.002235	0.000000	1	below-floor
cluster-0012	301	N6833523D0029	0.001341	0.002236	0.000000	1	below-floor
cluster-0012	302	N6893624D0020	0.001327	0.002212	0.000000	1	below-floor
cluster-0012	303	N6893622D0025	0.001307	0.002179	0.000000	1	below-floor
cluster-0012	304	N6893622D0034	0.001258	0.002097	0.000000	1	below-floor
cluster-0012	305	N6833524D0023	0.001243	0.002072	0.000000	1	below-floor
cluster-0012	306	N0042124D0071	0.001240	0.002067	0.000000	1	below-floor
cluster-0012	307	N0001918D0001	0.001212	0.002019	0.000000	1	below-floor
cluster-0012	308	N6893622D0028	0.001209	0.002016	0.000000	1	below-floor
cluster-0012	309	N0042120D0024	0.001203	0.002005	0.000000	1	below-floor
cluster-0012	310	N6134020D0004	0.001169	0.001949	0.000000	1	below-floor
cluster-0012	311	N0001924D0008	0.001162	0.001936	0.000000	1	below-floor
cluster-0012	312	N0042119D0024	0.001128	0.001880	0.000000	1	below-floor
cluster-0012	313	N6893619D0017	0.001127	0.001879	0.000000	1	below-floor
cluster-0012	314	N0042115D0005	0.001125	0.001875	0.000000	1	below-floor
cluster-0012	315	N0001917D0004	0.001099	0.001832	0.000000	1	below-floor
cluster-0012	316	N6893621D0017	0.001091	0.001818	0.000000	1	below-floor
cluster-0012	317	N6893623D0045	0.001079	0.001798	0.000000	1	below-floor
cluster-0012	318	N0042122D0005	0.001012	0.001686	0.000000	1	below-floor
cluster-0012	319	N0042119D0065	0.000999	0.001666	0.000000	1	below-floor
cluster-0012	320	N0042121D0007	0.000976	0.001627	0.000000	1	below-floor
cluster-0012	321	N6134020D0002	0.000974	0.001623	0.000000	1	below-floor
cluster-0012	322	N0001920D0008	0.000946	0.001577	0.000000	1	below-floor
cluster-0012	323	N6893622D0008	0.000932	0.001554	0.000000	1	below-floor
cluster-0012	324	N6893622D0024	0.000917	0.001528	0.000000	1	below-floor
cluster-0012	325	N6893622D0038	0.000872	0.001453	0.000000	1	below-floor
cluster-0012	326	N6134020D0020	0.000839	0.001398	0.000000	1	below-floor
cluster-0012	327	N0042120D0003	0.000808	0.001346	0.000000	1	below-floor
cluster-0012	328	N6893625D0011	0.000803	0.001339	0.000000	1	below-floor
cluster-0012	329	N0042125D0301	0.000696	0.001160	0.000000	1	below-floor
cluster-0012	330	N6893623D0018	0.000663	0.001105	0.000000	1	below-floor
cluster-0012	331	N0001919D0027	0.000637	0.001061	0.000000	1	below-floor
cluster-0012	332	N0042123D0011	0.000621	0.001034	0.000000	1	below-floor
cluster-0012	333	N0042120D0006	0.000593	0.000989	0.000000	1	below-floor
cluster-0012	334	N6893618D0015	0.000574	0.000957	0.000000	1	below-floor
cluster-0012	335	N0042120D0117	0.000522	0.000870	0.000000	1	below-floor
cluster-0012	336	N0042121D0001	0.000451	0.000752	0.000000	1	below-floor
cluster-0012	337	N0042124D0012	0.000441	0.000736	0.000000	1	below-floor
cluster-0012	338	N0042118D0001	0.000412	0.000687	0.000000	1	below-floor
cluster-0012	339	N0042119D0076	0.000411	0.000686	0.000000	1	below-floor
cluster-0012	340	N0001924D0106	0.000341	0.000569	0.000000	1	below-floor
cluster-0012	341	N6852023D0011	0.000322	0.000537	0.000000	1	below-floor
cluster-0012	342	N0001920D0016	0.000306	0.000511	0.000000	1	below-floor
cluster-0012	343	N0001917D0009	0.000000	0.000000	0.000000	1	below-floor
cluster-0012	344	N0001919D0015	0.000000	0.000000	0.000000	1	below-floor
cluster-0012	345	N0001919D0026	0.000000	0.000000	0.000000	1	below-floor
cluster-0012	346	N0001920D0013	0.000000	0.000000	0.000000	1	below-floor
cluster-0012	347	N0001921D0011	0.000000	0.000000	0.000000	1	below-floor
cluster-0012	348	N0001922D0022	0.000000	0.000000	0.000000	1	below-floor
cluster-0012	349	N0001922D0043	0.000000	0.000000	0.000000	1	below-floor
cluster-0012	350	N0001924D0004	0.000000	0.000000	0.000000	1	below-floor
cluster-0012	351	N0001925D0023	0.000000	0.000000	0.000000	1	below-floor
cluster-0012	352	N0024424D0010	0.000000	0.000000	0.000000	1	below-floor
cluster-0012	353	N0038324DBK01	0.000000	0.000000	0.000000	1	below-floor
cluster-0012	354	N0042116D0013	0.000000	0.000000	0.000000	1	below-floor
cluster-0012	355	N0042117D0015	0.000000	0.000000	0.000000	1	below-floor
cluster-0012	356	N0042117D0045	0.000000	0.000000	0.000000	1	below-floor
cluster-0012	357	N0042118D0007	0.000000	0.000000	0.000000	1	below-floor
cluster-0012	358	N0042118D0030	0.000000	0.000000	0.000000	1	below-floor
cluster-0012	359	N0042118D0062	0.000000	0.000000	0.000000	1	below-floor
cluster-0012	360	N0042119D0058	0.000000	0.000000	0.000000	1	below-floor
cluster-0012	361	N0042119D0060	0.000000	0.000000	0.000000	1	below-floor
cluster-0012	362	N0042119D0067	0.000000	0.000000	0.000000	1	below-floor
cluster-0012	363	N0042120D0109	0.000000	0.000000	0.000000	1	below-floor
cluster-0012	364	N0042120D0115	0.000000	0.000000	0.000000	1	below-floor
cluster-0012	365	N0042121D0023	0.000000	0.000000	0.000000	1	below-floor
cluster-0012	366	N0042122D0103	0.000000	0.000000	0.000000	1	below-floor
cluster-0012	367	N0042123D0019	0.000000	0.000000	0.000000	1	below-floor
cluster-0012	368	N6134015D0003	0.000000	0.000000	0.000000	1	below-floor
cluster-0012	369	N6134019D0906	0.000000	0.000000	0.000000	1	below-floor
cluster-0012	370	N6134020D0015	0.000000	0.000000	0.000000	1	below-floor
cluster-0012	371	N6134023D0003	0.000000	0.000000	0.000000	1	below-floor
cluster-0012	372	N6134024D0001	0.000000	0.000000	0.000000	1	below-floor
cluster-0012	373	N6134025D0005	0.000000	0.000000	0.000000	1	below-floor
cluster-0012	374	N6134025D0006	0.000000	0.000000	0.000000	1	below-floor
cluster-0012	375	N6833522D0008	0.000000	0.000000	0.000000	1	below-floor
cluster-0012	376	N6833522D0012	0.000000	0.000000	0.000000	1	below-floor
cluster-0012	377	N6833522D0022	0.000000	0.000000	0.000000	1	below-floor
cluster-0012	378	N6833522D0039	0.000000	0.000000	0.000000	1	below-floor
cluster-0012	379	N6833523D0010	0.000000	0.000000	0.000000	1	below-floor
cluster-0012	380	N6833523D0046	0.000000	0.000000	0.000000	1	below-floor
cluster-0012	381	N6833524D0002	0.000000	0.000000	0.000000	1	below-floor
cluster-0012	382	N6833524D0003	0.000000	0.000000	0.000000	1	below-floor
cluster-0012	383	N6833524D0018	0.000000	0.000000	0.000000	1	below-floor
cluster-0012	384	N6852021D0004	0.000000	0.000000	0.000000	1	below-floor
cluster-0012	385	N6893616D0016	0.000000	0.000000	0.000000	1	below-floor
cluster-0012	386	N6893616D0018	0.000000	0.000000	0.000000	1	below-floor
cluster-0012	387	N6893617D0010	0.000000	0.000000	0.000000	1	below-floor
cluster-0012	388	N6893618D0026	0.000000	0.000000	0.000000	1	below-floor
cluster-0012	389	N6893619D0001	0.000000	0.000000	0.000000	1	below-floor
cluster-0012	390	N6893619D0008	0.000000	0.000000	0.000000	1	below-floor
cluster-0012	391	N6893619D0027	0.000000	0.000000	0.000000	1	below-floor
cluster-0012	392	N6893619D0035	0.000000	0.000000	0.000000	1	below-floor
cluster-0012	393	N6893620D0018	0.000000	0.000000	0.000000	1	below-floor
cluster-0012	394	N6893621D0026	0.000000	0.000000	0.000000	1	below-floor
cluster-0012	395	N6893621D0043	0.000000	0.000000	0.000000	1	below-floor
cluster-0012	396	N6893622D0011	0.000000	0.000000	0.000000	1	below-floor
cluster-0012	397	N6893622D0014	0.000000	0.000000	0.000000	1	below-floor
cluster-0012	398	N6893622D0027	0.000000	0.000000	0.000000	1	below-floor
cluster-0012	399	N6893622D0036	0.000000	0.000000	0.000000	1	below-floor
cluster-0012	400	N6893623D0025	0.000000	0.000000	0.000000	1	below-floor
cluster-0012	401	N6893623D0026	0.000000	0.000000	0.000000	1	below-floor
cluster-0012	402	N6893623D0029	0.000000	0.000000	0.000000	1	below-floor
cluster-0012	403	N6893623D0036	0.000000	0.000000	0.000000	1	below-floor
cluster-0012	404	N6893623D0039	0.000000	0.000000	0.000000	1	below-floor
cluster-0012	405	N6893623D0041	0.000000	0.000000	0.000000	1	below-floor
cluster-0012	406	N6893623D0054	0.000000	0.000000	0.000000	1	below-floor
cluster-0012	407	N6893624D0004	0.000000	0.000000	0.000000	1	below-floor
cluster-0012	408	N6893624D0009	0.000000	0.000000	0.000000	1	below-floor
cluster-0012	409	N6893624D0012	0.000000	0.000000	0.000000	1	below-floor
cluster-0012	410	N6893624D0022	0.000000	0.000000	0.000000	1	below-floor
cluster-0012	411	N6893624D0025	0.000000	0.000000	0.000000	1	below-floor
cluster-0012	412	N0042124A0005	0.014809	0.024681	0.000000	2	below-floor
cluster-0012	413	N6833524A0016	0.009434	0.015723	0.000000	2	below-floor
cluster-0012	414	N6833523A0043	0.009276	0.015460	0.000000	2	below-floor
cluster-0012	415	N6833522A0027	0.008522	0.014203	0.000000	2	below-floor
cluster-0012	416	N6833525A0038	0.007448	0.012413	0.000000	2	below-floor
cluster-0012	417	N6833524A0040	0.006250	0.010416	0.000000	2	below-floor
cluster-0012	418	N6833523A0025	0.006136	0.010227	0.000000	2	below-floor
cluster-0012	419	N6833522A0032	0.006012	0.010019	0.000000	2	below-floor
cluster-0012	420	DON-ESL-BPA	0.000000	0.000000	0.000000	2	below-floor
cluster-0012	421	N6833522A0017	0.000000	0.000000	0.000000	2	below-floor
cluster-0012	422	N6833522A0029	0.000000	0.000000	0.000000	2	below-floor
cluster-0012	423	N6833522A0035	0.000000	0.000000	0.000000	2	below-floor
cluster-0012	424	N6833523A0016	0.000000	0.000000	0.000000	2	below-floor
cluster-0012	425	N6833523A0018	0.000000	0.000000	0.000000	2	below-floor
cluster-0012	426	N6833523A0020	0.000000	0.000000	0.000000	2	below-floor
cluster-0012	427	N6833523A0021	0.000000	0.000000	0.000000	2	below-floor
cluster-0012	428	N6833523A0027	0.000000	0.000000	0.000000	2	below-floor
cluster-0012	429	N6833523A0028	0.000000	0.000000	0.000000	2	below-floor
cluster-0012	430	N6833523A0030	0.000000	0.000000	0.000000	2	below-floor
cluster-0012	431	N6833523A0038	0.000000	0.000000	0.000000	2	below-floor
cluster-0012	432	N6833523A0040	0.000000	0.000000	0.000000	2	below-floor
cluster-0012	433	N6833523A0041	0.000000	0.000000	0.000000	2	below-floor
cluster-0012	434	N6833523A0049	0.000000	0.000000	0.000000	2	below-floor
cluster-0012	435	N6833523A0051	0.000000	0.000000	0.000000	2	below-floor
cluster-0012	436	N6833523A0059	0.000000	0.000000	0.000000	2	below-floor
cluster-0012	437	N6833523A0062	0.000000	0.000000	0.000000	2	below-floor
cluster-0012	438	N6833523A0120	0.000000	0.000000	0.000000	2	below-floor
cluster-0012	439	N6833523A0134	0.000000	0.000000	0.000000	2	below-floor
cluster-0012	440	N6833523A0151	0.000000	0.000000	0.000000	2	below-floor
cluster-0012	441	N6833523A0153	0.000000	0.000000	0.000000	2	below-floor
cluster-0012	442	N6833523A0167	0.000000	0.000000	0.000000	2	below-floor
cluster-0012	443	N6833523A0194	0.000000	0.000000	0.000000	2	below-floor
cluster-0012	444	N6833524A0002	0.000000	0.000000	0.000000	2	below-floor
cluster-0012	445	N6833524A0007	0.000000	0.000000	0.000000	2	below-floor
cluster-0012	446	N6833524A0026	0.000000	0.000000	0.000000	2	below-floor
cluster-0012	447	N6833524A0032	0.000000	0.000000	0.000000	2	below-floor
cluster-0012	448	N6833524A0033	0.000000	0.000000	0.000000	2	below-floor
cluster-0012	449	N6833525A0007	0.000000	0.000000	0.000000	2	below-floor
cluster-0012	450	N6833525A0008	0.000000	0.000000	0.000000	2	below-floor
cluster-0012	451	N6883621A0003	0.000000	0.000000	0.000000	2	below-floor
cluster-0012	452	NASA-SEWP	0.011773	0.019622	0.000000	3	below-floor
cluster-0012	453	FA857619D0001	0.006361	0.010602	0.000000	3	below-floor
cluster-0012	454	GSA-OASIS-PLUS	0.004966	0.008276	0.000000	3	below-floor
cluster-0012	455	FA860423DB001	0.000000	0.000000	0.000000	3	below-floor
cluster-0012	456	N6833522G0010	0.014146	0.023576	0.000000	5	below-floor
cluster-0012	457	N0042123G0004	0.013078	0.021797	0.000000	5	below-floor
cluster-0012	458	N6833520G0002	0.012526	0.020877	0.000000	5	below-floor
cluster-0012	459	N6833524G0028	0.011835	0.019724	0.000000	5	below-floor
cluster-0012	460	N6833524G0021	0.011632	0.019387	0.000000	5	below-floor
cluster-0012	461	N0042123G0002	0.011358	0.018930	0.000000	5	below-floor
cluster-0012	462	N6833524G0009	0.010979	0.018298	0.000000	5	below-floor
cluster-0012	463	N6833523G0004	0.010417	0.017361	0.000000	5	below-floor
cluster-0012	464	N0042121G0004	0.010133	0.016888	0.000000	5	below-floor
cluster-0012	465	N6833522G0029	0.010003	0.016671	0.000000	5	below-floor
cluster-0012	466	N6833524G0007	0.008683	0.014471	0.000000	5	below-floor
cluster-0012	467	N0042121G0005	0.007890	0.013149	0.000000	5	below-floor
cluster-0012	468	N6833519G0041	0.007008	0.011679	0.000000	5	below-floor
cluster-0012	469	N0042123G0001	0.006150	0.010249	0.000000	5	below-floor
cluster-0012	470	N0042117G0003	0.006034	0.010057	0.000000	5	below-floor
cluster-0012	471	N0042125G0003	0.004777	0.007962	0.000000	5	below-floor
cluster-0012	472	N6833520G1048	0.004667	0.007778	0.000000	5	below-floor
cluster-0012	473	N0042123G0005	0.004237	0.007061	0.000000	5	below-floor
cluster-0012	474	N6134019G0002	0.003554	0.005923	0.000000	5	below-floor
cluster-0012	475	N6833520G3036	0.001569	0.002615	0.000000	5	below-floor
cluster-0012	476	SPE4A123G0002	0.001068	0.001780	0.000000	5	below-floor
cluster-0012	477	N0042119G0001	0.000000	0.000000	0.000000	5	below-floor
cluster-0012	478	N0042119G0004	0.000000	0.000000	0.000000	5	below-floor
cluster-0012	479	N0042122G0101	0.000000	0.000000	0.000000	5	below-floor
cluster-0012	480	N0042124G0001	0.000000	0.000000	0.000000	5	below-floor
cluster-0012	481	N6833519G0059	0.000000	0.000000	0.000000	5	below-floor
cluster-0012	482	N6833521G0021	0.000000	0.000000	0.000000	5	below-floor
cluster-0012	483	N6833522G0041	0.000000	0.000000	0.000000	5	below-floor
cluster-0012	484	N6833524G0038	0.000000	0.000000	0.000000	5	below-floor
cluster-0013	1	N6852023D0001	0.061077	0.023922	0.116809	1	candidate
cluster-0013	2	N6852023D0111	0.046862	0.004030	0.111111	1	below-floor
cluster-0013	3	SEAPORT-NXG	0.044801	0.059474	0.022792	1	below-floor
cluster-0013	4	N6852021D0002	0.040699	0.035543	0.048433	1	below-floor
cluster-0013	5	NAWCTSD-PACRM	0.040617	0.065795	0.002849	1	below-floor
cluster-0013	6	NAWCTSD-FTSS-V	0.035737	0.059561	0.000000	1	below-floor
cluster-0013	7	N0042120D0028	0.035466	0.026821	0.048433	1	below-floor
cluster-0013	8	N6134019D1006	0.031431	0.050486	0.002849	1	below-floor
cluster-0013	9	NAWCTSD-TSC-IV	0.026885	0.044808	0.000000	1	below-floor
cluster-0013	10	N6852023D0012	0.026547	0.004359	0.059829	1	below-floor
cluster-0013	11	N6893620D0007	0.026208	0.024686	0.028490	1	below-floor
cluster-0013	12	N6852021D0006	0.024764	0.031777	0.014245	1	below-floor
cluster-0013	13	N6852020D0012	0.019980	0.027602	0.008547	1	below-floor
cluster-0013	14	N0001421D4002	0.019396	0.030427	0.002849	1	below-floor
cluster-0013	15	NAWCAD-SCI-MAC	0.019365	0.032275	0.000000	1	below-floor
cluster-0013	16	N6852025D0001	0.014138	0.015966	0.011396	1	below-floor
cluster-0013	17	N6852021D0004	0.013675	0.000000	0.034188	1	below-floor
cluster-0013	18	GSA-MAS	0.047557	0.022282	0.085470	2	below-floor
cluster-0013	19	DON-ESL-BPA	0.043055	0.031873	0.059829	2	below-floor
cluster-0013	20	N6852024A0004	0.018651	0.017790	0.019943	2	below-floor
cluster-0013	21	NASA-SEWP	0.052666	0.070683	0.025641	3	candidate
cluster-0013	22	NAVAIR-HQ-BOA	0.036290	0.058584	0.002849	5	below-floor
cluster-0013	23	N6852023D0013	0.010462	0.007939	0.014245	1	below-floor
cluster-0013	24	N6852021D0005	0.009708	0.000985	0.022792	1	below-floor
cluster-0013	25	N0042120D0015	0.006394	0.008758	0.002849	1	below-floor
cluster-0013	26	N6852023D0011	0.005804	0.002077	0.011396	1	below-floor
cluster-0013	27	N6134017D0002	0.005698	0.000000	0.014245	1	below-floor
cluster-0013	28	N6852022D0003	0.005698	0.000000	0.014245	1	below-floor
cluster-0013	29	NAWCAD-CYBER-IDIQ	0.005662	0.009437	0.000000	1	below-floor
cluster-0013	30	N6134021D0017	0.004840	0.002368	0.008547	1	below-floor
cluster-0013	31	N6852023D0014	0.003986	0.000945	0.008547	1	below-floor
cluster-0013	32	N0024424D0010	0.003419	0.000000	0.008547	1	below-floor
cluster-0013	33	N6833519D0082	0.003419	0.000000	0.008547	1	below-floor
cluster-0013	34	N6883621A0003	0.003419	0.000000	0.008547	2	below-floor
cluster-0013	35	GSA-OASIS-PLUS	0.010826	0.018043	0.000000	3	below-floor
cluster-0013	36	FA860423DB001	0.003419	0.000000	0.008547	3	below-floor
cluster-0013	0	FA857619D0001	0.000000	0.000000	0.000000	0	eliminated:OFFICE-NOT-AMONG-OBSERVED-ORDERING-ACTIVITIES
cluster-0013	0	N0001917D0004	0.000000	0.000000	0.000000	0	eliminated:OFFICE-NOT-AMONG-OBSERVED-ORDERING-ACTIVITIES
cluster-0013	0	N0001917D0009	0.000000	0.000000	0.000000	0	eliminated:OFFICE-NOT-AMONG-OBSERVED-ORDERING-ACTIVITIES
cluster-0013	0	N0001917D0089	0.000000	0.000000	0.000000	0	eliminated:OFFICE-NOT-AMONG-OBSERVED-ORDERING-ACTIVITIES
cluster-0013	0	N0001917D0101	0.000000	0.000000	0.000000	0	eliminated:OFFICE-NOT-AMONG-OBSERVED-ORDERING-ACTIVITIES
cluster-0013	0	N0001918D0001	0.000000	0.000000	0.000000	0	eliminated:OFFICE-NOT-AMONG-OBSERVED-ORDERING-ACTIVITIES
cluster-0013	0	N0001918D0103	0.000000	0.000000	0.000000	0	eliminated:OFFICE-NOT-AMONG-OBSERVED-ORDERING-ACTIVITIES
cluster-0013	0	N0001918D0110	0.000000	0.000000	0.000000	0	eliminated:OFFICE-NOT-AMONG-OBSERVED-ORDERING-ACTIVITIES
cluster-0013	0	N0001918D0111	0.000000	0.000000	0.000000	0	eliminated:OFFICE-NOT-AMONG-OBSERVED-ORDERING-ACTIVITIES
cluster-0013	0	N0001918D0118	0.000000	0.000000	0.000000	0	eliminated:OFFICE-NOT-AMONG-OBSERVED-ORDERING-ACTIVITIES
cluster-0013	0	N0001918D0123	0.000000	0.000000	0.000000	0	eliminated:OFFICE-NOT-AMONG-OBSERVED-ORDERING-ACTIVITIES
cluster-0013	0	N0001919D0001	0.000000	0.000000	0.000000	0	eliminated:OFFICE-NOT-AMONG-OBSERVED-ORDERING-ACTIVITIES
cluster-0013	0	N0001919D0005	0.000000	0.000000	0.000000	0	eliminated:OFFICE-NOT-AMONG-OBSERVED-ORDERING-ACTIVITIES
cluster-0013	0	N0001919D0012	0.000000	0.000000	0.000000	0	eliminated:OFFICE-NOT-AMONG-OBSERVED-ORDERING-ACTIVITIES
cluster-0013	0	N0001919D0013	0.000000	0.000000	0.000000	0	eliminated:OFFICE-NOT-AMONG-OBSERVED-ORDERING-ACTIVITIES
cluster-0013	0	N0001919D0015	0.000000	0.000000	0.000000	0	eliminated:OFFICE-NOT-AMONG-OBSERVED-ORDERING-ACTIVITIES
cluster-0013	0	N0001919D0021	0.000000	0.000000	0.000000	0	eliminated:OFFICE-NOT-AMONG-OBSERVED-ORDERING-ACTIVITIES
cluster-0013	0	N0001919D0023	0.000000	0.000000	0.000000	0	eliminated:OFFICE-NOT-AMONG-OBSERVED-ORDERING-ACTIVITIES
cluster-0013	0	N0001919D0026	0.000000	0.000000	0.000000	0	eliminated:OFFICE-NOT-AMONG-OBSERVED-ORDERING-ACTIVITIES
cluster-0013	0	N0001919D0027	0.000000	0.000000	0.000000	0	eliminated:OFFICE-NOT-AMONG-OBSERVED-ORDERING-ACTIVITIES
cluster-0013	0	N0001919D0032	0.000000	0.000000	0.000000	0	eliminated:OFFICE-NOT-AMONG-OBSERVED-ORDERING-ACTIVITIES
cluster-0013	0	N0001920D0001	0.000000	0.000000	0.000000	0	eliminated:OFFICE-NOT-AMONG-OBSERVED-ORDERING-ACTIVITIES
cluster-0013	0	N0001920D0004	0.000000	0.000000	0.000000	0	eliminated:OFFICE-NOT-AMONG-OBSERVED-ORDERING-ACTIVITIES
cluster-0013	0	N0001920D0007	0.000000	0.000000	0.000000	0	eliminated:OFFICE-NOT-AMONG-OBSERVED-ORDERING-ACTIVITIES
cluster-0013	0	N0001920D0008	0.000000	0.000000	0.000000	0	eliminated:OFFICE-NOT-AMONG-OBSERVED-ORDERING-ACTIVITIES
cluster-0013	0	N0001920D0013	0.000000	0.000000	0.000000	0	eliminated:OFFICE-NOT-AMONG-OBSERVED-ORDERING-ACTIVITIES
cluster-0013	0	N0001920D0016	0.000000	0.000000	0.000000	0	eliminated:OFFICE-NOT-AMONG-OBSERVED-ORDERING-ACTIVITIES
cluster-0013	0	N0001920D0017	0.000000	0.000000	0.000000	0	eliminated:OFFICE-NOT-AMONG-OBSERVED-ORDERING-ACTIVITIES
cluster-0013	0	N0001920D0023	0.000000	0.000000	0.000000	0	eliminated:OFFICE-NOT-AMONG-OBSERVED-ORDERING-ACTIVITIES
cluster-0013	0	N0001920D0024	0.000000	0.000000	0.000000	0	eliminated:OFFICE-NOT-AMONG-OBSERVED-ORDERING-ACTIVITIES
cluster-0013	0	N0001920D0051	0.000000	0.000000	0.000000	0	eliminated:OFFICE-NOT-AMONG-OBSERVED-ORDERING-ACTIVITIES
cluster-0013	0	N0001920D0106	0.000000	0.000000	0.000000	0	eliminated:OFFICE-NOT-AMONG-OBSERVED-ORDERING-ACTIVITIES
cluster-0013	0	N0001920D0109	0.000000	0.000000	0.000000	0	eliminated:OFFICE-NOT-AMONG-OBSERVED-ORDERING-ACTIVITIES
cluster-0013	0	N0001921D0001	0.000000	0.000000	0.000000	0	eliminated:OFFICE-NOT-AMONG-OBSERVED-ORDERING-ACTIVITIES
cluster-0013	0	N0001921D0004	0.000000	0.000000	0.000000	0	eliminated:OFFICE-NOT-AMONG-OBSERVED-ORDERING-ACTIVITIES
cluster-0013	0	N0001921D0010	0.000000	0.000000	0.000000	0	eliminated:OFFICE-NOT-AMONG-OBSERVED-ORDERING-ACTIVITIES
cluster-0013	0	N0001921D0011	0.000000	0.000000	0.000000	0	eliminated:OFFICE-NOT-AMONG-OBSERVED-ORDERING-ACTIVITIES
cluster-0013	0	N0001921D0015	0.000000	0.000000	0.000000	0	eliminated:OFFICE-NOT-AMONG-OBSERVED-ORDERING-ACTIVITIES
cluster-0013	0	N0001921D0050	0.000000	0.000000	0.000000	0	eliminated:OFFICE-NOT-AMONG-OBSERVED-ORDERING-ACTIVITIES
cluster-0013	0	N0001922D0001	0.000000	0.000000	0.000000	0	eliminated:OFFICE-NOT-AMONG-OBSERVED-ORDERING-ACTIVITIES
cluster-0013	0	N0001922D0003	0.000000	0.000000	0.000000	0	eliminated:OFFICE-NOT-AMONG-OBSERVED-ORDERING-ACTIVITIES
cluster-0013	0	N0001922D0004	0.000000	0.000000	0.000000	0	eliminated:OFFICE-NOT-AMONG-OBSERVED-ORDERING-ACTIVITIES
cluster-0013	0	N0001922D0006	0.000000	0.000000	0.000000	0	eliminated:OFFICE-NOT-AMONG-OBSERVED-ORDERING-ACTIVITIES
cluster-0013	0	N0001922D0007	0.000000	0.000000	0.000000	0	eliminated:OFFICE-NOT-AMONG-OBSERVED-ORDERING-ACTIVITIES
cluster-0013	0	N0001922D0008	0.000000	0.000000	0.000000	0	eliminated:OFFICE-NOT-AMONG-OBSERVED-ORDERING-ACTIVITIES
cluster-0013	0	N0001922D0009	0.000000	0.000000	0.000000	0	eliminated:OFFICE-NOT-AMONG-OBSERVED-ORDERING-ACTIVITIES
cluster-0013	0	N0001922D0011	0.000000	0.000000	0.000000	0	eliminated:OFFICE-NOT-AMONG-OBSERVED-ORDERING-ACTIVITIES
cluster-0013	0	N0001922D0013	0.000000	0.000000	0.000000	0	eliminated:OFFICE-NOT-AMONG-OBSERVED-ORDERING-ACTIVITIES
cluster-0013	0	N0001922D0022	0.000000	0.000000	0.000000	0	eliminated:OFFICE-NOT-AMONG-OBSERVED-ORDERING-ACTIVITIES
cluster-0013	0	N0001922D0038	0.000000	0.000000	0.000000	0	eliminated:OFFICE-NOT-AMONG-OBSERVED-ORDERING-ACTIVITIES
cluster-0013	0	N0001922D0040	0.000000	0.000000	0.000000	0	eliminated:OFFICE-NOT-AMONG-OBSERVED-ORDERING-ACTIVITIES
cluster-0013	0	N0001922D0042	0.000000	0.000000	0.000000	0	eliminated:OFFICE-NOT-AMONG-OBSERVED-ORDERING-ACTIVITIES
cluster-0013	0	N0001922D0043	0.000000	0.000000	0.000000	0	eliminated:OFFICE-NOT-AMONG-OBSERVED-ORDERING-ACTIVITIES
cluster-0013	0	N0001923D0001	0.000000	0.000000	0.000000	0	eliminated:OFFICE-NOT-AMONG-OBSERVED-ORDERING-ACTIVITIES
cluster-0013	0	N0001923D0008	0.000000	0.000000	0.000000	0	eliminated:OFFICE-NOT-AMONG-OBSERVED-ORDERING-ACTIVITIES
cluster-0013	0	N0001923D0009	0.000000	0.000000	0.000000	0	eliminated:OFFICE-NOT-AMONG-OBSERVED-ORDERING-ACTIVITIES
cluster-0013	0	N0001923D0010	0.000000	0.000000	0.000000	0	eliminated:OFFICE-NOT-AMONG-OBSERVED-ORDERING-ACTIVITIES
cluster-0013	0	N0001923D0011	0.000000	0.000000	0.000000	0	eliminated:OFFICE-NOT-AMONG-OBSERVED-ORDERING-ACTIVITIES
cluster-0013	0	N0001923D0012	0.000000	0.000000	0.000000	0	eliminated:OFFICE-NOT-AMONG-OBSERVED-ORDERING-ACTIVITIES
cluster-0013	0	N0001923D0013	0.000000	0.000000	0.000000	0	eliminated:OFFICE-NOT-AMONG-OBSERVED-ORDERING-ACTIVITIES
cluster-0013	0	N0001923D0014	0.000000	0.000000	0.000000	0	eliminated:OFFICE-NOT-AMONG-OBSERVED-ORDERING-ACTIVITIES
cluster-0013	0	N0001923D0015	0.000000	0.000000	0.000000	0	eliminated:OFFICE-NOT-AMONG-OBSERVED-ORDERING-ACTIVITIES
cluster-0013	0	N0001923D0018	0.000000	0.000000	0.000000	0	eliminated:OFFICE-NOT-AMONG-OBSERVED-ORDERING-ACTIVITIES
cluster-0013	0	N0001923D0022	0.000000	0.000000	0.000000	0	eliminated:OFFICE-NOT-AMONG-OBSERVED-ORDERING-ACTIVITIES
cluster-0013	0	N0001924D0004	0.000000	0.000000	0.000000	0	eliminated:OFFICE-NOT-AMONG-OBSERVED-ORDERING-ACTIVITIES
cluster-0013	0	N0001924D0008	0.000000	0.000000	0.000000	0	eliminated:OFFICE-NOT-AMONG-OBSERVED-ORDERING-ACTIVITIES
cluster-0013	0	N0001924D0106	0.000000	0.000000	0.000000	0	eliminated:OFFICE-NOT-AMONG-OBSERVED-ORDERING-ACTIVITIES
cluster-0013	0	N0001924D0110	0.000000	0.000000	0.000000	0	eliminated:OFFICE-NOT-AMONG-OBSERVED-ORDERING-ACTIVITIES
cluster-0013	0	N0001924D0114	0.000000	0.000000	0.000000	0	eliminated:OFFICE-NOT-AMONG-OBSERVED-ORDERING-ACTIVITIES
cluster-0013	0	N0001924D0119	0.000000	0.000000	0.000000	0	eliminated:OFFICE-NOT-AMONG-OBSERVED-ORDERING-ACTIVITIES
cluster-0013	0	N0001924D0126	0.000000	0.000000	0.000000	0	eliminated:OFFICE-NOT-AMONG-OBSERVED-ORDERING-ACTIVITIES
cluster-0013	0	N0001925D0009	0.000000	0.000000	0.000000	0	eliminated:OFFICE-NOT-AMONG-OBSERVED-ORDERING-ACTIVITIES
cluster-0013	0	N0001925D0012	0.000000	0.000000	0.000000	0	eliminated:OFFICE-NOT-AMONG-OBSERVED-ORDERING-ACTIVITIES
cluster-0013	0	N0001925D0014	0.000000	0.000000	0.000000	0	eliminated:OFFICE-NOT-AMONG-OBSERVED-ORDERING-ACTIVITIES
cluster-0013	0	N0001925D0016	0.000000	0.000000	0.000000	0	eliminated:OFFICE-NOT-AMONG-OBSERVED-ORDERING-ACTIVITIES
cluster-0013	0	N0001925D0023	0.000000	0.000000	0.000000	0	eliminated:OFFICE-NOT-AMONG-OBSERVED-ORDERING-ACTIVITIES
cluster-0013	0	N0024424D0005	0.000000	0.000000	0.000000	0	eliminated:OFFICE-NOT-AMONG-OBSERVED-ORDERING-ACTIVITIES
cluster-0013	0	N0038324DBK01	0.000000	0.000000	0.000000	0	eliminated:OFFICE-NOT-AMONG-OBSERVED-ORDERING-ACTIVITIES
cluster-0013	0	N0042115D0005	0.000000	0.000000	0.000000	0	eliminated:OFFICE-NOT-AMONG-OBSERVED-ORDERING-ACTIVITIES
cluster-0013	0	N0042116D0002	0.000000	0.000000	0.000000	0	eliminated:OFFICE-NOT-AMONG-OBSERVED-ORDERING-ACTIVITIES
cluster-0013	0	N0042116D0005	0.000000	0.000000	0.000000	0	eliminated:OFFICE-NOT-AMONG-OBSERVED-ORDERING-ACTIVITIES
cluster-0013	0	N0042116D0013	0.000000	0.000000	0.000000	0	eliminated:OFFICE-NOT-AMONG-OBSERVED-ORDERING-ACTIVITIES
cluster-0013	0	N0042117D0015	0.000000	0.000000	0.000000	0	eliminated:OFFICE-NOT-AMONG-OBSERVED-ORDERING-ACTIVITIES
cluster-0013	0	N0042117D0027	0.000000	0.000000	0.000000	0	eliminated:OFFICE-NOT-AMONG-OBSERVED-ORDERING-ACTIVITIES
cluster-0013	0	N0042117D0031	0.000000	0.000000	0.000000	0	eliminated:OFFICE-NOT-AMONG-OBSERVED-ORDERING-ACTIVITIES
cluster-0013	0	N0042117D0032	0.000000	0.000000	0.000000	0	eliminated:OFFICE-NOT-AMONG-OBSERVED-ORDERING-ACTIVITIES
cluster-0013	0	N0042117D0045	0.000000	0.000000	0.000000	0	eliminated:OFFICE-NOT-AMONG-OBSERVED-ORDERING-ACTIVITIES
cluster-0013	0	N0042117D0052	0.000000	0.000000	0.000000	0	eliminated:OFFICE-NOT-AMONG-OBSERVED-ORDERING-ACTIVITIES
cluster-0013	0	N0042117G0003	0.000000	0.000000	0.000000	0	eliminated:OFFICE-NOT-AMONG-OBSERVED-ORDERING-ACTIVITIES
cluster-0013	0	N0042118D0001	0.000000	0.000000	0.000000	0	eliminated:OFFICE-NOT-AMONG-OBSERVED-ORDERING-ACTIVITIES
cluster-0013	0	N0042118D0007	0.000000	0.000000	0.000000	0	eliminated:OFFICE-NOT-AMONG-OBSERVED-ORDERING-ACTIVITIES
cluster-0013	0	N0042118D0015	0.000000	0.000000	0.000000	0	eliminated:OFFICE-NOT-AMONG-OBSERVED-ORDERING-ACTIVITIES
cluster-0013	0	N0042118D0016	0.000000	0.000000	0.000000	0	eliminated:OFFICE-NOT-AMONG-OBSERVED-ORDERING-ACTIVITIES
cluster-0013	0	N0042118D0017	0.000000	0.000000	0.000000	0	eliminated:OFFICE-NOT-AMONG-OBSERVED-ORDERING-ACTIVITIES
cluster-0013	0	N0042118D0028	0.000000	0.000000	0.000000	0	eliminated:OFFICE-NOT-AMONG-OBSERVED-ORDERING-ACTIVITIES
cluster-0013	0	N0042118D0030	0.000000	0.000000	0.000000	0	eliminated:OFFICE-NOT-AMONG-OBSERVED-ORDERING-ACTIVITIES
cluster-0013	0	N0042118D0042	0.000000	0.000000	0.000000	0	eliminated:OFFICE-NOT-AMONG-OBSERVED-ORDERING-ACTIVITIES
cluster-0013	0	N0042118D0044	0.000000	0.000000	0.000000	0	eliminated:OFFICE-NOT-AMONG-OBSERVED-ORDERING-ACTIVITIES
cluster-0013	0	N0042118D0054	0.000000	0.000000	0.000000	0	eliminated:OFFICE-NOT-AMONG-OBSERVED-ORDERING-ACTIVITIES
cluster-0013	0	N0042118D0059	0.000000	0.000000	0.000000	0	eliminated:OFFICE-NOT-AMONG-OBSERVED-ORDERING-ACTIVITIES
cluster-0013	0	N0042118D0062	0.000000	0.000000	0.000000	0	eliminated:OFFICE-NOT-AMONG-OBSERVED-ORDERING-ACTIVITIES
cluster-0013	0	N0042119D0001	0.000000	0.000000	0.000000	0	eliminated:OFFICE-NOT-AMONG-OBSERVED-ORDERING-ACTIVITIES
cluster-0013	0	N0042119D0002	0.000000	0.000000	0.000000	0	eliminated:OFFICE-NOT-AMONG-OBSERVED-ORDERING-ACTIVITIES
cluster-0013	0	N0042119D0023	0.000000	0.000000	0.000000	0	eliminated:OFFICE-NOT-AMONG-OBSERVED-ORDERING-ACTIVITIES
cluster-0013	0	N0042119D0024	0.000000	0.000000	0.000000	0	eliminated:OFFICE-NOT-AMONG-OBSERVED-ORDERING-ACTIVITIES
cluster-0013	0	N0042119D0026	0.000000	0.000000	0.000000	0	eliminated:OFFICE-NOT-AMONG-OBSERVED-ORDERING-ACTIVITIES
cluster-0013	0	N0042119D0028	0.000000	0.000000	0.000000	0	eliminated:OFFICE-NOT-AMONG-OBSERVED-ORDERING-ACTIVITIES
cluster-0013	0	N0042119D0029	0.000000	0.000000	0.000000	0	eliminated:OFFICE-NOT-AMONG-OBSERVED-ORDERING-ACTIVITIES
cluster-0013	0	N0042119D0033	0.000000	0.000000	0.000000	0	eliminated:OFFICE-NOT-AMONG-OBSERVED-ORDERING-ACTIVITIES
cluster-0013	0	N0042119D0035	0.000000	0.000000	0.000000	0	eliminated:OFFICE-NOT-AMONG-OBSERVED-ORDERING-ACTIVITIES
cluster-0013	0	N0042119D0042	0.000000	0.000000	0.000000	0	eliminated:OFFICE-NOT-AMONG-OBSERVED-ORDERING-ACTIVITIES
cluster-0013	0	N0042119D0047	0.000000	0.000000	0.000000	0	eliminated:OFFICE-NOT-AMONG-OBSERVED-ORDERING-ACTIVITIES
cluster-0013	0	N0042119D0055	0.000000	0.000000	0.000000	0	eliminated:OFFICE-NOT-AMONG-OBSERVED-ORDERING-ACTIVITIES
cluster-0013	0	N0042119D0058	0.000000	0.000000	0.000000	0	eliminated:OFFICE-NOT-AMONG-OBSERVED-ORDERING-ACTIVITIES
cluster-0013	0	N0042119D0060	0.000000	0.000000	0.000000	0	eliminated:OFFICE-NOT-AMONG-OBSERVED-ORDERING-ACTIVITIES
cluster-0013	0	N0042119D0065	0.000000	0.000000	0.000000	0	eliminated:OFFICE-NOT-AMONG-OBSERVED-ORDERING-ACTIVITIES
cluster-0013	0	N0042119D0066	0.000000	0.000000	0.000000	0	eliminated:OFFICE-NOT-AMONG-OBSERVED-ORDERING-ACTIVITIES
cluster-0013	0	N0042119D0067	0.000000	0.000000	0.000000	0	eliminated:OFFICE-NOT-AMONG-OBSERVED-ORDERING-ACTIVITIES
cluster-0013	0	N0042119D0071	0.000000	0.000000	0.000000	0	eliminated:OFFICE-NOT-AMONG-OBSERVED-ORDERING-ACTIVITIES
cluster-0013	0	N0042119D0075	0.000000	0.000000	0.000000	0	eliminated:OFFICE-NOT-AMONG-OBSERVED-ORDERING-ACTIVITIES
cluster-0013	0	N0042119D0076	0.000000	0.000000	0.000000	0	eliminated:OFFICE-NOT-AMONG-OBSERVED-ORDERING-ACTIVITIES
cluster-0013	0	N0042119G0001	0.000000	0.000000	0.000000	0	eliminated:OFFICE-NOT-AMONG-OBSERVED-ORDERING-ACTIVITIES
cluster-0013	0	N0042119G0004	0.000000	0.000000	0.000000	0	eliminated:OFFICE-NOT-AMONG-OBSERVED-ORDERING-ACTIVITIES
cluster-0013	0	N0042120D0001	0.000000	0.000000	0.000000	0	eliminated:OFFICE-NOT-AMONG-OBSERVED-ORDERING-ACTIVITIES
cluster-0013	0	N0042120D0003	0.000000	0.000000	0.000000	0	eliminated:OFFICE-NOT-AMONG-OBSERVED-ORDERING-ACTIVITIES
cluster-0013	0	N0042120D0006	0.000000	0.000000	0.000000	0	eliminated:OFFICE-NOT-AMONG-OBSERVED-ORDERING-ACTIVITIES
cluster-0013	0	N0042120D0007	0.000000	0.000000	0.000000	0	eliminated:OFFICE-NOT-AMONG-OBSERVED-ORDERING-ACTIVITIES
cluster-0013	0	N0042120D0010	0.000000	0.000000	0.000000	0	eliminated:OFFICE-NOT-AMONG-OBSERVED-ORDERING-ACTIVITIES
cluster-0013	0	N0042120D0012	0.000000	0.000000	0.000000	0	eliminated:OFFICE-NOT-AMONG-OBSERVED-ORDERING-ACTIVITIES
cluster-0013	0	N0042120D0023	0.000000	0.000000	0.000000	0	eliminated:OFFICE-NOT-AMONG-OBSERVED-ORDERING-ACTIVITIES
cluster-0013	0	N0042120D0024	0.000000	0.000000	0.000000	0	eliminated:OFFICE-NOT-AMONG-OBSERVED-ORDERING-ACTIVITIES
cluster-0013	0	N0042120D0071	0.000000	0.000000	0.000000	0	eliminated:OFFICE-NOT-AMONG-OBSERVED-ORDERING-ACTIVITIES
cluster-0013	0	N0042120D0072	0.000000	0.000000	0.000000	0	eliminated:OFFICE-NOT-AMONG-OBSERVED-ORDERING-ACTIVITIES
cluster-0013	0	N0042120D0073	0.000000	0.000000	0.000000	0	eliminated:OFFICE-NOT-AMONG-OBSERVED-ORDERING-ACTIVITIES
cluster-0013	0	N0042120D0108	0.000000	0.000000	0.000000	0	eliminated:OFFICE-NOT-AMONG-OBSERVED-ORDERING-ACTIVITIES
cluster-0013	0	N0042120D0109	0.000000	0.000000	0.000000	0	eliminated:OFFICE-NOT-AMONG-OBSERVED-ORDERING-ACTIVITIES
cluster-0013	0	N0042120D0115	0.000000	0.000000	0.000000	0	eliminated:OFFICE-NOT-AMONG-OBSERVED-ORDERING-ACTIVITIES
cluster-0013	0	N0042120D0117	0.000000	0.000000	0.000000	0	eliminated:OFFICE-NOT-AMONG-OBSERVED-ORDERING-ACTIVITIES
cluster-0013	0	N0042120D0123	0.000000	0.000000	0.000000	0	eliminated:OFFICE-NOT-AMONG-OBSERVED-ORDERING-ACTIVITIES
cluster-0013	0	N0042121D0001	0.000000	0.000000	0.000000	0	eliminated:OFFICE-NOT-AMONG-OBSERVED-ORDERING-ACTIVITIES
cluster-0013	0	N0042121D0002	0.000000	0.000000	0.000000	0	eliminated:OFFICE-NOT-AMONG-OBSERVED-ORDERING-ACTIVITIES
cluster-0013	0	N0042121D0005	0.000000	0.000000	0.000000	0	eliminated:OFFICE-NOT-AMONG-OBSERVED-ORDERING-ACTIVITIES
cluster-0013	0	N0042121D0007	0.000000	0.000000	0.000000	0	eliminated:OFFICE-NOT-AMONG-OBSERVED-ORDERING-ACTIVITIES
cluster-0013	0	N0042121D0008	0.000000	0.000000	0.000000	0	eliminated:OFFICE-NOT-AMONG-OBSERVED-ORDERING-ACTIVITIES
cluster-0013	0	N0042121D0010	0.000000	0.000000	0.000000	0	eliminated:OFFICE-NOT-AMONG-OBSERVED-ORDERING-ACTIVITIES
cluster-0013	0	N0042121D0018	0.000000	0.000000	0.000000	0	eliminated:OFFICE-NOT-AMONG-OBSERVED-ORDERING-ACTIVITIES
cluster-0013	0	N0042121D0019	0.000000	0.000000	0.000000	0	eliminated:OFFICE-NOT-AMONG-OBSERVED-ORDERING-ACTIVITIES
cluster-0013	0	N0042121D0023	0.000000	0.000000	0.000000	0	eliminated:OFFICE-NOT-AMONG-OBSERVED-ORDERING-ACTIVITIES
cluster-0013	0	N0042121D0033	0.000000	0.000000	0.000000	0	eliminated:OFFICE-NOT-AMONG-OBSERVED-ORDERING-ACTIVITIES
cluster-0013	0	N0042121D0034	0.000000	0.000000	0.000000	0	eliminated:OFFICE-NOT-AMONG-OBSERVED-ORDERING-ACTIVITIES
cluster-0013	0	N0042121D0035	0.000000	0.000000	0.000000	0	eliminated:OFFICE-NOT-AMONG-OBSERVED-ORDERING-ACTIVITIES
cluster-0013	0	N0042121D0037	0.000000	0.000000	0.000000	0	eliminated:OFFICE-NOT-AMONG-OBSERVED-ORDERING-ACTIVITIES
cluster-0013	0	N0042121G0004	0.000000	0.000000	0.000000	0	eliminated:OFFICE-NOT-AMONG-OBSERVED-ORDERING-ACTIVITIES
cluster-0013	0	N0042121G0005	0.000000	0.000000	0.000000	0	eliminated:OFFICE-NOT-AMONG-OBSERVED-ORDERING-ACTIVITIES
cluster-0013	0	N0042122D0001	0.000000	0.000000	0.000000	0	eliminated:OFFICE-NOT-AMONG-OBSERVED-ORDERING-ACTIVITIES
cluster-0013	0	N0042122D0002	0.000000	0.000000	0.000000	0	eliminated:OFFICE-NOT-AMONG-OBSERVED-ORDERING-ACTIVITIES
cluster-0013	0	N0042122D0003	0.000000	0.000000	0.000000	0	eliminated:OFFICE-NOT-AMONG-OBSERVED-ORDERING-ACTIVITIES
cluster-0013	0	N0042122D0005	0.000000	0.000000	0.000000	0	eliminated:OFFICE-NOT-AMONG-OBSERVED-ORDERING-ACTIVITIES
cluster-0013	0	N0042122D0084	0.000000	0.000000	0.000000	0	eliminated:OFFICE-NOT-AMONG-OBSERVED-ORDERING-ACTIVITIES
cluster-0013	0	N0042122D0094	0.000000	0.000000	0.000000	0	eliminated:OFFICE-NOT-AMONG-OBSERVED-ORDERING-ACTIVITIES
cluster-0013	0	N0042122D0096	0.000000	0.000000	0.000000	0	eliminated:OFFICE-NOT-AMONG-OBSERVED-ORDERING-ACTIVITIES
cluster-0013	0	N0042122D0099	0.000000	0.000000	0.000000	0	eliminated:OFFICE-NOT-AMONG-OBSERVED-ORDERING-ACTIVITIES
cluster-0013	0	N0042122D0101	0.000000	0.000000	0.000000	0	eliminated:OFFICE-NOT-AMONG-OBSERVED-ORDERING-ACTIVITIES
cluster-0013	0	N0042122D0103	0.000000	0.000000	0.000000	0	eliminated:OFFICE-NOT-AMONG-OBSERVED-ORDERING-ACTIVITIES
cluster-0013	0	N0042122G0101	0.000000	0.000000	0.000000	0	eliminated:OFFICE-NOT-AMONG-OBSERVED-ORDERING-ACTIVITIES
cluster-0013	0	N0042123D0001	0.000000	0.000000	0.000000	0	eliminated:OFFICE-NOT-AMONG-OBSERVED-ORDERING-ACTIVITIES
cluster-0013	0	N0042123D0005	0.000000	0.000000	0.000000	0	eliminated:OFFICE-NOT-AMONG-OBSERVED-ORDERING-ACTIVITIES
cluster-0013	0	N0042123D0007	0.000000	0.000000	0.000000	0	eliminated:OFFICE-NOT-AMONG-OBSERVED-ORDERING-ACTIVITIES
cluster-0013	0	N0042123D0011	0.000000	0.000000	0.000000	0	eliminated:OFFICE-NOT-AMONG-OBSERVED-ORDERING-ACTIVITIES
cluster-0013	0	N0042123D0019	0.000000	0.000000	0.000000	0	eliminated:OFFICE-NOT-AMONG-OBSERVED-ORDERING-ACTIVITIES
cluster-0013	0	N0042123G0001	0.000000	0.000000	0.000000	0	eliminated:OFFICE-NOT-AMONG-OBSERVED-ORDERING-ACTIVITIES
cluster-0013	0	N0042123G0002	0.000000	0.000000	0.000000	0	eliminated:OFFICE-NOT-AMONG-OBSERVED-ORDERING-ACTIVITIES
cluster-0013	0	N0042123G0004	0.000000	0.000000	0.000000	0	eliminated:OFFICE-NOT-AMONG-OBSERVED-ORDERING-ACTIVITIES
cluster-0013	0	N0042123G0005	0.000000	0.000000	0.000000	0	eliminated:OFFICE-NOT-AMONG-OBSERVED-ORDERING-ACTIVITIES
cluster-0013	0	N0042124A0003	0.000000	0.000000	0.000000	0	eliminated:OFFICE-NOT-AMONG-OBSERVED-ORDERING-ACTIVITIES
cluster-0013	0	N0042124A0004	0.000000	0.000000	0.000000	0	eliminated:OFFICE-NOT-AMONG-OBSERVED-ORDERING-ACTIVITIES
cluster-0013	0	N0042124A0005	0.000000	0.000000	0.000000	0	eliminated:OFFICE-NOT-AMONG-OBSERVED-ORDERING-ACTIVITIES
cluster-0013	0	N0042124D0005	0.000000	0.000000	0.000000	0	eliminated:OFFICE-NOT-AMONG-OBSERVED-ORDERING-ACTIVITIES
cluster-0013	0	N0042124D0006	0.000000	0.000000	0.000000	0	eliminated:OFFICE-NOT-AMONG-OBSERVED-ORDERING-ACTIVITIES
cluster-0013	0	N0042124D0008	0.000000	0.000000	0.000000	0	eliminated:OFFICE-NOT-AMONG-OBSERVED-ORDERING-ACTIVITIES
cluster-0013	0	N0042124D0011	0.000000	0.000000	0.000000	0	eliminated:OFFICE-NOT-AMONG-OBSERVED-ORDERING-ACTIVITIES
cluster-0013	0	N0042124D0012	0.000000	0.000000	0.000000	0	eliminated:OFFICE-NOT-AMONG-OBSERVED-ORDERING-ACTIVITIES
cluster-0013	0	N0042124D0020	0.000000	0.000000	0.000000	0	eliminated:OFFICE-NOT-AMONG-OBSERVED-ORDERING-ACTIVITIES
cluster-0013	0	N0042124D0022	0.000000	0.000000	0.000000	0	eliminated:OFFICE-NOT-AMONG-OBSERVED-ORDERING-ACTIVITIES
cluster-0013	0	N0042124D0071	0.000000	0.000000	0.000000	0	eliminated:OFFICE-NOT-AMONG-OBSERVED-ORDERING-ACTIVITIES
cluster-0013	0	N0042124G0001	0.000000	0.000000	0.000000	0	eliminated:OFFICE-NOT-AMONG-OBSERVED-ORDERING-ACTIVITIES
cluster-0013	0	N0042124G0005	0.000000	0.000000	0.000000	0	eliminated:OFFICE-NOT-AMONG-OBSERVED-ORDERING-ACTIVITIES
cluster-0013	0	N0042125D0301	0.000000	0.000000	0.000000	0	eliminated:OFFICE-NOT-AMONG-OBSERVED-ORDERING-ACTIVITIES
cluster-0013	0	N0042125D0302	0.000000	0.000000	0.000000	0	eliminated:OFFICE-NOT-AMONG-OBSERVED-ORDERING-ACTIVITIES
cluster-0013	0	N0042125D0303	0.000000	0.000000	0.000000	0	eliminated:OFFICE-NOT-AMONG-OBSERVED-ORDERING-ACTIVITIES
cluster-0013	0	N0042125G0003	0.000000	0.000000	0.000000	0	eliminated:OFFICE-NOT-AMONG-OBSERVED-ORDERING-ACTIVITIES
cluster-0013	0	N6134015D0003	0.000000	0.000000	0.000000	0	eliminated:OFFICE-NOT-AMONG-OBSERVED-ORDERING-ACTIVITIES
cluster-0013	0	N6134016D1003	0.000000	0.000000	0.000000	0	eliminated:OFFICE-NOT-AMONG-OBSERVED-ORDERING-ACTIVITIES
cluster-0013	0	N6134016D1005	0.000000	0.000000	0.000000	0	eliminated:OFFICE-NOT-AMONG-OBSERVED-ORDERING-ACTIVITIES
cluster-0013	0	N6134018D0002	0.000000	0.000000	0.000000	0	eliminated:OFFICE-NOT-AMONG-OBSERVED-ORDERING-ACTIVITIES
cluster-0013	0	N6134018D0004	0.000000	0.000000	0.000000	0	eliminated:OFFICE-NOT-AMONG-OBSERVED-ORDERING-ACTIVITIES
cluster-0013	0	N6134018D0009	0.000000	0.000000	0.000000	0	eliminated:OFFICE-NOT-AMONG-OBSERVED-ORDERING-ACTIVITIES
cluster-0013	0	N6134019D0003	0.000000	0.000000	0.000000	0	eliminated:OFFICE-NOT-AMONG-OBSERVED-ORDERING-ACTIVITIES
cluster-0013	0	N6134019D0906	0.000000	0.000000	0.000000	0	eliminated:OFFICE-NOT-AMONG-OBSERVED-ORDERING-ACTIVITIES
cluster-0013	0	N6134019D1010	0.000000	0.000000	0.000000	0	eliminated:OFFICE-NOT-AMONG-OBSERVED-ORDERING-ACTIVITIES
cluster-0013	0	N6134019G0002	0.000000	0.000000	0.000000	0	eliminated:OFFICE-NOT-AMONG-OBSERVED-ORDERING-ACTIVITIES
cluster-0013	0	N6134020D0002	0.000000	0.000000	0.000000	0	eliminated:OFFICE-NOT-AMONG-OBSERVED-ORDERING-ACTIVITIES
cluster-0013	0	N6134020D0004	0.000000	0.000000	0.000000	0	eliminated:OFFICE-NOT-AMONG-OBSERVED-ORDERING-ACTIVITIES
cluster-0013	0	N6134020D0008	0.000000	0.000000	0.000000	0	eliminated:OFFICE-NOT-AMONG-OBSERVED-ORDERING-ACTIVITIES
cluster-0013	0	N6134020D0011	0.000000	0.000000	0.000000	0	eliminated:OFFICE-NOT-AMONG-OBSERVED-ORDERING-ACTIVITIES
cluster-0013	0	N6134020D0015	0.000000	0.000000	0.000000	0	eliminated:OFFICE-NOT-AMONG-OBSERVED-ORDERING-ACTIVITIES
cluster-0013	0	N6134020D0019	0.000000	0.000000	0.000000	0	eliminated:OFFICE-NOT-AMONG-OBSERVED-ORDERING-ACTIVITIES
cluster-0013	0	N6134020D0020	0.000000	0.000000	0.000000	0	eliminated:OFFICE-NOT-AMONG-OBSERVED-ORDERING-ACTIVITIES
cluster-0013	0	N6134020D0021	0.000000	0.000000	0.000000	0	eliminated:OFFICE-NOT-AMONG-OBSERVED-ORDERING-ACTIVITIES
cluster-0013	0	N6134020D0024	0.000000	0.000000	0.000000	0	eliminated:OFFICE-NOT-AMONG-OBSERVED-ORDERING-ACTIVITIES
cluster-0013	0	N6134020D0025	0.000000	0.000000	0.000000	0	eliminated:OFFICE-NOT-AMONG-OBSERVED-ORDERING-ACTIVITIES
cluster-0013	0	N6134021D0013	0.000000	0.000000	0.000000	0	eliminated:OFFICE-NOT-AMONG-OBSERVED-ORDERING-ACTIVITIES
cluster-0013	0	N6134021D0015	0.000000	0.000000	0.000000	0	eliminated:OFFICE-NOT-AMONG-OBSERVED-ORDERING-ACTIVITIES
cluster-0013	0	N6134021D0016	0.000000	0.000000	0.000000	0	eliminated:OFFICE-NOT-AMONG-OBSERVED-ORDERING-ACTIVITIES
cluster-0013	0	N6134022D0002	0.000000	0.000000	0.000000	0	eliminated:OFFICE-NOT-AMONG-OBSERVED-ORDERING-ACTIVITIES
cluster-0013	0	N6134022D0004	0.000000	0.000000	0.000000	0	eliminated:OFFICE-NOT-AMONG-OBSERVED-ORDERING-ACTIVITIES
cluster-0013	0	N6134022D0006	0.000000	0.000000	0.000000	0	eliminated:OFFICE-NOT-AMONG-OBSERVED-ORDERING-ACTIVITIES
cluster-0013	0	N6134022D0008	0.000000	0.000000	0.000000	0	eliminated:OFFICE-NOT-AMONG-OBSERVED-ORDERING-ACTIVITIES
cluster-0013	0	N6134023D0001	0.000000	0.000000	0.000000	0	eliminated:OFFICE-NOT-AMONG-OBSERVED-ORDERING-ACTIVITIES
cluster-0013	0	N6134023D0003	0.000000	0.000000	0.000000	0	eliminated:OFFICE-NOT-AMONG-OBSERVED-ORDERING-ACTIVITIES
cluster-0013	0	N6134023D0004	0.000000	0.000000	0.000000	0	eliminated:OFFICE-NOT-AMONG-OBSERVED-ORDERING-ACTIVITIES
cluster-0013	0	N6134023D0008	0.000000	0.000000	0.000000	0	eliminated:OFFICE-NOT-AMONG-OBSERVED-ORDERING-ACTIVITIES
cluster-0013	0	N6134024D0001	0.000000	0.000000	0.000000	0	eliminated:OFFICE-NOT-AMONG-OBSERVED-ORDERING-ACTIVITIES
cluster-0013	0	N6134024D0006	0.000000	0.000000	0.000000	0	eliminated:OFFICE-NOT-AMONG-OBSERVED-ORDERING-ACTIVITIES
cluster-0013	0	N6134024D0013	0.000000	0.000000	0.000000	0	eliminated:OFFICE-NOT-AMONG-OBSERVED-ORDERING-ACTIVITIES
cluster-0013	0	N6134025D0005	0.000000	0.000000	0.000000	0	eliminated:OFFICE-NOT-AMONG-OBSERVED-ORDERING-ACTIVITIES
cluster-0013	0	N6134025D0006	0.000000	0.000000	0.000000	0	eliminated:OFFICE-NOT-AMONG-OBSERVED-ORDERING-ACTIVITIES
cluster-0013	0	N6833515D0026	0.000000	0.000000	0.000000	0	eliminated:OFFICE-NOT-AMONG-OBSERVED-ORDERING-ACTIVITIES
cluster-0013	0	N6833515G0022	0.000000	0.000000	0.000000	0	eliminated:OFFICE-NOT-AMONG-OBSERVED-ORDERING-ACTIVITIES
cluster-0013	0	N6833516D0013	0.000000	0.000000	0.000000	0	eliminated:OFFICE-NOT-AMONG-OBSERVED-ORDERING-ACTIVITIES
cluster-0013	0	N6833516D0020	0.000000	0.000000	0.000000	0	eliminated:OFFICE-NOT-AMONG-OBSERVED-ORDERING-ACTIVITIES
cluster-0013	0	N6833517D0021	0.000000	0.000000	0.000000	0	eliminated:OFFICE-NOT-AMONG-OBSERVED-ORDERING-ACTIVITIES
cluster-0013	0	N6833518D0031	0.000000	0.000000	0.000000	0	eliminated:OFFICE-NOT-AMONG-OBSERVED-ORDERING-ACTIVITIES
cluster-0013	0	N6833518G0014	0.000000	0.000000	0.000000	0	eliminated:OFFICE-NOT-AMONG-OBSERVED-ORDERING-ACTIVITIES
cluster-0013	0	N6833519D0135	0.000000	0.000000	0.000000	0	eliminated:OFFICE-NOT-AMONG-OBSERVED-ORDERING-ACTIVITIES
cluster-0013	0	N6833519G0013	0.000000	0.000000	0.000000	0	eliminated:OFFICE-NOT-AMONG-OBSERVED-ORDERING-ACTIVITIES
cluster-0013	0	N6833519G0041	0.000000	0.000000	0.000000	0	eliminated:OFFICE-NOT-AMONG-OBSERVED-ORDERING-ACTIVITIES
cluster-0013	0	N6833519G0050	0.000000	0.000000	0.000000	0	eliminated:OFFICE-NOT-AMONG-OBSERVED-ORDERING-ACTIVITIES
cluster-0013	0	N6833519G0059	0.000000	0.000000	0.000000	0	eliminated:OFFICE-NOT-AMONG-OBSERVED-ORDERING-ACTIVITIES
cluster-0013	0	N6833520D0022	0.000000	0.000000	0.000000	0	eliminated:OFFICE-NOT-AMONG-OBSERVED-ORDERING-ACTIVITIES
cluster-0013	0	N6833520D0032	0.000000	0.000000	0.000000	0	eliminated:OFFICE-NOT-AMONG-OBSERVED-ORDERING-ACTIVITIES
cluster-0013	0	N6833520D0048	0.000000	0.000000	0.000000	0	eliminated:OFFICE-NOT-AMONG-OBSERVED-ORDERING-ACTIVITIES
cluster-0013	0	N6833520D0935	0.000000	0.000000	0.000000	0	eliminated:OFFICE-NOT-AMONG-OBSERVED-ORDERING-ACTIVITIES
cluster-0013	0	N6833520G0002	0.000000	0.000000	0.000000	0	eliminated:OFFICE-NOT-AMONG-OBSERVED-ORDERING-ACTIVITIES
cluster-0013	0	N6833520G1048	0.000000	0.000000	0.000000	0	eliminated:OFFICE-NOT-AMONG-OBSERVED-ORDERING-ACTIVITIES
cluster-0013	0	N6833520G3036	0.000000	0.000000	0.000000	0	eliminated:OFFICE-NOT-AMONG-OBSERVED-ORDERING-ACTIVITIES
cluster-0013	0	N6833521D0045	0.000000	0.000000	0.000000	0	eliminated:OFFICE-NOT-AMONG-OBSERVED-ORDERING-ACTIVITIES
cluster-0013	0	N6833521D0046	0.000000	0.000000	0.000000	0	eliminated:OFFICE-NOT-AMONG-OBSERVED-ORDERING-ACTIVITIES
cluster-0013	0	N6833521D0048	0.000000	0.000000	0.000000	0	eliminated:OFFICE-NOT-AMONG-OBSERVED-ORDERING-ACTIVITIES
cluster-0013	0	N6833521D0049	0.000000	0.000000	0.000000	0	eliminated:OFFICE-NOT-AMONG-OBSERVED-ORDERING-ACTIVITIES
cluster-0013	0	N6833521D0053	0.000000	0.000000	0.000000	0	eliminated:OFFICE-NOT-AMONG-OBSERVED-ORDERING-ACTIVITIES
cluster-0013	0	N6833521D0064	0.000000	0.000000	0.000000	0	eliminated:OFFICE-NOT-AMONG-OBSERVED-ORDERING-ACTIVITIES
cluster-0013	0	N6833521D0214	0.000000	0.000000	0.000000	0	eliminated:OFFICE-NOT-AMONG-OBSERVED-ORDERING-ACTIVITIES
cluster-0013	0	N6833521D0225	0.000000	0.000000	0.000000	0	eliminated:OFFICE-NOT-AMONG-OBSERVED-ORDERING-ACTIVITIES
cluster-0013	0	N6833521D0227	0.000000	0.000000	0.000000	0	eliminated:OFFICE-NOT-AMONG-OBSERVED-ORDERING-ACTIVITIES
cluster-0013	0	N6833521D0229	0.000000	0.000000	0.000000	0	eliminated:OFFICE-NOT-AMONG-OBSERVED-ORDERING-ACTIVITIES
cluster-0013	0	N6833521G0020	0.000000	0.000000	0.000000	0	eliminated:OFFICE-NOT-AMONG-OBSERVED-ORDERING-ACTIVITIES
cluster-0013	0	N6833521G0021	0.000000	0.000000	0.000000	0	eliminated:OFFICE-NOT-AMONG-OBSERVED-ORDERING-ACTIVITIES
cluster-0013	0	N6833522A0017	0.000000	0.000000	0.000000	0	eliminated:OFFICE-NOT-AMONG-OBSERVED-ORDERING-ACTIVITIES
cluster-0013	0	N6833522A0027	0.000000	0.000000	0.000000	0	eliminated:OFFICE-NOT-AMONG-OBSERVED-ORDERING-ACTIVITIES
cluster-0013	0	N6833522A0029	0.000000	0.000000	0.000000	0	eliminated:OFFICE-NOT-AMONG-OBSERVED-ORDERING-ACTIVITIES
cluster-0013	0	N6833522A0032	0.000000	0.000000	0.000000	0	eliminated:OFFICE-NOT-AMONG-OBSERVED-ORDERING-ACTIVITIES
cluster-0013	0	N6833522A0035	0.000000	0.000000	0.000000	0	eliminated:OFFICE-NOT-AMONG-OBSERVED-ORDERING-ACTIVITIES
cluster-0013	0	N6833522D0004	0.000000	0.000000	0.000000	0	eliminated:OFFICE-NOT-AMONG-OBSERVED-ORDERING-ACTIVITIES
cluster-0013	0	N6833522D0005	0.000000	0.000000	0.000000	0	eliminated:OFFICE-NOT-AMONG-OBSERVED-ORDERING-ACTIVITIES
cluster-0013	0	N6833522D0008	0.000000	0.000000	0.000000	0	eliminated:OFFICE-NOT-AMONG-OBSERVED-ORDERING-ACTIVITIES
cluster-0013	0	N6833522D0012	0.000000	0.000000	0.000000	0	eliminated:OFFICE-NOT-AMONG-OBSERVED-ORDERING-ACTIVITIES
cluster-0013	0	N6833522D0013	0.000000	0.000000	0.000000	0	eliminated:OFFICE-NOT-AMONG-OBSERVED-ORDERING-ACTIVITIES
cluster-0013	0	N6833522D0017	0.000000	0.000000	0.000000	0	eliminated:OFFICE-NOT-AMONG-OBSERVED-ORDERING-ACTIVITIES
cluster-0013	0	N6833522D0022	0.000000	0.000000	0.000000	0	eliminated:OFFICE-NOT-AMONG-OBSERVED-ORDERING-ACTIVITIES
cluster-0013	0	N6833522D0037	0.000000	0.000000	0.000000	0	eliminated:OFFICE-NOT-AMONG-OBSERVED-ORDERING-ACTIVITIES
cluster-0013	0	N6833522D0039	0.000000	0.000000	0.000000	0	eliminated:OFFICE-NOT-AMONG-OBSERVED-ORDERING-ACTIVITIES
cluster-0013	0	N6833522G0010	0.000000	0.000000	0.000000	0	eliminated:OFFICE-NOT-AMONG-OBSERVED-ORDERING-ACTIVITIES
cluster-0013	0	N6833522G0029	0.000000	0.000000	0.000000	0	eliminated:OFFICE-NOT-AMONG-OBSERVED-ORDERING-ACTIVITIES
cluster-0013	0	N6833522G0035	0.000000	0.000000	0.000000	0	eliminated:OFFICE-NOT-AMONG-OBSERVED-ORDERING-ACTIVITIES
cluster-0013	0	N6833522G0036	0.000000	0.000000	0.000000	0	eliminated:OFFICE-NOT-AMONG-OBSERVED-ORDERING-ACTIVITIES
cluster-0013	0	N6833522G0041	0.000000	0.000000	0.000000	0	eliminated:OFFICE-NOT-AMONG-OBSERVED-ORDERING-ACTIVITIES
cluster-0013	0	N6833523A0016	0.000000	0.000000	0.000000	0	eliminated:OFFICE-NOT-AMONG-OBSERVED-ORDERING-ACTIVITIES
cluster-0013	0	N6833523A0018	0.000000	0.000000	0.000000	0	eliminated:OFFICE-NOT-AMONG-OBSERVED-ORDERING-ACTIVITIES
cluster-0013	0	N6833523A0020	0.000000	0.000000	0.000000	0	eliminated:OFFICE-NOT-AMONG-OBSERVED-ORDERING-ACTIVITIES
cluster-0013	0	N6833523A0021	0.000000	0.000000	0.000000	0	eliminated:OFFICE-NOT-AMONG-OBSERVED-ORDERING-ACTIVITIES
cluster-0013	0	N6833523A0025	0.000000	0.000000	0.000000	0	eliminated:OFFICE-NOT-AMONG-OBSERVED-ORDERING-ACTIVITIES
cluster-0013	0	N6833523A0027	0.000000	0.000000	0.000000	0	eliminated:OFFICE-NOT-AMONG-OBSERVED-ORDERING-ACTIVITIES
cluster-0013	0	N6833523A0028	0.000000	0.000000	0.000000	0	eliminated:OFFICE-NOT-AMONG-OBSERVED-ORDERING-ACTIVITIES
cluster-0013	0	N6833523A0029	0.000000	0.000000	0.000000	0	eliminated:OFFICE-NOT-AMONG-OBSERVED-ORDERING-ACTIVITIES
cluster-0013	0	N6833523A0030	0.000000	0.000000	0.000000	0	eliminated:OFFICE-NOT-AMONG-OBSERVED-ORDERING-ACTIVITIES
cluster-0013	0	N6833523A0038	0.000000	0.000000	0.000000	0	eliminated:OFFICE-NOT-AMONG-OBSERVED-ORDERING-ACTIVITIES
cluster-0013	0	N6833523A0040	0.000000	0.000000	0.000000	0	eliminated:OFFICE-NOT-AMONG-OBSERVED-ORDERING-ACTIVITIES
cluster-0013	0	N6833523A0041	0.000000	0.000000	0.000000	0	eliminated:OFFICE-NOT-AMONG-OBSERVED-ORDERING-ACTIVITIES
cluster-0013	0	N6833523A0043	0.000000	0.000000	0.000000	0	eliminated:OFFICE-NOT-AMONG-OBSERVED-ORDERING-ACTIVITIES
cluster-0013	0	N6833523A0049	0.000000	0.000000	0.000000	0	eliminated:OFFICE-NOT-AMONG-OBSERVED-ORDERING-ACTIVITIES
cluster-0013	0	N6833523A0051	0.000000	0.000000	0.000000	0	eliminated:OFFICE-NOT-AMONG-OBSERVED-ORDERING-ACTIVITIES
cluster-0013	0	N6833523A0059	0.000000	0.000000	0.000000	0	eliminated:OFFICE-NOT-AMONG-OBSERVED-ORDERING-ACTIVITIES
cluster-0013	0	N6833523A0062	0.000000	0.000000	0.000000	0	eliminated:OFFICE-NOT-AMONG-OBSERVED-ORDERING-ACTIVITIES
cluster-0013	0	N6833523A0120	0.000000	0.000000	0.000000	0	eliminated:OFFICE-NOT-AMONG-OBSERVED-ORDERING-ACTIVITIES
cluster-0013	0	N6833523A0134	0.000000	0.000000	0.000000	0	eliminated:OFFICE-NOT-AMONG-OBSERVED-ORDERING-ACTIVITIES
cluster-0013	0	N6833523A0151	0.000000	0.000000	0.000000	0	eliminated:OFFICE-NOT-AMONG-OBSERVED-ORDERING-ACTIVITIES
cluster-0013	0	N6833523A0153	0.000000	0.000000	0.000000	0	eliminated:OFFICE-NOT-AMONG-OBSERVED-ORDERING-ACTIVITIES
cluster-0013	0	N6833523A0167	0.000000	0.000000	0.000000	0	eliminated:OFFICE-NOT-AMONG-OBSERVED-ORDERING-ACTIVITIES
cluster-0013	0	N6833523A0194	0.000000	0.000000	0.000000	0	eliminated:OFFICE-NOT-AMONG-OBSERVED-ORDERING-ACTIVITIES
cluster-0013	0	N6833523D0001	0.000000	0.000000	0.000000	0	eliminated:OFFICE-NOT-AMONG-OBSERVED-ORDERING-ACTIVITIES
cluster-0013	0	N6833523D0003	0.000000	0.000000	0.000000	0	eliminated:OFFICE-NOT-AMONG-OBSERVED-ORDERING-ACTIVITIES
cluster-0013	0	N6833523D0004	0.000000	0.000000	0.000000	0	eliminated:OFFICE-NOT-AMONG-OBSERVED-ORDERING-ACTIVITIES
cluster-0013	0	N6833523D0010	0.000000	0.000000	0.000000	0	eliminated:OFFICE-NOT-AMONG-OBSERVED-ORDERING-ACTIVITIES
cluster-0013	0	N6833523D0017	0.000000	0.000000	0.000000	0	eliminated:OFFICE-NOT-AMONG-OBSERVED-ORDERING-ACTIVITIES
cluster-0013	0	N6833523D0025	0.000000	0.000000	0.000000	0	eliminated:OFFICE-NOT-AMONG-OBSERVED-ORDERING-ACTIVITIES
cluster-0013	0	N6833523D0029	0.000000	0.000000	0.000000	0	eliminated:OFFICE-NOT-AMONG-OBSERVED-ORDERING-ACTIVITIES
cluster-0013	0	N6833523D0035	0.000000	0.000000	0.000000	0	eliminated:OFFICE-NOT-AMONG-OBSERVED-ORDERING-ACTIVITIES
cluster-0013	0	N6833523D0046	0.000000	0.000000	0.000000	0	eliminated:OFFICE-NOT-AMONG-OBSERVED-ORDERING-ACTIVITIES
cluster-0013	0	N6833523G0001	0.000000	0.000000	0.000000	0	eliminated:OFFICE-NOT-AMONG-OBSERVED-ORDERING-ACTIVITIES
cluster-0013	0	N6833523G0004	0.000000	0.000000	0.000000	0	eliminated:OFFICE-NOT-AMONG-OBSERVED-ORDERING-ACTIVITIES
cluster-0013	0	N6833524A0002	0.000000	0.000000	0.000000	0	eliminated:OFFICE-NOT-AMONG-OBSERVED-ORDERING-ACTIVITIES
cluster-0013	0	N6833524A0007	0.000000	0.000000	0.000000	0	eliminated:OFFICE-NOT-AMONG-OBSERVED-ORDERING-ACTIVITIES
cluster-0013	0	N6833524A0016	0.000000	0.000000	0.000000	0	eliminated:OFFICE-NOT-AMONG-OBSERVED-ORDERING-ACTIVITIES
cluster-0013	0	N6833524A0026	0.000000	0.000000	0.000000	0	eliminated:OFFICE-NOT-AMONG-OBSERVED-ORDERING-ACTIVITIES
cluster-0013	0	N6833524A0032	0.000000	0.000000	0.000000	0	eliminated:OFFICE-NOT-AMONG-OBSERVED-ORDERING-ACTIVITIES
cluster-0013	0	N6833524A0033	0.000000	0.000000	0.000000	0	eliminated:OFFICE-NOT-AMONG-OBSERVED-ORDERING-ACTIVITIES
cluster-0013	0	N6833524A0040	0.000000	0.000000	0.000000	0	eliminated:OFFICE-NOT-AMONG-OBSERVED-ORDERING-ACTIVITIES
cluster-0013	0	N6833524D0002	0.000000	0.000000	0.000000	0	eliminated:OFFICE-NOT-AMONG-OBSERVED-ORDERING-ACTIVITIES
cluster-0013	0	N6833524D0003	0.000000	0.000000	0.000000	0	eliminated:OFFICE-NOT-AMONG-OBSERVED-ORDERING-ACTIVITIES
cluster-0013	0	N6833524D0009	0.000000	0.000000	0.000000	0	eliminated:OFFICE-NOT-AMONG-OBSERVED-ORDERING-ACTIVITIES
cluster-0013	0	N6833524D0010	0.000000	0.000000	0.000000	0	eliminated:OFFICE-NOT-AMONG-OBSERVED-ORDERING-ACTIVITIES
cluster-0013	0	N6833524D0018	0.000000	0.000000	0.000000	0	eliminated:OFFICE-NOT-AMONG-OBSERVED-ORDERING-ACTIVITIES
cluster-0013	0	N6833524D0019	0.000000	0.000000	0.000000	0	eliminated:OFFICE-NOT-AMONG-OBSERVED-ORDERING-ACTIVITIES
cluster-0013	0	N6833524D0020	0.000000	0.000000	0.000000	0	eliminated:OFFICE-NOT-AMONG-OBSERVED-ORDERING-ACTIVITIES
cluster-0013	0	N6833524D0021	0.000000	0.000000	0.000000	0	eliminated:OFFICE-NOT-AMONG-OBSERVED-ORDERING-ACTIVITIES
cluster-0013	0	N6833524D0023	0.000000	0.000000	0.000000	0	eliminated:OFFICE-NOT-AMONG-OBSERVED-ORDERING-ACTIVITIES
cluster-0013	0	N6833524G0007	0.000000	0.000000	0.000000	0	eliminated:OFFICE-NOT-AMONG-OBSERVED-ORDERING-ACTIVITIES
cluster-0013	0	N6833524G0009	0.000000	0.000000	0.000000	0	eliminated:OFFICE-NOT-AMONG-OBSERVED-ORDERING-ACTIVITIES
cluster-0013	0	N6833524G0021	0.000000	0.000000	0.000000	0	eliminated:OFFICE-NOT-AMONG-OBSERVED-ORDERING-ACTIVITIES
cluster-0013	0	N6833524G0028	0.000000	0.000000	0.000000	0	eliminated:OFFICE-NOT-AMONG-OBSERVED-ORDERING-ACTIVITIES
cluster-0013	0	N6833524G0038	0.000000	0.000000	0.000000	0	eliminated:OFFICE-NOT-AMONG-OBSERVED-ORDERING-ACTIVITIES
cluster-0013	0	N6833525A0007	0.000000	0.000000	0.000000	0	eliminated:OFFICE-NOT-AMONG-OBSERVED-ORDERING-ACTIVITIES
cluster-0013	0	N6833525A0008	0.000000	0.000000	0.000000	0	eliminated:OFFICE-NOT-AMONG-OBSERVED-ORDERING-ACTIVITIES
cluster-0013	0	N6833525A0038	0.000000	0.000000	0.000000	0	eliminated:OFFICE-NOT-AMONG-OBSERVED-ORDERING-ACTIVITIES
cluster-0013	0	N6833525D0001	0.000000	0.000000	0.000000	0	eliminated:OFFICE-NOT-AMONG-OBSERVED-ORDERING-ACTIVITIES
cluster-0013	0	N6833525D0004	0.000000	0.000000	0.000000	0	eliminated:OFFICE-NOT-AMONG-OBSERVED-ORDERING-ACTIVITIES
cluster-0013	0	N6833525D0005	0.000000	0.000000	0.000000	0	eliminated:OFFICE-NOT-AMONG-OBSERVED-ORDERING-ACTIVITIES
cluster-0013	0	N6833525D0010	0.000000	0.000000	0.000000	0	eliminated:OFFICE-NOT-AMONG-OBSERVED-ORDERING-ACTIVITIES
cluster-0013	0	N6893614D0008	0.000000	0.000000	0.000000	0	eliminated:OFFICE-NOT-AMONG-OBSERVED-ORDERING-ACTIVITIES
cluster-0013	0	N6893615D0015	0.000000	0.000000	0.000000	0	eliminated:OFFICE-NOT-AMONG-OBSERVED-ORDERING-ACTIVITIES
cluster-0013	0	N6893616D0016	0.000000	0.000000	0.000000	0	eliminated:OFFICE-NOT-AMONG-OBSERVED-ORDERING-ACTIVITIES
cluster-0013	0	N6893616D0018	0.000000	0.000000	0.000000	0	eliminated:OFFICE-NOT-AMONG-OBSERVED-ORDERING-ACTIVITIES
cluster-0013	0	N6893617D0010	0.000000	0.000000	0.000000	0	eliminated:OFFICE-NOT-AMONG-OBSERVED-ORDERING-ACTIVITIES
cluster-0013	0	N6893618D0006	0.000000	0.000000	0.000000	0	eliminated:OFFICE-NOT-AMONG-OBSERVED-ORDERING-ACTIVITIES
cluster-0013	0	N6893618D0012	0.000000	0.000000	0.000000	0	eliminated:OFFICE-NOT-AMONG-OBSERVED-ORDERING-ACTIVITIES
cluster-0013	0	N6893618D0014	0.000000	0.000000	0.000000	0	eliminated:OFFICE-NOT-AMONG-OBSERVED-ORDERING-ACTIVITIES
cluster-0013	0	N6893618D0015	0.000000	0.000000	0.000000	0	eliminated:OFFICE-NOT-AMONG-OBSERVED-ORDERING-ACTIVITIES
cluster-0013	0	N6893618D0026	0.000000	0.000000	0.000000	0	eliminated:OFFICE-NOT-AMONG-OBSERVED-ORDERING-ACTIVITIES
cluster-0013	0	N6893618D0029	0.000000	0.000000	0.000000	0	eliminated:OFFICE-NOT-AMONG-OBSERVED-ORDERING-ACTIVITIES
cluster-0013	0	N6893618D0036	0.000000	0.000000	0.000000	0	eliminated:OFFICE-NOT-AMONG-OBSERVED-ORDERING-ACTIVITIES
cluster-0013	0	N6893619D0001	0.000000	0.000000	0.000000	0	eliminated:OFFICE-NOT-AMONG-OBSERVED-ORDERING-ACTIVITIES
cluster-0013	0	N6893619D0007	0.000000	0.000000	0.000000	0	eliminated:OFFICE-NOT-AMONG-OBSERVED-ORDERING-ACTIVITIES
cluster-0013	0	N6893619D0008	0.000000	0.000000	0.000000	0	eliminated:OFFICE-NOT-AMONG-OBSERVED-ORDERING-ACTIVITIES
cluster-0013	0	N6893619D0017	0.000000	0.000000	0.000000	0	eliminated:OFFICE-NOT-AMONG-OBSERVED-ORDERING-ACTIVITIES
cluster-0013	0	N6893619D0020	0.000000	0.000000	0.000000	0	eliminated:OFFICE-NOT-AMONG-OBSERVED-ORDERING-ACTIVITIES
cluster-0013	0	N6893619D0027	0.000000	0.000000	0.000000	0	eliminated:OFFICE-NOT-AMONG-OBSERVED-ORDERING-ACTIVITIES
cluster-0013	0	N6893619D0035	0.000000	0.000000	0.000000	0	eliminated:OFFICE-NOT-AMONG-OBSERVED-ORDERING-ACTIVITIES
cluster-0013	0	N6893619D0048	0.000000	0.000000	0.000000	0	eliminated:OFFICE-NOT-AMONG-OBSERVED-ORDERING-ACTIVITIES
cluster-0013	0	N6893620D0001	0.000000	0.000000	0.000000	0	eliminated:OFFICE-NOT-AMONG-OBSERVED-ORDERING-ACTIVITIES
cluster-0013	0	N6893620D0005	0.000000	0.000000	0.000000	0	eliminated:OFFICE-NOT-AMONG-OBSERVED-ORDERING-ACTIVITIES
cluster-0013	0	N6893620D0014	0.000000	0.000000	0.000000	0	eliminated:OFFICE-NOT-AMONG-OBSERVED-ORDERING-ACTIVITIES
cluster-0013	0	N6893620D0015	0.000000	0.000000	0.000000	0	eliminated:OFFICE-NOT-AMONG-OBSERVED-ORDERING-ACTIVITIES
cluster-0013	0	N6893620D0016	0.000000	0.000000	0.000000	0	eliminated:OFFICE-NOT-AMONG-OBSERVED-ORDERING-ACTIVITIES
cluster-0013	0	N6893620D0018	0.000000	0.000000	0.000000	0	eliminated:OFFICE-NOT-AMONG-OBSERVED-ORDERING-ACTIVITIES
cluster-0013	0	N6893620D0024	0.000000	0.000000	0.000000	0	eliminated:OFFICE-NOT-AMONG-OBSERVED-ORDERING-ACTIVITIES
cluster-0013	0	N6893620D0033	0.000000	0.000000	0.000000	0	eliminated:OFFICE-NOT-AMONG-OBSERVED-ORDERING-ACTIVITIES
cluster-0013	0	N6893621D0001	0.000000	0.000000	0.000000	0	eliminated:OFFICE-NOT-AMONG-OBSERVED-ORDERING-ACTIVITIES
cluster-0013	0	N6893621D0007	0.000000	0.000000	0.000000	0	eliminated:OFFICE-NOT-AMONG-OBSERVED-ORDERING-ACTIVITIES
cluster-0013	0	N6893621D0009	0.000000	0.000000	0.000000	0	eliminated:OFFICE-NOT-AMONG-OBSERVED-ORDERING-ACTIVITIES
cluster-0013	0	N6893621D0010	0.000000	0.000000	0.000000	0	eliminated:OFFICE-NOT-AMONG-OBSERVED-ORDERING-ACTIVITIES
cluster-0013	0	N6893621D0011	0.000000	0.000000	0.000000	0	eliminated:OFFICE-NOT-AMONG-OBSERVED-ORDERING-ACTIVITIES
cluster-0013	0	N6893621D0016	0.000000	0.000000	0.000000	0	eliminated:OFFICE-NOT-AMONG-OBSERVED-ORDERING-ACTIVITIES
cluster-0013	0	N6893621D0017	0.000000	0.000000	0.000000	0	eliminated:OFFICE-NOT-AMONG-OBSERVED-ORDERING-ACTIVITIES
cluster-0013	0	N6893621D0024	0.000000	0.000000	0.000000	0	eliminated:OFFICE-NOT-AMONG-OBSERVED-ORDERING-ACTIVITIES
cluster-0013	0	N6893621D0026	0.000000	0.000000	0.000000	0	eliminated:OFFICE-NOT-AMONG-OBSERVED-ORDERING-ACTIVITIES
cluster-0013	0	N6893621D0043	0.000000	0.000000	0.000000	0	eliminated:OFFICE-NOT-AMONG-OBSERVED-ORDERING-ACTIVITIES
cluster-0013	0	N6893621D0044	0.000000	0.000000	0.000000	0	eliminated:OFFICE-NOT-AMONG-OBSERVED-ORDERING-ACTIVITIES
cluster-0013	0	N6893621D0045	0.000000	0.000000	0.000000	0	eliminated:OFFICE-NOT-AMONG-OBSERVED-ORDERING-ACTIVITIES
cluster-0013	0	N6893621D0046	0.000000	0.000000	0.000000	0	eliminated:OFFICE-NOT-AMONG-OBSERVED-ORDERING-ACTIVITIES
cluster-0013	0	N6893621D0051	0.000000	0.000000	0.000000	0	eliminated:OFFICE-NOT-AMONG-OBSERVED-ORDERING-ACTIVITIES
cluster-0013	0	N6893622D0002	0.000000	0.000000	0.000000	0	eliminated:OFFICE-NOT-AMONG-OBSERVED-ORDERING-ACTIVITIES
cluster-0013	0	N6893622D0004	0.000000	0.000000	0.000000	0	eliminated:OFFICE-NOT-AMONG-OBSERVED-ORDERING-ACTIVITIES
cluster-0013	0	N6893622D0007	0.000000	0.000000	0.000000	0	eliminated:OFFICE-NOT-AMONG-OBSERVED-ORDERING-ACTIVITIES
cluster-0013	0	N6893622D0008	0.000000	0.000000	0.000000	0	eliminated:OFFICE-NOT-AMONG-OBSERVED-ORDERING-ACTIVITIES
cluster-0013	0	N6893622D0009	0.000000	0.000000	0.000000	0	eliminated:OFFICE-NOT-AMONG-OBSERVED-ORDERING-ACTIVITIES
cluster-0013	0	N6893622D0010	0.000000	0.000000	0.000000	0	eliminated:OFFICE-NOT-AMONG-OBSERVED-ORDERING-ACTIVITIES
cluster-0013	0	N6893622D0011	0.000000	0.000000	0.000000	0	eliminated:OFFICE-NOT-AMONG-OBSERVED-ORDERING-ACTIVITIES
cluster-0013	0	N6893622D0014	0.000000	0.000000	0.000000	0	eliminated:OFFICE-NOT-AMONG-OBSERVED-ORDERING-ACTIVITIES
cluster-0013	0	N6893622D0015	0.000000	0.000000	0.000000	0	eliminated:OFFICE-NOT-AMONG-OBSERVED-ORDERING-ACTIVITIES
cluster-0013	0	N6893622D0017	0.000000	0.000000	0.000000	0	eliminated:OFFICE-NOT-AMONG-OBSERVED-ORDERING-ACTIVITIES
cluster-0013	0	N6893622D0018	0.000000	0.000000	0.000000	0	eliminated:OFFICE-NOT-AMONG-OBSERVED-ORDERING-ACTIVITIES
cluster-0013	0	N6893622D0021	0.000000	0.000000	0.000000	0	eliminated:OFFICE-NOT-AMONG-OBSERVED-ORDERING-ACTIVITIES
cluster-0013	0	N6893622D0024	0.000000	0.000000	0.000000	0	eliminated:OFFICE-NOT-AMONG-OBSERVED-ORDERING-ACTIVITIES
cluster-0013	0	N6893622D0025	0.000000	0.000000	0.000000	0	eliminated:OFFICE-NOT-AMONG-OBSERVED-ORDERING-ACTIVITIES
cluster-0013	0	N6893622D0026	0.000000	0.000000	0.000000	0	eliminated:OFFICE-NOT-AMONG-OBSERVED-ORDERING-ACTIVITIES
cluster-0013	0	N6893622D0027	0.000000	0.000000	0.000000	0	eliminated:OFFICE-NOT-AMONG-OBSERVED-ORDERING-ACTIVITIES
cluster-0013	0	N6893622D0028	0.000000	0.000000	0.000000	0	eliminated:OFFICE-NOT-AMONG-OBSERVED-ORDERING-ACTIVITIES
cluster-0013	0	N6893622D0032	0.000000	0.000000	0.000000	0	eliminated:OFFICE-NOT-AMONG-OBSERVED-ORDERING-ACTIVITIES
cluster-0013	0	N6893622D0034	0.000000	0.000000	0.000000	0	eliminated:OFFICE-NOT-AMONG-OBSERVED-ORDERING-ACTIVITIES
cluster-0013	0	N6893622D0036	0.000000	0.000000	0.000000	0	eliminated:OFFICE-NOT-AMONG-OBSERVED-ORDERING-ACTIVITIES
cluster-0013	0	N6893622D0038	0.000000	0.000000	0.000000	0	eliminated:OFFICE-NOT-AMONG-OBSERVED-ORDERING-ACTIVITIES
cluster-0013	0	N6893622D0041	0.000000	0.000000	0.000000	0	eliminated:OFFICE-NOT-AMONG-OBSERVED-ORDERING-ACTIVITIES
cluster-0013	0	N6893623D0001	0.000000	0.000000	0.000000	0	eliminated:OFFICE-NOT-AMONG-OBSERVED-ORDERING-ACTIVITIES
cluster-0013	0	N6893623D0013	0.000000	0.000000	0.000000	0	eliminated:OFFICE-NOT-AMONG-OBSERVED-ORDERING-ACTIVITIES
cluster-0013	0	N6893623D0014	0.000000	0.000000	0.000000	0	eliminated:OFFICE-NOT-AMONG-OBSERVED-ORDERING-ACTIVITIES
cluster-0013	0	N6893623D0018	0.000000	0.000000	0.000000	0	eliminated:OFFICE-NOT-AMONG-OBSERVED-ORDERING-ACTIVITIES
cluster-0013	0	N6893623D0019	0.000000	0.000000	0.000000	0	eliminated:OFFICE-NOT-AMONG-OBSERVED-ORDERING-ACTIVITIES
cluster-0013	0	N6893623D0021	0.000000	0.000000	0.000000	0	eliminated:OFFICE-NOT-AMONG-OBSERVED-ORDERING-ACTIVITIES
cluster-0013	0	N6893623D0023	0.000000	0.000000	0.000000	0	eliminated:OFFICE-NOT-AMONG-OBSERVED-ORDERING-ACTIVITIES
cluster-0013	0	N6893623D0025	0.000000	0.000000	0.000000	0	eliminated:OFFICE-NOT-AMONG-OBSERVED-ORDERING-ACTIVITIES
cluster-0013	0	N6893623D0026	0.000000	0.000000	0.000000	0	eliminated:OFFICE-NOT-AMONG-OBSERVED-ORDERING-ACTIVITIES
cluster-0013	0	N6893623D0028	0.000000	0.000000	0.000000	0	eliminated:OFFICE-NOT-AMONG-OBSERVED-ORDERING-ACTIVITIES
cluster-0013	0	N6893623D0029	0.000000	0.000000	0.000000	0	eliminated:OFFICE-NOT-AMONG-OBSERVED-ORDERING-ACTIVITIES
cluster-0013	0	N6893623D0033	0.000000	0.000000	0.000000	0	eliminated:OFFICE-NOT-AMONG-OBSERVED-ORDERING-ACTIVITIES
cluster-0013	0	N6893623D0034	0.000000	0.000000	0.000000	0	eliminated:OFFICE-NOT-AMONG-OBSERVED-ORDERING-ACTIVITIES
cluster-0013	0	N6893623D0036	0.000000	0.000000	0.000000	0	eliminated:OFFICE-NOT-AMONG-OBSERVED-ORDERING-ACTIVITIES
cluster-0013	0	N6893623D0037	0.000000	0.000000	0.000000	0	eliminated:OFFICE-NOT-AMONG-OBSERVED-ORDERING-ACTIVITIES
cluster-0013	0	N6893623D0039	0.000000	0.000000	0.000000	0	eliminated:OFFICE-NOT-AMONG-OBSERVED-ORDERING-ACTIVITIES
cluster-0013	0	N6893623D0041	0.000000	0.000000	0.000000	0	eliminated:OFFICE-NOT-AMONG-OBSERVED-ORDERING-ACTIVITIES
cluster-0013	0	N6893623D0042	0.000000	0.000000	0.000000	0	eliminated:OFFICE-NOT-AMONG-OBSERVED-ORDERING-ACTIVITIES
cluster-0013	0	N6893623D0045	0.000000	0.000000	0.000000	0	eliminated:OFFICE-NOT-AMONG-OBSERVED-ORDERING-ACTIVITIES
cluster-0013	0	N6893623D0046	0.000000	0.000000	0.000000	0	eliminated:OFFICE-NOT-AMONG-OBSERVED-ORDERING-ACTIVITIES
cluster-0013	0	N6893623D0047	0.000000	0.000000	0.000000	0	eliminated:OFFICE-NOT-AMONG-OBSERVED-ORDERING-ACTIVITIES
cluster-0013	0	N6893623D0051	0.000000	0.000000	0.000000	0	eliminated:OFFICE-NOT-AMONG-OBSERVED-ORDERING-ACTIVITIES
cluster-0013	0	N6893623D0054	0.000000	0.000000	0.000000	0	eliminated:OFFICE-NOT-AMONG-OBSERVED-ORDERING-ACTIVITIES
cluster-0013	0	N6893624D0001	0.000000	0.000000	0.000000	0	eliminated:OFFICE-NOT-AMONG-OBSERVED-ORDERING-ACTIVITIES
cluster-0013	0	N6893624D0002	0.000000	0.000000	0.000000	0	eliminated:OFFICE-NOT-AMONG-OBSERVED-ORDERING-ACTIVITIES
cluster-0013	0	N6893624D0003	0.000000	0.000000	0.000000	0	eliminated:OFFICE-NOT-AMONG-OBSERVED-ORDERING-ACTIVITIES
cluster-0013	0	N6893624D0004	0.000000	0.000000	0.000000	0	eliminated:OFFICE-NOT-AMONG-OBSERVED-ORDERING-ACTIVITIES
cluster-0013	0	N6893624D0006	0.000000	0.000000	0.000000	0	eliminated:OFFICE-NOT-AMONG-OBSERVED-ORDERING-ACTIVITIES
cluster-0013	0	N6893624D0007	0.000000	0.000000	0.000000	0	eliminated:OFFICE-NOT-AMONG-OBSERVED-ORDERING-ACTIVITIES
cluster-0013	0	N6893624D0008	0.000000	0.000000	0.000000	0	eliminated:OFFICE-NOT-AMONG-OBSERVED-ORDERING-ACTIVITIES
cluster-0013	0	N6893624D0009	0.000000	0.000000	0.000000	0	eliminated:OFFICE-NOT-AMONG-OBSERVED-ORDERING-ACTIVITIES
cluster-0013	0	N6893624D0012	0.000000	0.000000	0.000000	0	eliminated:OFFICE-NOT-AMONG-OBSERVED-ORDERING-ACTIVITIES
cluster-0013	0	N6893624D0013	0.000000	0.000000	0.000000	0	eliminated:OFFICE-NOT-AMONG-OBSERVED-ORDERING-ACTIVITIES
cluster-0013	0	N6893624D0015	0.000000	0.000000	0.000000	0	eliminated:OFFICE-NOT-AMONG-OBSERVED-ORDERING-ACTIVITIES
cluster-0013	0	N6893624D0017	0.000000	0.000000	0.000000	0	eliminated:OFFICE-NOT-AMONG-OBSERVED-ORDERING-ACTIVITIES
cluster-0013	0	N6893624D0020	0.000000	0.000000	0.000000	0	eliminated:OFFICE-NOT-AMONG-OBSERVED-ORDERING-ACTIVITIES
cluster-0013	0	N6893624D0022	0.000000	0.000000	0.000000	0	eliminated:OFFICE-NOT-AMONG-OBSERVED-ORDERING-ACTIVITIES
cluster-0013	0	N6893624D0023	0.000000	0.000000	0.000000	0	eliminated:OFFICE-NOT-AMONG-OBSERVED-ORDERING-ACTIVITIES
cluster-0013	0	N6893624D0025	0.000000	0.000000	0.000000	0	eliminated:OFFICE-NOT-AMONG-OBSERVED-ORDERING-ACTIVITIES
cluster-0013	0	N6893625D0001	0.000000	0.000000	0.000000	0	eliminated:OFFICE-NOT-AMONG-OBSERVED-ORDERING-ACTIVITIES
cluster-0013	0	N6893625D0008	0.000000	0.000000	0.000000	0	eliminated:OFFICE-NOT-AMONG-OBSERVED-ORDERING-ACTIVITIES
cluster-0013	0	N6893625D0011	0.000000	0.000000	0.000000	0	eliminated:OFFICE-NOT-AMONG-OBSERVED-ORDERING-ACTIVITIES
cluster-0013	0	N6893625D0013	0.000000	0.000000	0.000000	0	eliminated:OFFICE-NOT-AMONG-OBSERVED-ORDERING-ACTIVITIES
cluster-0013	0	SPE4A123G0002	0.000000	0.000000	0.000000	0	eliminated:OFFICE-NOT-AMONG-OBSERVED-ORDERING-ACTIVITIES
cluster-0013	0	W15QKN15D0001	0.000000	0.000000	0.000000	0	eliminated:OFFICE-NOT-AMONG-OBSERVED-ORDERING-ACTIVITIES
cluster-0014	1	SEAPORT-NXG	0.032664	0.054440	0.000000	1	below-floor
cluster-0014	2	NAWCTSD-FTSS-V	0.028547	0.047578	0.000000	1	below-floor
cluster-0014	3	NAWCTSD-TSC-IV	0.026184	0.043639	0.000000	1	below-floor
cluster-0014	4	NAWCAD-SCI-MAC	0.014616	0.024360	0.000000	1	below-floor
cluster-0014	5	NAWCTSD-PACRM	0.013232	0.022054	0.000000	1	below-floor
cluster-0014	6	NAWCAD-CYBER-IDIQ	0.000000	0.000000	0.000000	1	below-floor
cluster-0014	7	GSA-MAS	0.017421	0.029034	0.000000	2	below-floor
cluster-0014	8	DON-ESL-BPA	0.004193	0.006988	0.000000	2	below-floor
cluster-0014	9	GSA-OASIS-PLUS	0.004495	0.007491	0.000000	3	below-floor
cluster-0014	10	NASA-SEWP	0.002968	0.004947	0.000000	3	below-floor
cluster-0014	11	NAVAIR-HQ-BOA	0.046637	0.077728	0.000000	5	below-floor
cluster-0014	0	FA857619D0001	0.000000	0.000000	0.000000	0	eliminated:OFFICE-NOT-AMONG-OBSERVED-ORDERING-ACTIVITIES
cluster-0014	0	FA860423DB001	0.000000	0.000000	0.000000	0	eliminated:OFFICE-NOT-AMONG-OBSERVED-ORDERING-ACTIVITIES
cluster-0014	0	N0001421D4002	0.000000	0.000000	0.000000	0	eliminated:OFFICE-NOT-AMONG-OBSERVED-ORDERING-ACTIVITIES
cluster-0014	0	N0001917D0004	0.000000	0.000000	0.000000	0	eliminated:OFFICE-NOT-AMONG-OBSERVED-ORDERING-ACTIVITIES
cluster-0014	0	N0001917D0009	0.000000	0.000000	0.000000	0	eliminated:OFFICE-NOT-AMONG-OBSERVED-ORDERING-ACTIVITIES
cluster-0014	0	N0001917D0089	0.000000	0.000000	0.000000	0	eliminated:OFFICE-NOT-AMONG-OBSERVED-ORDERING-ACTIVITIES
cluster-0014	0	N0001917D0101	0.000000	0.000000	0.000000	0	eliminated:OFFICE-NOT-AMONG-OBSERVED-ORDERING-ACTIVITIES
cluster-0014	0	N0001918D0001	0.000000	0.000000	0.000000	0	eliminated:OFFICE-NOT-AMONG-OBSERVED-ORDERING-ACTIVITIES
cluster-0014	0	N0001918D0103	0.000000	0.000000	0.000000	0	eliminated:OFFICE-NOT-AMONG-OBSERVED-ORDERING-ACTIVITIES
cluster-0014	0	N0001918D0110	0.000000	0.000000	0.000000	0	eliminated:OFFICE-NOT-AMONG-OBSERVED-ORDERING-ACTIVITIES
cluster-0014	0	N0001918D0111	0.000000	0.000000	0.000000	0	eliminated:OFFICE-NOT-AMONG-OBSERVED-ORDERING-ACTIVITIES
cluster-0014	0	N0001918D0118	0.000000	0.000000	0.000000	0	eliminated:OFFICE-NOT-AMONG-OBSERVED-ORDERING-ACTIVITIES
cluster-0014	0	N0001918D0123	0.000000	0.000000	0.000000	0	eliminated:OFFICE-NOT-AMONG-OBSERVED-ORDERING-ACTIVITIES
cluster-0014	0	N0001919D0001	0.000000	0.000000	0.000000	0	eliminated:OFFICE-NOT-AMONG-OBSERVED-ORDERING-ACTIVITIES
cluster-0014	0	N0001919D0005	0.000000	0.000000	0.000000	0	eliminated:OFFICE-NOT-AMONG-OBSERVED-ORDERING-ACTIVITIES
cluster-0014	0	N0001919D0012	0.000000	0.000000	0.000000	0	eliminated:OFFICE-NOT-AMONG-OBSERVED-ORDERING-ACTIVITIES
cluster-0014	0	N0001919D0013	0.000000	0.000000	0.000000	0	eliminated:OFFICE-NOT-AMONG-OBSERVED-ORDERING-ACTIVITIES
cluster-0014	0	N0001919D0015	0.000000	0.000000	0.000000	0	eliminated:OFFICE-NOT-AMONG-OBSERVED-ORDERING-ACTIVITIES
cluster-0014	0	N0001919D0021	0.000000	0.000000	0.000000	0	eliminated:OFFICE-NOT-AMONG-OBSERVED-ORDERING-ACTIVITIES
cluster-0014	0	N0001919D0023	0.000000	0.000000	0.000000	0	eliminated:OFFICE-NOT-AMONG-OBSERVED-ORDERING-ACTIVITIES
cluster-0014	0	N0001919D0026	0.000000	0.000000	0.000000	0	eliminated:OFFICE-NOT-AMONG-OBSERVED-ORDERING-ACTIVITIES
cluster-0014	0	N0001919D0027	0.000000	0.000000	0.000000	0	eliminated:OFFICE-NOT-AMONG-OBSERVED-ORDERING-ACTIVITIES
cluster-0014	0	N0001919D0032	0.000000	0.000000	0.000000	0	eliminated:OFFICE-NOT-AMONG-OBSERVED-ORDERING-ACTIVITIES
cluster-0014	0	N0001920D0001	0.000000	0.000000	0.000000	0	eliminated:OFFICE-NOT-AMONG-OBSERVED-ORDERING-ACTIVITIES
cluster-0014	0	N0001920D0004	0.000000	0.000000	0.000000	0	eliminated:OFFICE-NOT-AMONG-OBSERVED-ORDERING-ACTIVITIES
cluster-0014	0	N0001920D0007	0.000000	0.000000	0.000000	0	eliminated:OFFICE-NOT-AMONG-OBSERVED-ORDERING-ACTIVITIES
cluster-0014	0	N0001920D0008	0.000000	0.000000	0.000000	0	eliminated:OFFICE-NOT-AMONG-OBSERVED-ORDERING-ACTIVITIES
cluster-0014	0	N0001920D0013	0.000000	0.000000	0.000000	0	eliminated:OFFICE-NOT-AMONG-OBSERVED-ORDERING-ACTIVITIES
cluster-0014	0	N0001920D0016	0.000000	0.000000	0.000000	0	eliminated:OFFICE-NOT-AMONG-OBSERVED-ORDERING-ACTIVITIES
cluster-0014	0	N0001920D0017	0.000000	0.000000	0.000000	0	eliminated:OFFICE-NOT-AMONG-OBSERVED-ORDERING-ACTIVITIES
cluster-0014	0	N0001920D0023	0.000000	0.000000	0.000000	0	eliminated:OFFICE-NOT-AMONG-OBSERVED-ORDERING-ACTIVITIES
cluster-0014	0	N0001920D0024	0.000000	0.000000	0.000000	0	eliminated:OFFICE-NOT-AMONG-OBSERVED-ORDERING-ACTIVITIES
cluster-0014	0	N0001920D0051	0.000000	0.000000	0.000000	0	eliminated:OFFICE-NOT-AMONG-OBSERVED-ORDERING-ACTIVITIES
cluster-0014	0	N0001920D0106	0.000000	0.000000	0.000000	0	eliminated:OFFICE-NOT-AMONG-OBSERVED-ORDERING-ACTIVITIES
cluster-0014	0	N0001920D0109	0.000000	0.000000	0.000000	0	eliminated:OFFICE-NOT-AMONG-OBSERVED-ORDERING-ACTIVITIES
cluster-0014	0	N0001921D0001	0.000000	0.000000	0.000000	0	eliminated:OFFICE-NOT-AMONG-OBSERVED-ORDERING-ACTIVITIES
cluster-0014	0	N0001921D0004	0.000000	0.000000	0.000000	0	eliminated:OFFICE-NOT-AMONG-OBSERVED-ORDERING-ACTIVITIES
cluster-0014	0	N0001921D0010	0.000000	0.000000	0.000000	0	eliminated:OFFICE-NOT-AMONG-OBSERVED-ORDERING-ACTIVITIES
cluster-0014	0	N0001921D0011	0.000000	0.000000	0.000000	0	eliminated:OFFICE-NOT-AMONG-OBSERVED-ORDERING-ACTIVITIES
cluster-0014	0	N0001921D0015	0.000000	0.000000	0.000000	0	eliminated:OFFICE-NOT-AMONG-OBSERVED-ORDERING-ACTIVITIES
cluster-0014	0	N0001921D0050	0.000000	0.000000	0.000000	0	eliminated:OFFICE-NOT-AMONG-OBSERVED-ORDERING-ACTIVITIES
cluster-0014	0	N0001922D0001	0.000000	0.000000	0.000000	0	eliminated:OFFICE-NOT-AMONG-OBSERVED-ORDERING-ACTIVITIES
cluster-0014	0	N0001922D0003	0.000000	0.000000	0.000000	0	eliminated:OFFICE-NOT-AMONG-OBSERVED-ORDERING-ACTIVITIES
cluster-0014	0	N0001922D0004	0.000000	0.000000	0.000000	0	eliminated:OFFICE-NOT-AMONG-OBSERVED-ORDERING-ACTIVITIES
cluster-0014	0	N0001922D0006	0.000000	0.000000	0.000000	0	eliminated:OFFICE-NOT-AMONG-OBSERVED-ORDERING-ACTIVITIES
cluster-0014	0	N0001922D0007	0.000000	0.000000	0.000000	0	eliminated:OFFICE-NOT-AMONG-OBSERVED-ORDERING-ACTIVITIES
cluster-0014	0	N0001922D0008	0.000000	0.000000	0.000000	0	eliminated:OFFICE-NOT-AMONG-OBSERVED-ORDERING-ACTIVITIES
cluster-0014	0	N0001922D0009	0.000000	0.000000	0.000000	0	eliminated:OFFICE-NOT-AMONG-OBSERVED-ORDERING-ACTIVITIES
cluster-0014	0	N0001922D0011	0.000000	0.000000	0.000000	0	eliminated:OFFICE-NOT-AMONG-OBSERVED-ORDERING-ACTIVITIES
cluster-0014	0	N0001922D0013	0.000000	0.000000	0.000000	0	eliminated:OFFICE-NOT-AMONG-OBSERVED-ORDERING-ACTIVITIES
cluster-0014	0	N0001922D0022	0.000000	0.000000	0.000000	0	eliminated:OFFICE-NOT-AMONG-OBSERVED-ORDERING-ACTIVITIES
cluster-0014	0	N0001922D0038	0.000000	0.000000	0.000000	0	eliminated:OFFICE-NOT-AMONG-OBSERVED-ORDERING-ACTIVITIES
cluster-0014	0	N0001922D0040	0.000000	0.000000	0.000000	0	eliminated:OFFICE-NOT-AMONG-OBSERVED-ORDERING-ACTIVITIES
cluster-0014	0	N0001922D0042	0.000000	0.000000	0.000000	0	eliminated:OFFICE-NOT-AMONG-OBSERVED-ORDERING-ACTIVITIES
cluster-0014	0	N0001922D0043	0.000000	0.000000	0.000000	0	eliminated:OFFICE-NOT-AMONG-OBSERVED-ORDERING-ACTIVITIES
cluster-0014	0	N0001923D0001	0.000000	0.000000	0.000000	0	eliminated:OFFICE-NOT-AMONG-OBSERVED-ORDERING-ACTIVITIES
cluster-0014	0	N0001923D0008	0.000000	0.000000	0.000000	0	eliminated:OFFICE-NOT-AMONG-OBSERVED-ORDERING-ACTIVITIES
cluster-0014	0	N0001923D0009	0.000000	0.000000	0.000000	0	eliminated:OFFICE-NOT-AMONG-OBSERVED-ORDERING-ACTIVITIES
cluster-0014	0	N0001923D0010	0.000000	0.000000	0.000000	0	eliminated:OFFICE-NOT-AMONG-OBSERVED-ORDERING-ACTIVITIES
cluster-0014	0	N0001923D0011	0.000000	0.000000	0.000000	0	eliminated:OFFICE-NOT-AMONG-OBSERVED-ORDERING-ACTIVITIES
cluster-0014	0	N0001923D0012	0.000000	0.000000	0.000000	0	eliminated:OFFICE-NOT-AMONG-OBSERVED-ORDERING-ACTIVITIES
cluster-0014	0	N0001923D0013	0.000000	0.000000	0.000000	0	eliminated:OFFICE-NOT-AMONG-OBSERVED-ORDERING-ACTIVITIES
cluster-0014	0	N0001923D0014	0.000000	0.000000	0.000000	0	eliminated:OFFICE-NOT-AMONG-OBSERVED-ORDERING-ACTIVITIES
cluster-0014	0	N0001923D0015	0.000000	0.000000	0.000000	0	eliminated:OFFICE-NOT-AMONG-OBSERVED-ORDERING-ACTIVITIES
cluster-0014	0	N0001923D0018	0.000000	0.000000	0.000000	0	eliminated:OFFICE-NOT-AMONG-OBSERVED-ORDERING-ACTIVITIES
cluster-0014	0	N0001923D0022	0.000000	0.000000	0.000000	0	eliminated:OFFICE-NOT-AMONG-OBSERVED-ORDERING-ACTIVITIES
cluster-0014	0	N0001924D0004	0.000000	0.000000	0.000000	0	eliminated:OFFICE-NOT-AMONG-OBSERVED-ORDERING-ACTIVITIES
cluster-0014	0	N0001924D0008	0.000000	0.000000	0.000000	0	eliminated:OFFICE-NOT-AMONG-OBSERVED-ORDERING-ACTIVITIES
cluster-0014	0	N0001924D0106	0.000000	0.000000	0.000000	0	eliminated:OFFICE-NOT-AMONG-OBSERVED-ORDERING-ACTIVITIES
cluster-0014	0	N0001924D0110	0.000000	0.000000	0.000000	0	eliminated:OFFICE-NOT-AMONG-OBSERVED-ORDERING-ACTIVITIES
cluster-0014	0	N0001924D0114	0.000000	0.000000	0.000000	0	eliminated:OFFICE-NOT-AMONG-OBSERVED-ORDERING-ACTIVITIES
cluster-0014	0	N0001924D0119	0.000000	0.000000	0.000000	0	eliminated:OFFICE-NOT-AMONG-OBSERVED-ORDERING-ACTIVITIES
cluster-0014	0	N0001924D0126	0.000000	0.000000	0.000000	0	eliminated:OFFICE-NOT-AMONG-OBSERVED-ORDERING-ACTIVITIES
cluster-0014	0	N0001925D0009	0.000000	0.000000	0.000000	0	eliminated:OFFICE-NOT-AMONG-OBSERVED-ORDERING-ACTIVITIES
cluster-0014	0	N0001925D0012	0.000000	0.000000	0.000000	0	eliminated:OFFICE-NOT-AMONG-OBSERVED-ORDERING-ACTIVITIES
cluster-0014	0	N0001925D0014	0.000000	0.000000	0.000000	0	eliminated:OFFICE-NOT-AMONG-OBSERVED-ORDERING-ACTIVITIES
cluster-0014	0	N0001925D0016	0.000000	0.000000	0.000000	0	eliminated:OFFICE-NOT-AMONG-OBSERVED-ORDERING-ACTIVITIES
cluster-0014	0	N0001925D0023	0.000000	0.000000	0.000000	0	eliminated:OFFICE-NOT-AMONG-OBSERVED-ORDERING-ACTIVITIES
cluster-0014	0	N0024424D0005	0.000000	0.000000	0.000000	0	eliminated:OFFICE-NOT-AMONG-OBSERVED-ORDERING-ACTIVITIES
cluster-0014	0	N0024424D0010	0.000000	0.000000	0.000000	0	eliminated:OFFICE-NOT-AMONG-OBSERVED-ORDERING-ACTIVITIES
cluster-0014	0	N0038324DBK01	0.000000	0.000000	0.000000	0	eliminated:OFFICE-NOT-AMONG-OBSERVED-ORDERING-ACTIVITIES
cluster-0014	0	N0042115D0005	0.000000	0.000000	0.000000	0	eliminated:OFFICE-NOT-AMONG-OBSERVED-ORDERING-ACTIVITIES
cluster-0014	0	N0042116D0002	0.000000	0.000000	0.000000	0	eliminated:OFFICE-NOT-AMONG-OBSERVED-ORDERING-ACTIVITIES
cluster-0014	0	N0042116D0005	0.000000	0.000000	0.000000	0	eliminated:OFFICE-NOT-AMONG-OBSERVED-ORDERING-ACTIVITIES
cluster-0014	0	N0042116D0013	0.000000	0.000000	0.000000	0	eliminated:OFFICE-NOT-AMONG-OBSERVED-ORDERING-ACTIVITIES
cluster-0014	0	N0042117D0015	0.000000	0.000000	0.000000	0	eliminated:OFFICE-NOT-AMONG-OBSERVED-ORDERING-ACTIVITIES
cluster-0014	0	N0042117D0027	0.000000	0.000000	0.000000	0	eliminated:OFFICE-NOT-AMONG-OBSERVED-ORDERING-ACTIVITIES
cluster-0014	0	N0042117D0031	0.000000	0.000000	0.000000	0	eliminated:OFFICE-NOT-AMONG-OBSERVED-ORDERING-ACTIVITIES
cluster-0014	0	N0042117D0032	0.000000	0.000000	0.000000	0	eliminated:OFFICE-NOT-AMONG-OBSERVED-ORDERING-ACTIVITIES
cluster-0014	0	N0042117D0045	0.000000	0.000000	0.000000	0	eliminated:OFFICE-NOT-AMONG-OBSERVED-ORDERING-ACTIVITIES
cluster-0014	0	N0042117D0052	0.000000	0.000000	0.000000	0	eliminated:OFFICE-NOT-AMONG-OBSERVED-ORDERING-ACTIVITIES
cluster-0014	0	N0042117G0003	0.000000	0.000000	0.000000	0	eliminated:OFFICE-NOT-AMONG-OBSERVED-ORDERING-ACTIVITIES
cluster-0014	0	N0042118D0001	0.000000	0.000000	0.000000	0	eliminated:OFFICE-NOT-AMONG-OBSERVED-ORDERING-ACTIVITIES
cluster-0014	0	N0042118D0007	0.000000	0.000000	0.000000	0	eliminated:OFFICE-NOT-AMONG-OBSERVED-ORDERING-ACTIVITIES
cluster-0014	0	N0042118D0015	0.000000	0.000000	0.000000	0	eliminated:OFFICE-NOT-AMONG-OBSERVED-ORDERING-ACTIVITIES
cluster-0014	0	N0042118D0016	0.000000	0.000000	0.000000	0	eliminated:OFFICE-NOT-AMONG-OBSERVED-ORDERING-ACTIVITIES
cluster-0014	0	N0042118D0017	0.000000	0.000000	0.000000	0	eliminated:OFFICE-NOT-AMONG-OBSERVED-ORDERING-ACTIVITIES
cluster-0014	0	N0042118D0028	0.000000	0.000000	0.000000	0	eliminated:OFFICE-NOT-AMONG-OBSERVED-ORDERING-ACTIVITIES
cluster-0014	0	N0042118D0030	0.000000	0.000000	0.000000	0	eliminated:OFFICE-NOT-AMONG-OBSERVED-ORDERING-ACTIVITIES
cluster-0014	0	N0042118D0042	0.000000	0.000000	0.000000	0	eliminated:OFFICE-NOT-AMONG-OBSERVED-ORDERING-ACTIVITIES
cluster-0014	0	N0042118D0044	0.000000	0.000000	0.000000	0	eliminated:OFFICE-NOT-AMONG-OBSERVED-ORDERING-ACTIVITIES
cluster-0014	0	N0042118D0054	0.000000	0.000000	0.000000	0	eliminated:OFFICE-NOT-AMONG-OBSERVED-ORDERING-ACTIVITIES
cluster-0014	0	N0042118D0059	0.000000	0.000000	0.000000	0	eliminated:OFFICE-NOT-AMONG-OBSERVED-ORDERING-ACTIVITIES
cluster-0014	0	N0042118D0062	0.000000	0.000000	0.000000	0	eliminated:OFFICE-NOT-AMONG-OBSERVED-ORDERING-ACTIVITIES
cluster-0014	0	N0042119D0001	0.000000	0.000000	0.000000	0	eliminated:OFFICE-NOT-AMONG-OBSERVED-ORDERING-ACTIVITIES
cluster-0014	0	N0042119D0002	0.000000	0.000000	0.000000	0	eliminated:OFFICE-NOT-AMONG-OBSERVED-ORDERING-ACTIVITIES
cluster-0014	0	N0042119D0023	0.000000	0.000000	0.000000	0	eliminated:OFFICE-NOT-AMONG-OBSERVED-ORDERING-ACTIVITIES
cluster-0014	0	N0042119D0024	0.000000	0.000000	0.000000	0	eliminated:OFFICE-NOT-AMONG-OBSERVED-ORDERING-ACTIVITIES
cluster-0014	0	N0042119D0026	0.000000	0.000000	0.000000	0	eliminated:OFFICE-NOT-AMONG-OBSERVED-ORDERING-ACTIVITIES
cluster-0014	0	N0042119D0028	0.000000	0.000000	0.000000	0	eliminated:OFFICE-NOT-AMONG-OBSERVED-ORDERING-ACTIVITIES
cluster-0014	0	N0042119D0029	0.000000	0.000000	0.000000	0	eliminated:OFFICE-NOT-AMONG-OBSERVED-ORDERING-ACTIVITIES
cluster-0014	0	N0042119D0033	0.000000	0.000000	0.000000	0	eliminated:OFFICE-NOT-AMONG-OBSERVED-ORDERING-ACTIVITIES
cluster-0014	0	N0042119D0035	0.000000	0.000000	0.000000	0	eliminated:OFFICE-NOT-AMONG-OBSERVED-ORDERING-ACTIVITIES
cluster-0014	0	N0042119D0042	0.000000	0.000000	0.000000	0	eliminated:OFFICE-NOT-AMONG-OBSERVED-ORDERING-ACTIVITIES
cluster-0014	0	N0042119D0047	0.000000	0.000000	0.000000	0	eliminated:OFFICE-NOT-AMONG-OBSERVED-ORDERING-ACTIVITIES
cluster-0014	0	N0042119D0055	0.000000	0.000000	0.000000	0	eliminated:OFFICE-NOT-AMONG-OBSERVED-ORDERING-ACTIVITIES
cluster-0014	0	N0042119D0058	0.000000	0.000000	0.000000	0	eliminated:OFFICE-NOT-AMONG-OBSERVED-ORDERING-ACTIVITIES
cluster-0014	0	N0042119D0060	0.000000	0.000000	0.000000	0	eliminated:OFFICE-NOT-AMONG-OBSERVED-ORDERING-ACTIVITIES
cluster-0014	0	N0042119D0065	0.000000	0.000000	0.000000	0	eliminated:OFFICE-NOT-AMONG-OBSERVED-ORDERING-ACTIVITIES
cluster-0014	0	N0042119D0066	0.000000	0.000000	0.000000	0	eliminated:OFFICE-NOT-AMONG-OBSERVED-ORDERING-ACTIVITIES
cluster-0014	0	N0042119D0067	0.000000	0.000000	0.000000	0	eliminated:OFFICE-NOT-AMONG-OBSERVED-ORDERING-ACTIVITIES
cluster-0014	0	N0042119D0071	0.000000	0.000000	0.000000	0	eliminated:OFFICE-NOT-AMONG-OBSERVED-ORDERING-ACTIVITIES
cluster-0014	0	N0042119D0075	0.000000	0.000000	0.000000	0	eliminated:OFFICE-NOT-AMONG-OBSERVED-ORDERING-ACTIVITIES
cluster-0014	0	N0042119D0076	0.000000	0.000000	0.000000	0	eliminated:OFFICE-NOT-AMONG-OBSERVED-ORDERING-ACTIVITIES
cluster-0014	0	N0042119G0001	0.000000	0.000000	0.000000	0	eliminated:OFFICE-NOT-AMONG-OBSERVED-ORDERING-ACTIVITIES
cluster-0014	0	N0042119G0004	0.000000	0.000000	0.000000	0	eliminated:OFFICE-NOT-AMONG-OBSERVED-ORDERING-ACTIVITIES
cluster-0014	0	N0042120D0001	0.000000	0.000000	0.000000	0	eliminated:OFFICE-NOT-AMONG-OBSERVED-ORDERING-ACTIVITIES
cluster-0014	0	N0042120D0003	0.000000	0.000000	0.000000	0	eliminated:OFFICE-NOT-AMONG-OBSERVED-ORDERING-ACTIVITIES
cluster-0014	0	N0042120D0006	0.000000	0.000000	0.000000	0	eliminated:OFFICE-NOT-AMONG-OBSERVED-ORDERING-ACTIVITIES
cluster-0014	0	N0042120D0007	0.000000	0.000000	0.000000	0	eliminated:OFFICE-NOT-AMONG-OBSERVED-ORDERING-ACTIVITIES
cluster-0014	0	N0042120D0010	0.000000	0.000000	0.000000	0	eliminated:OFFICE-NOT-AMONG-OBSERVED-ORDERING-ACTIVITIES
cluster-0014	0	N0042120D0012	0.000000	0.000000	0.000000	0	eliminated:OFFICE-NOT-AMONG-OBSERVED-ORDERING-ACTIVITIES
cluster-0014	0	N0042120D0015	0.000000	0.000000	0.000000	0	eliminated:OFFICE-NOT-AMONG-OBSERVED-ORDERING-ACTIVITIES
cluster-0014	0	N0042120D0023	0.000000	0.000000	0.000000	0	eliminated:OFFICE-NOT-AMONG-OBSERVED-ORDERING-ACTIVITIES
cluster-0014	0	N0042120D0024	0.000000	0.000000	0.000000	0	eliminated:OFFICE-NOT-AMONG-OBSERVED-ORDERING-ACTIVITIES
cluster-0014	0	N0042120D0028	0.000000	0.000000	0.000000	0	eliminated:OFFICE-NOT-AMONG-OBSERVED-ORDERING-ACTIVITIES
cluster-0014	0	N0042120D0071	0.000000	0.000000	0.000000	0	eliminated:OFFICE-NOT-AMONG-OBSERVED-ORDERING-ACTIVITIES
cluster-0014	0	N0042120D0072	0.000000	0.000000	0.000000	0	eliminated:OFFICE-NOT-AMONG-OBSERVED-ORDERING-ACTIVITIES
cluster-0014	0	N0042120D0073	0.000000	0.000000	0.000000	0	eliminated:OFFICE-NOT-AMONG-OBSERVED-ORDERING-ACTIVITIES
cluster-0014	0	N0042120D0108	0.000000	0.000000	0.000000	0	eliminated:OFFICE-NOT-AMONG-OBSERVED-ORDERING-ACTIVITIES
cluster-0014	0	N0042120D0109	0.000000	0.000000	0.000000	0	eliminated:OFFICE-NOT-AMONG-OBSERVED-ORDERING-ACTIVITIES
cluster-0014	0	N0042120D0115	0.000000	0.000000	0.000000	0	eliminated:OFFICE-NOT-AMONG-OBSERVED-ORDERING-ACTIVITIES
cluster-0014	0	N0042120D0117	0.000000	0.000000	0.000000	0	eliminated:OFFICE-NOT-AMONG-OBSERVED-ORDERING-ACTIVITIES
cluster-0014	0	N0042120D0123	0.000000	0.000000	0.000000	0	eliminated:OFFICE-NOT-AMONG-OBSERVED-ORDERING-ACTIVITIES
cluster-0014	0	N0042121D0001	0.000000	0.000000	0.000000	0	eliminated:OFFICE-NOT-AMONG-OBSERVED-ORDERING-ACTIVITIES
cluster-0014	0	N0042121D0002	0.000000	0.000000	0.000000	0	eliminated:OFFICE-NOT-AMONG-OBSERVED-ORDERING-ACTIVITIES
cluster-0014	0	N0042121D0005	0.000000	0.000000	0.000000	0	eliminated:OFFICE-NOT-AMONG-OBSERVED-ORDERING-ACTIVITIES
cluster-0014	0	N0042121D0007	0.000000	0.000000	0.000000	0	eliminated:OFFICE-NOT-AMONG-OBSERVED-ORDERING-ACTIVITIES
cluster-0014	0	N0042121D0008	0.000000	0.000000	0.000000	0	eliminated:OFFICE-NOT-AMONG-OBSERVED-ORDERING-ACTIVITIES
cluster-0014	0	N0042121D0010	0.000000	0.000000	0.000000	0	eliminated:OFFICE-NOT-AMONG-OBSERVED-ORDERING-ACTIVITIES
cluster-0014	0	N0042121D0018	0.000000	0.000000	0.000000	0	eliminated:OFFICE-NOT-AMONG-OBSERVED-ORDERING-ACTIVITIES
cluster-0014	0	N0042121D0019	0.000000	0.000000	0.000000	0	eliminated:OFFICE-NOT-AMONG-OBSERVED-ORDERING-ACTIVITIES
cluster-0014	0	N0042121D0023	0.000000	0.000000	0.000000	0	eliminated:OFFICE-NOT-AMONG-OBSERVED-ORDERING-ACTIVITIES
cluster-0014	0	N0042121D0033	0.000000	0.000000	0.000000	0	eliminated:OFFICE-NOT-AMONG-OBSERVED-ORDERING-ACTIVITIES
cluster-0014	0	N0042121D0034	0.000000	0.000000	0.000000	0	eliminated:OFFICE-NOT-AMONG-OBSERVED-ORDERING-ACTIVITIES
cluster-0014	0	N0042121D0035	0.000000	0.000000	0.000000	0	eliminated:OFFICE-NOT-AMONG-OBSERVED-ORDERING-ACTIVITIES
cluster-0014	0	N0042121D0037	0.000000	0.000000	0.000000	0	eliminated:OFFICE-NOT-AMONG-OBSERVED-ORDERING-ACTIVITIES
cluster-0014	0	N0042121G0004	0.000000	0.000000	0.000000	0	eliminated:OFFICE-NOT-AMONG-OBSERVED-ORDERING-ACTIVITIES
cluster-0014	0	N0042121G0005	0.000000	0.000000	0.000000	0	eliminated:OFFICE-NOT-AMONG-OBSERVED-ORDERING-ACTIVITIES
cluster-0014	0	N0042122D0001	0.000000	0.000000	0.000000	0	eliminated:OFFICE-NOT-AMONG-OBSERVED-ORDERING-ACTIVITIES
cluster-0014	0	N0042122D0002	0.000000	0.000000	0.000000	0	eliminated:OFFICE-NOT-AMONG-OBSERVED-ORDERING-ACTIVITIES
cluster-0014	0	N0042122D0003	0.000000	0.000000	0.000000	0	eliminated:OFFICE-NOT-AMONG-OBSERVED-ORDERING-ACTIVITIES
cluster-0014	0	N0042122D0005	0.000000	0.000000	0.000000	0	eliminated:OFFICE-NOT-AMONG-OBSERVED-ORDERING-ACTIVITIES
cluster-0014	0	N0042122D0084	0.000000	0.000000	0.000000	0	eliminated:OFFICE-NOT-AMONG-OBSERVED-ORDERING-ACTIVITIES
cluster-0014	0	N0042122D0094	0.000000	0.000000	0.000000	0	eliminated:OFFICE-NOT-AMONG-OBSERVED-ORDERING-ACTIVITIES
cluster-0014	0	N0042122D0096	0.000000	0.000000	0.000000	0	eliminated:OFFICE-NOT-AMONG-OBSERVED-ORDERING-ACTIVITIES
cluster-0014	0	N0042122D0099	0.000000	0.000000	0.000000	0	eliminated:OFFICE-NOT-AMONG-OBSERVED-ORDERING-ACTIVITIES
cluster-0014	0	N0042122D0101	0.000000	0.000000	0.000000	0	eliminated:OFFICE-NOT-AMONG-OBSERVED-ORDERING-ACTIVITIES
cluster-0014	0	N0042122D0103	0.000000	0.000000	0.000000	0	eliminated:OFFICE-NOT-AMONG-OBSERVED-ORDERING-ACTIVITIES
cluster-0014	0	N0042122G0101	0.000000	0.000000	0.000000	0	eliminated:OFFICE-NOT-AMONG-OBSERVED-ORDERING-ACTIVITIES
cluster-0014	0	N0042123D0001	0.000000	0.000000	0.000000	0	eliminated:OFFICE-NOT-AMONG-OBSERVED-ORDERING-ACTIVITIES
cluster-0014	0	N0042123D0005	0.000000	0.000000	0.000000	0	eliminated:OFFICE-NOT-AMONG-OBSERVED-ORDERING-ACTIVITIES
cluster-0014	0	N0042123D0007	0.000000	0.000000	0.000000	0	eliminated:OFFICE-NOT-AMONG-OBSERVED-ORDERING-ACTIVITIES
cluster-0014	0	N0042123D0011	0.000000	0.000000	0.000000	0	eliminated:OFFICE-NOT-AMONG-OBSERVED-ORDERING-ACTIVITIES
cluster-0014	0	N0042123D0019	0.000000	0.000000	0.000000	0	eliminated:OFFICE-NOT-AMONG-OBSERVED-ORDERING-ACTIVITIES
cluster-0014	0	N0042123G0001	0.000000	0.000000	0.000000	0	eliminated:OFFICE-NOT-AMONG-OBSERVED-ORDERING-ACTIVITIES
cluster-0014	0	N0042123G0002	0.000000	0.000000	0.000000	0	eliminated:OFFICE-NOT-AMONG-OBSERVED-ORDERING-ACTIVITIES
cluster-0014	0	N0042123G0004	0.000000	0.000000	0.000000	0	eliminated:OFFICE-NOT-AMONG-OBSERVED-ORDERING-ACTIVITIES
cluster-0014	0	N0042123G0005	0.000000	0.000000	0.000000	0	eliminated:OFFICE-NOT-AMONG-OBSERVED-ORDERING-ACTIVITIES
cluster-0014	0	N0042124A0003	0.000000	0.000000	0.000000	0	eliminated:OFFICE-NOT-AMONG-OBSERVED-ORDERING-ACTIVITIES
cluster-0014	0	N0042124A0004	0.000000	0.000000	0.000000	0	eliminated:OFFICE-NOT-AMONG-OBSERVED-ORDERING-ACTIVITIES
cluster-0014	0	N0042124A0005	0.000000	0.000000	0.000000	0	eliminated:OFFICE-NOT-AMONG-OBSERVED-ORDERING-ACTIVITIES
cluster-0014	0	N0042124D0005	0.000000	0.000000	0.000000	0	eliminated:OFFICE-NOT-AMONG-OBSERVED-ORDERING-ACTIVITIES
cluster-0014	0	N0042124D0006	0.000000	0.000000	0.000000	0	eliminated:OFFICE-NOT-AMONG-OBSERVED-ORDERING-ACTIVITIES
cluster-0014	0	N0042124D0008	0.000000	0.000000	0.000000	0	eliminated:OFFICE-NOT-AMONG-OBSERVED-ORDERING-ACTIVITIES
cluster-0014	0	N0042124D0011	0.000000	0.000000	0.000000	0	eliminated:OFFICE-NOT-AMONG-OBSERVED-ORDERING-ACTIVITIES
cluster-0014	0	N0042124D0012	0.000000	0.000000	0.000000	0	eliminated:OFFICE-NOT-AMONG-OBSERVED-ORDERING-ACTIVITIES
cluster-0014	0	N0042124D0020	0.000000	0.000000	0.000000	0	eliminated:OFFICE-NOT-AMONG-OBSERVED-ORDERING-ACTIVITIES
cluster-0014	0	N0042124D0022	0.000000	0.000000	0.000000	0	eliminated:OFFICE-NOT-AMONG-OBSERVED-ORDERING-ACTIVITIES
cluster-0014	0	N0042124D0071	0.000000	0.000000	0.000000	0	eliminated:OFFICE-NOT-AMONG-OBSERVED-ORDERING-ACTIVITIES
cluster-0014	0	N0042124G0001	0.000000	0.000000	0.000000	0	eliminated:OFFICE-NOT-AMONG-OBSERVED-ORDERING-ACTIVITIES
cluster-0014	0	N0042124G0005	0.000000	0.000000	0.000000	0	eliminated:OFFICE-NOT-AMONG-OBSERVED-ORDERING-ACTIVITIES
cluster-0014	0	N0042125D0301	0.000000	0.000000	0.000000	0	eliminated:OFFICE-NOT-AMONG-OBSERVED-ORDERING-ACTIVITIES
cluster-0014	0	N0042125D0302	0.000000	0.000000	0.000000	0	eliminated:OFFICE-NOT-AMONG-OBSERVED-ORDERING-ACTIVITIES
cluster-0014	0	N0042125D0303	0.000000	0.000000	0.000000	0	eliminated:OFFICE-NOT-AMONG-OBSERVED-ORDERING-ACTIVITIES
cluster-0014	0	N0042125G0003	0.000000	0.000000	0.000000	0	eliminated:OFFICE-NOT-AMONG-OBSERVED-ORDERING-ACTIVITIES
cluster-0014	0	N6134015D0003	0.000000	0.000000	0.000000	0	eliminated:OFFICE-NOT-AMONG-OBSERVED-ORDERING-ACTIVITIES
cluster-0014	0	N6134016D1003	0.000000	0.000000	0.000000	0	eliminated:OFFICE-NOT-AMONG-OBSERVED-ORDERING-ACTIVITIES
cluster-0014	0	N6134016D1005	0.000000	0.000000	0.000000	0	eliminated:OFFICE-NOT-AMONG-OBSERVED-ORDERING-ACTIVITIES
cluster-0014	0	N6134017D0002	0.000000	0.000000	0.000000	0	eliminated:OFFICE-NOT-AMONG-OBSERVED-ORDERING-ACTIVITIES
cluster-0014	0	N6134018D0002	0.000000	0.000000	0.000000	0	eliminated:OFFICE-NOT-AMONG-OBSERVED-ORDERING-ACTIVITIES
cluster-0014	0	N6134018D0004	0.000000	0.000000	0.000000	0	eliminated:OFFICE-NOT-AMONG-OBSERVED-ORDERING-ACTIVITIES
cluster-0014	0	N6134018D0009	0.000000	0.000000	0.000000	0	eliminated:OFFICE-NOT-AMONG-OBSERVED-ORDERING-ACTIVITIES
cluster-0014	0	N6134019D0003	0.000000	0.000000	0.000000	0	eliminated:OFFICE-NOT-AMONG-OBSERVED-ORDERING-ACTIVITIES
cluster-0014	0	N6134019D0906	0.000000	0.000000	0.000000	0	eliminated:OFFICE-NOT-AMONG-OBSERVED-ORDERING-ACTIVITIES
cluster-0014	0	N6134019D1006	0.000000	0.000000	0.000000	0	eliminated:OFFICE-NOT-AMONG-OBSERVED-ORDERING-ACTIVITIES
cluster-0014	0	N6134019D1010	0.000000	0.000000	0.000000	0	eliminated:OFFICE-NOT-AMONG-OBSERVED-ORDERING-ACTIVITIES
cluster-0014	0	N6134019G0002	0.000000	0.000000	0.000000	0	eliminated:OFFICE-NOT-AMONG-OBSERVED-ORDERING-ACTIVITIES
cluster-0014	0	N6134020D0002	0.000000	0.000000	0.000000	0	eliminated:OFFICE-NOT-AMONG-OBSERVED-ORDERING-ACTIVITIES
cluster-0014	0	N6134020D0004	0.000000	0.000000	0.000000	0	eliminated:OFFICE-NOT-AMONG-OBSERVED-ORDERING-ACTIVITIES
cluster-0014	0	N6134020D0008	0.000000	0.000000	0.000000	0	eliminated:OFFICE-NOT-AMONG-OBSERVED-ORDERING-ACTIVITIES
cluster-0014	0	N6134020D0011	0.000000	0.000000	0.000000	0	eliminated:OFFICE-NOT-AMONG-OBSERVED-ORDERING-ACTIVITIES
cluster-0014	0	N6134020D0015	0.000000	0.000000	0.000000	0	eliminated:OFFICE-NOT-AMONG-OBSERVED-ORDERING-ACTIVITIES
cluster-0014	0	N6134020D0019	0.000000	0.000000	0.000000	0	eliminated:OFFICE-NOT-AMONG-OBSERVED-ORDERING-ACTIVITIES
cluster-0014	0	N6134020D0020	0.000000	0.000000	0.000000	0	eliminated:OFFICE-NOT-AMONG-OBSERVED-ORDERING-ACTIVITIES
cluster-0014	0	N6134020D0021	0.000000	0.000000	0.000000	0	eliminated:OFFICE-NOT-AMONG-OBSERVED-ORDERING-ACTIVITIES
cluster-0014	0	N6134020D0024	0.000000	0.000000	0.000000	0	eliminated:OFFICE-NOT-AMONG-OBSERVED-ORDERING-ACTIVITIES
cluster-0014	0	N6134020D0025	0.000000	0.000000	0.000000	0	eliminated:OFFICE-NOT-AMONG-OBSERVED-ORDERING-ACTIVITIES
cluster-0014	0	N6134021D0013	0.000000	0.000000	0.000000	0	eliminated:OFFICE-NOT-AMONG-OBSERVED-ORDERING-ACTIVITIES
cluster-0014	0	N6134021D0015	0.000000	0.000000	0.000000	0	eliminated:OFFICE-NOT-AMONG-OBSERVED-ORDERING-ACTIVITIES
cluster-0014	0	N6134021D0016	0.000000	0.000000	0.000000	0	eliminated:OFFICE-NOT-AMONG-OBSERVED-ORDERING-ACTIVITIES
cluster-0014	0	N6134021D0017	0.000000	0.000000	0.000000	0	eliminated:OFFICE-NOT-AMONG-OBSERVED-ORDERING-ACTIVITIES
cluster-0014	0	N6134022D0002	0.000000	0.000000	0.000000	0	eliminated:OFFICE-NOT-AMONG-OBSERVED-ORDERING-ACTIVITIES
cluster-0014	0	N6134022D0004	0.000000	0.000000	0.000000	0	eliminated:OFFICE-NOT-AMONG-OBSERVED-ORDERING-ACTIVITIES
cluster-0014	0	N6134022D0006	0.000000	0.000000	0.000000	0	eliminated:OFFICE-NOT-AMONG-OBSERVED-ORDERING-ACTIVITIES
cluster-0014	0	N6134022D0008	0.000000	0.000000	0.000000	0	eliminated:OFFICE-NOT-AMONG-OBSERVED-ORDERING-ACTIVITIES
cluster-0014	0	N6134023D0001	0.000000	0.000000	0.000000	0	eliminated:OFFICE-NOT-AMONG-OBSERVED-ORDERING-ACTIVITIES
cluster-0014	0	N6134023D0003	0.000000	0.000000	0.000000	0	eliminated:OFFICE-NOT-AMONG-OBSERVED-ORDERING-ACTIVITIES
cluster-0014	0	N6134023D0004	0.000000	0.000000	0.000000	0	eliminated:OFFICE-NOT-AMONG-OBSERVED-ORDERING-ACTIVITIES
cluster-0014	0	N6134023D0008	0.000000	0.000000	0.000000	0	eliminated:OFFICE-NOT-AMONG-OBSERVED-ORDERING-ACTIVITIES
cluster-0014	0	N6134024D0001	0.000000	0.000000	0.000000	0	eliminated:OFFICE-NOT-AMONG-OBSERVED-ORDERING-ACTIVITIES
cluster-0014	0	N6134024D0006	0.000000	0.000000	0.000000	0	eliminated:OFFICE-NOT-AMONG-OBSERVED-ORDERING-ACTIVITIES
cluster-0014	0	N6134024D0013	0.000000	0.000000	0.000000	0	eliminated:OFFICE-NOT-AMONG-OBSERVED-ORDERING-ACTIVITIES
cluster-0014	0	N6134025D0005	0.000000	0.000000	0.000000	0	eliminated:OFFICE-NOT-AMONG-OBSERVED-ORDERING-ACTIVITIES
cluster-0014	0	N6134025D0006	0.000000	0.000000	0.000000	0	eliminated:OFFICE-NOT-AMONG-OBSERVED-ORDERING-ACTIVITIES
cluster-0014	0	N6833515D0026	0.000000	0.000000	0.000000	0	eliminated:OFFICE-NOT-AMONG-OBSERVED-ORDERING-ACTIVITIES
cluster-0014	0	N6833515G0022	0.000000	0.000000	0.000000	0	eliminated:OFFICE-NOT-AMONG-OBSERVED-ORDERING-ACTIVITIES
cluster-0014	0	N6833516D0013	0.000000	0.000000	0.000000	0	eliminated:OFFICE-NOT-AMONG-OBSERVED-ORDERING-ACTIVITIES
cluster-0014	0	N6833516D0020	0.000000	0.000000	0.000000	0	eliminated:OFFICE-NOT-AMONG-OBSERVED-ORDERING-ACTIVITIES
cluster-0014	0	N6833517D0021	0.000000	0.000000	0.000000	0	eliminated:OFFICE-NOT-AMONG-OBSERVED-ORDERING-ACTIVITIES
cluster-0014	0	N6833518D0031	0.000000	0.000000	0.000000	0	eliminated:OFFICE-NOT-AMONG-OBSERVED-ORDERING-ACTIVITIES
cluster-0014	0	N6833518G0014	0.000000	0.000000	0.000000	0	eliminated:OFFICE-NOT-AMONG-OBSERVED-ORDERING-ACTIVITIES
cluster-0014	0	N6833519D0082	0.000000	0.000000	0.000000	0	eliminated:OFFICE-NOT-AMONG-OBSERVED-ORDERING-ACTIVITIES
cluster-0014	0	N6833519D0135	0.000000	0.000000	0.000000	0	eliminated:OFFICE-NOT-AMONG-OBSERVED-ORDERING-ACTIVITIES
cluster-0014	0	N6833519G0013	0.000000	0.000000	0.000000	0	eliminated:OFFICE-NOT-AMONG-OBSERVED-ORDERING-ACTIVITIES
cluster-0014	0	N6833519G0041	0.000000	0.000000	0.000000	0	eliminated:OFFICE-NOT-AMONG-OBSERVED-ORDERING-ACTIVITIES
cluster-0014	0	N6833519G0050	0.000000	0.000000	0.000000	0	eliminated:OFFICE-NOT-AMONG-OBSERVED-ORDERING-ACTIVITIES
cluster-0014	0	N6833519G0059	0.000000	0.000000	0.000000	0	eliminated:OFFICE-NOT-AMONG-OBSERVED-ORDERING-ACTIVITIES
cluster-0014	0	N6833520D0022	0.000000	0.000000	0.000000	0	eliminated:OFFICE-NOT-AMONG-OBSERVED-ORDERING-ACTIVITIES
cluster-0014	0	N6833520D0032	0.000000	0.000000	0.000000	0	eliminated:OFFICE-NOT-AMONG-OBSERVED-ORDERING-ACTIVITIES
cluster-0014	0	N6833520D0048	0.000000	0.000000	0.000000	0	eliminated:OFFICE-NOT-AMONG-OBSERVED-ORDERING-ACTIVITIES
cluster-0014	0	N6833520D0935	0.000000	0.000000	0.000000	0	eliminated:OFFICE-NOT-AMONG-OBSERVED-ORDERING-ACTIVITIES
cluster-0014	0	N6833520G0002	0.000000	0.000000	0.000000	0	eliminated:OFFICE-NOT-AMONG-OBSERVED-ORDERING-ACTIVITIES
cluster-0014	0	N6833520G1048	0.000000	0.000000	0.000000	0	eliminated:OFFICE-NOT-AMONG-OBSERVED-ORDERING-ACTIVITIES
cluster-0014	0	N6833520G3036	0.000000	0.000000	0.000000	0	eliminated:OFFICE-NOT-AMONG-OBSERVED-ORDERING-ACTIVITIES
cluster-0014	0	N6833521D0045	0.000000	0.000000	0.000000	0	eliminated:OFFICE-NOT-AMONG-OBSERVED-ORDERING-ACTIVITIES
cluster-0014	0	N6833521D0046	0.000000	0.000000	0.000000	0	eliminated:OFFICE-NOT-AMONG-OBSERVED-ORDERING-ACTIVITIES
cluster-0014	0	N6833521D0048	0.000000	0.000000	0.000000	0	eliminated:OFFICE-NOT-AMONG-OBSERVED-ORDERING-ACTIVITIES
cluster-0014	0	N6833521D0049	0.000000	0.000000	0.000000	0	eliminated:OFFICE-NOT-AMONG-OBSERVED-ORDERING-ACTIVITIES
cluster-0014	0	N6833521D0053	0.000000	0.000000	0.000000	0	eliminated:OFFICE-NOT-AMONG-OBSERVED-ORDERING-ACTIVITIES
cluster-0014	0	N6833521D0064	0.000000	0.000000	0.000000	0	eliminated:OFFICE-NOT-AMONG-OBSERVED-ORDERING-ACTIVITIES
cluster-0014	0	N6833521D0214	0.000000	0.000000	0.000000	0	eliminated:OFFICE-NOT-AMONG-OBSERVED-ORDERING-ACTIVITIES
cluster-0014	0	N6833521D0225	0.000000	0.000000	0.000000	0	eliminated:OFFICE-NOT-AMONG-OBSERVED-ORDERING-ACTIVITIES
cluster-0014	0	N6833521D0227	0.000000	0.000000	0.000000	0	eliminated:OFFICE-NOT-AMONG-OBSERVED-ORDERING-ACTIVITIES
cluster-0014	0	N6833521D0229	0.000000	0.000000	0.000000	0	eliminated:OFFICE-NOT-AMONG-OBSERVED-ORDERING-ACTIVITIES
cluster-0014	0	N6833521G0020	0.000000	0.000000	0.000000	0	eliminated:OFFICE-NOT-AMONG-OBSERVED-ORDERING-ACTIVITIES
cluster-0014	0	N6833521G0021	0.000000	0.000000	0.000000	0	eliminated:OFFICE-NOT-AMONG-OBSERVED-ORDERING-ACTIVITIES
cluster-0014	0	N6833522A0017	0.000000	0.000000	0.000000	0	eliminated:OFFICE-NOT-AMONG-OBSERVED-ORDERING-ACTIVITIES
cluster-0014	0	N6833522A0027	0.000000	0.000000	0.000000	0	eliminated:OFFICE-NOT-AMONG-OBSERVED-ORDERING-ACTIVITIES
cluster-0014	0	N6833522A0029	0.000000	0.000000	0.000000	0	eliminated:OFFICE-NOT-AMONG-OBSERVED-ORDERING-ACTIVITIES
cluster-0014	0	N6833522A0032	0.000000	0.000000	0.000000	0	eliminated:OFFICE-NOT-AMONG-OBSERVED-ORDERING-ACTIVITIES
cluster-0014	0	N6833522A0035	0.000000	0.000000	0.000000	0	eliminated:OFFICE-NOT-AMONG-OBSERVED-ORDERING-ACTIVITIES
cluster-0014	0	N6833522D0004	0.000000	0.000000	0.000000	0	eliminated:OFFICE-NOT-AMONG-OBSERVED-ORDERING-ACTIVITIES
cluster-0014	0	N6833522D0005	0.000000	0.000000	0.000000	0	eliminated:OFFICE-NOT-AMONG-OBSERVED-ORDERING-ACTIVITIES
cluster-0014	0	N6833522D0008	0.000000	0.000000	0.000000	0	eliminated:OFFICE-NOT-AMONG-OBSERVED-ORDERING-ACTIVITIES
cluster-0014	0	N6833522D0012	0.000000	0.000000	0.000000	0	eliminated:OFFICE-NOT-AMONG-OBSERVED-ORDERING-ACTIVITIES
cluster-0014	0	N6833522D0013	0.000000	0.000000	0.000000	0	eliminated:OFFICE-NOT-AMONG-OBSERVED-ORDERING-ACTIVITIES
cluster-0014	0	N6833522D0017	0.000000	0.000000	0.000000	0	eliminated:OFFICE-NOT-AMONG-OBSERVED-ORDERING-ACTIVITIES
cluster-0014	0	N6833522D0022	0.000000	0.000000	0.000000	0	eliminated:OFFICE-NOT-AMONG-OBSERVED-ORDERING-ACTIVITIES
cluster-0014	0	N6833522D0037	0.000000	0.000000	0.000000	0	eliminated:OFFICE-NOT-AMONG-OBSERVED-ORDERING-ACTIVITIES
cluster-0014	0	N6833522D0039	0.000000	0.000000	0.000000	0	eliminated:OFFICE-NOT-AMONG-OBSERVED-ORDERING-ACTIVITIES
cluster-0014	0	N6833522G0010	0.000000	0.000000	0.000000	0	eliminated:OFFICE-NOT-AMONG-OBSERVED-ORDERING-ACTIVITIES
cluster-0014	0	N6833522G0029	0.000000	0.000000	0.000000	0	eliminated:OFFICE-NOT-AMONG-OBSERVED-ORDERING-ACTIVITIES
cluster-0014	0	N6833522G0035	0.000000	0.000000	0.000000	0	eliminated:OFFICE-NOT-AMONG-OBSERVED-ORDERING-ACTIVITIES
cluster-0014	0	N6833522G0036	0.000000	0.000000	0.000000	0	eliminated:OFFICE-NOT-AMONG-OBSERVED-ORDERING-ACTIVITIES
cluster-0014	0	N6833522G0041	0.000000	0.000000	0.000000	0	eliminated:OFFICE-NOT-AMONG-OBSERVED-ORDERING-ACTIVITIES
cluster-0014	0	N6833523A0016	0.000000	0.000000	0.000000	0	eliminated:OFFICE-NOT-AMONG-OBSERVED-ORDERING-ACTIVITIES
cluster-0014	0	N6833523A0018	0.000000	0.000000	0.000000	0	eliminated:OFFICE-NOT-AMONG-OBSERVED-ORDERING-ACTIVITIES
cluster-0014	0	N6833523A0020	0.000000	0.000000	0.000000	0	eliminated:OFFICE-NOT-AMONG-OBSERVED-ORDERING-ACTIVITIES
cluster-0014	0	N6833523A0021	0.000000	0.000000	0.000000	0	eliminated:OFFICE-NOT-AMONG-OBSERVED-ORDERING-ACTIVITIES
cluster-0014	0	N6833523A0025	0.000000	0.000000	0.000000	0	eliminated:OFFICE-NOT-AMONG-OBSERVED-ORDERING-ACTIVITIES
cluster-0014	0	N6833523A0027	0.000000	0.000000	0.000000	0	eliminated:OFFICE-NOT-AMONG-OBSERVED-ORDERING-ACTIVITIES
cluster-0014	0	N6833523A0028	0.000000	0.000000	0.000000	0	eliminated:OFFICE-NOT-AMONG-OBSERVED-ORDERING-ACTIVITIES
cluster-0014	0	N6833523A0029	0.000000	0.000000	0.000000	0	eliminated:OFFICE-NOT-AMONG-OBSERVED-ORDERING-ACTIVITIES
cluster-0014	0	N6833523A0030	0.000000	0.000000	0.000000	0	eliminated:OFFICE-NOT-AMONG-OBSERVED-ORDERING-ACTIVITIES
cluster-0014	0	N6833523A0038	0.000000	0.000000	0.000000	0	eliminated:OFFICE-NOT-AMONG-OBSERVED-ORDERING-ACTIVITIES
cluster-0014	0	N6833523A0040	0.000000	0.000000	0.000000	0	eliminated:OFFICE-NOT-AMONG-OBSERVED-ORDERING-ACTIVITIES
cluster-0014	0	N6833523A0041	0.000000	0.000000	0.000000	0	eliminated:OFFICE-NOT-AMONG-OBSERVED-ORDERING-ACTIVITIES
cluster-0014	0	N6833523A0043	0.000000	0.000000	0.000000	0	eliminated:OFFICE-NOT-AMONG-OBSERVED-ORDERING-ACTIVITIES
cluster-0014	0	N6833523A0049	0.000000	0.000000	0.000000	0	eliminated:OFFICE-NOT-AMONG-OBSERVED-ORDERING-ACTIVITIES
cluster-0014	0	N6833523A0051	0.000000	0.000000	0.000000	0	eliminated:OFFICE-NOT-AMONG-OBSERVED-ORDERING-ACTIVITIES
cluster-0014	0	N6833523A0059	0.000000	0.000000	0.000000	0	eliminated:OFFICE-NOT-AMONG-OBSERVED-ORDERING-ACTIVITIES
cluster-0014	0	N6833523A0062	0.000000	0.000000	0.000000	0	eliminated:OFFICE-NOT-AMONG-OBSERVED-ORDERING-ACTIVITIES
cluster-0014	0	N6833523A0120	0.000000	0.000000	0.000000	0	eliminated:OFFICE-NOT-AMONG-OBSERVED-ORDERING-ACTIVITIES
cluster-0014	0	N6833523A0134	0.000000	0.000000	0.000000	0	eliminated:OFFICE-NOT-AMONG-OBSERVED-ORDERING-ACTIVITIES
cluster-0014	0	N6833523A0151	0.000000	0.000000	0.000000	0	eliminated:OFFICE-NOT-AMONG-OBSERVED-ORDERING-ACTIVITIES
cluster-0014	0	N6833523A0153	0.000000	0.000000	0.000000	0	eliminated:OFFICE-NOT-AMONG-OBSERVED-ORDERING-ACTIVITIES
cluster-0014	0	N6833523A0167	0.000000	0.000000	0.000000	0	eliminated:OFFICE-NOT-AMONG-OBSERVED-ORDERING-ACTIVITIES
cluster-0014	0	N6833523A0194	0.000000	0.000000	0.000000	0	eliminated:OFFICE-NOT-AMONG-OBSERVED-ORDERING-ACTIVITIES
cluster-0014	0	N6833523D0001	0.000000	0.000000	0.000000	0	eliminated:OFFICE-NOT-AMONG-OBSERVED-ORDERING-ACTIVITIES
cluster-0014	0	N6833523D0003	0.000000	0.000000	0.000000	0	eliminated:OFFICE-NOT-AMONG-OBSERVED-ORDERING-ACTIVITIES
cluster-0014	0	N6833523D0004	0.000000	0.000000	0.000000	0	eliminated:OFFICE-NOT-AMONG-OBSERVED-ORDERING-ACTIVITIES
cluster-0014	0	N6833523D0010	0.000000	0.000000	0.000000	0	eliminated:OFFICE-NOT-AMONG-OBSERVED-ORDERING-ACTIVITIES
cluster-0014	0	N6833523D0017	0.000000	0.000000	0.000000	0	eliminated:OFFICE-NOT-AMONG-OBSERVED-ORDERING-ACTIVITIES
cluster-0014	0	N6833523D0025	0.000000	0.000000	0.000000	0	eliminated:OFFICE-NOT-AMONG-OBSERVED-ORDERING-ACTIVITIES
cluster-0014	0	N6833523D0029	0.000000	0.000000	0.000000	0	eliminated:OFFICE-NOT-AMONG-OBSERVED-ORDERING-ACTIVITIES
cluster-0014	0	N6833523D0035	0.000000	0.000000	0.000000	0	eliminated:OFFICE-NOT-AMONG-OBSERVED-ORDERING-ACTIVITIES
cluster-0014	0	N6833523D0046	0.000000	0.000000	0.000000	0	eliminated:OFFICE-NOT-AMONG-OBSERVED-ORDERING-ACTIVITIES
cluster-0014	0	N6833523G0001	0.000000	0.000000	0.000000	0	eliminated:OFFICE-NOT-AMONG-OBSERVED-ORDERING-ACTIVITIES
cluster-0014	0	N6833523G0004	0.000000	0.000000	0.000000	0	eliminated:OFFICE-NOT-AMONG-OBSERVED-ORDERING-ACTIVITIES
cluster-0014	0	N6833524A0002	0.000000	0.000000	0.000000	0	eliminated:OFFICE-NOT-AMONG-OBSERVED-ORDERING-ACTIVITIES
cluster-0014	0	N6833524A0007	0.000000	0.000000	0.000000	0	eliminated:OFFICE-NOT-AMONG-OBSERVED-ORDERING-ACTIVITIES
cluster-0014	0	N6833524A0016	0.000000	0.000000	0.000000	0	eliminated:OFFICE-NOT-AMONG-OBSERVED-ORDERING-ACTIVITIES
cluster-0014	0	N6833524A0026	0.000000	0.000000	0.000000	0	eliminated:OFFICE-NOT-AMONG-OBSERVED-ORDERING-ACTIVITIES
cluster-0014	0	N6833524A0032	0.000000	0.000000	0.000000	0	eliminated:OFFICE-NOT-AMONG-OBSERVED-ORDERING-ACTIVITIES
cluster-0014	0	N6833524A0033	0.000000	0.000000	0.000000	0	eliminated:OFFICE-NOT-AMONG-OBSERVED-ORDERING-ACTIVITIES
cluster-0014	0	N6833524A0040	0.000000	0.000000	0.000000	0	eliminated:OFFICE-NOT-AMONG-OBSERVED-ORDERING-ACTIVITIES
cluster-0014	0	N6833524D0002	0.000000	0.000000	0.000000	0	eliminated:OFFICE-NOT-AMONG-OBSERVED-ORDERING-ACTIVITIES
cluster-0014	0	N6833524D0003	0.000000	0.000000	0.000000	0	eliminated:OFFICE-NOT-AMONG-OBSERVED-ORDERING-ACTIVITIES
cluster-0014	0	N6833524D0009	0.000000	0.000000	0.000000	0	eliminated:OFFICE-NOT-AMONG-OBSERVED-ORDERING-ACTIVITIES
cluster-0014	0	N6833524D0010	0.000000	0.000000	0.000000	0	eliminated:OFFICE-NOT-AMONG-OBSERVED-ORDERING-ACTIVITIES
cluster-0014	0	N6833524D0018	0.000000	0.000000	0.000000	0	eliminated:OFFICE-NOT-AMONG-OBSERVED-ORDERING-ACTIVITIES
cluster-0014	0	N6833524D0019	0.000000	0.000000	0.000000	0	eliminated:OFFICE-NOT-AMONG-OBSERVED-ORDERING-ACTIVITIES
cluster-0014	0	N6833524D0020	0.000000	0.000000	0.000000	0	eliminated:OFFICE-NOT-AMONG-OBSERVED-ORDERING-ACTIVITIES
cluster-0014	0	N6833524D0021	0.000000	0.000000	0.000000	0	eliminated:OFFICE-NOT-AMONG-OBSERVED-ORDERING-ACTIVITIES
cluster-0014	0	N6833524D0023	0.000000	0.000000	0.000000	0	eliminated:OFFICE-NOT-AMONG-OBSERVED-ORDERING-ACTIVITIES
cluster-0014	0	N6833524G0007	0.000000	0.000000	0.000000	0	eliminated:OFFICE-NOT-AMONG-OBSERVED-ORDERING-ACTIVITIES
cluster-0014	0	N6833524G0009	0.000000	0.000000	0.000000	0	eliminated:OFFICE-NOT-AMONG-OBSERVED-ORDERING-ACTIVITIES
cluster-0014	0	N6833524G0021	0.000000	0.000000	0.000000	0	eliminated:OFFICE-NOT-AMONG-OBSERVED-ORDERING-ACTIVITIES
cluster-0014	0	N6833524G0028	0.000000	0.000000	0.000000	0	eliminated:OFFICE-NOT-AMONG-OBSERVED-ORDERING-ACTIVITIES
cluster-0014	0	N6833524G0038	0.000000	0.000000	0.000000	0	eliminated:OFFICE-NOT-AMONG-OBSERVED-ORDERING-ACTIVITIES
cluster-0014	0	N6833525A0007	0.000000	0.000000	0.000000	0	eliminated:OFFICE-NOT-AMONG-OBSERVED-ORDERING-ACTIVITIES
cluster-0014	0	N6833525A0008	0.000000	0.000000	0.000000	0	eliminated:OFFICE-NOT-AMONG-OBSERVED-ORDERING-ACTIVITIES
cluster-0014	0	N6833525A0038	0.000000	0.000000	0.000000	0	eliminated:OFFICE-NOT-AMONG-OBSERVED-ORDERING-ACTIVITIES
cluster-0014	0	N6833525D0001	0.000000	0.000000	0.000000	0	eliminated:OFFICE-NOT-AMONG-OBSERVED-ORDERING-ACTIVITIES
cluster-0014	0	N6833525D0004	0.000000	0.000000	0.000000	0	eliminated:OFFICE-NOT-AMONG-OBSERVED-ORDERING-ACTIVITIES
cluster-0014	0	N6833525D0005	0.000000	0.000000	0.000000	0	eliminated:OFFICE-NOT-AMONG-OBSERVED-ORDERING-ACTIVITIES
cluster-0014	0	N6833525D0010	0.000000	0.000000	0.000000	0	eliminated:OFFICE-NOT-AMONG-OBSERVED-ORDERING-ACTIVITIES
cluster-0014	0	N6852020D0012	0.000000	0.000000	0.000000	0	eliminated:OFFICE-NOT-AMONG-OBSERVED-ORDERING-ACTIVITIES
cluster-0014	0	N6852021D0002	0.000000	0.000000	0.000000	0	eliminated:OFFICE-NOT-AMONG-OBSERVED-ORDERING-ACTIVITIES
cluster-0014	0	N6852021D0004	0.000000	0.000000	0.000000	0	eliminated:OFFICE-NOT-AMONG-OBSERVED-ORDERING-ACTIVITIES
cluster-0014	0	N6852021D0005	0.000000	0.000000	0.000000	0	eliminated:OFFICE-NOT-AMONG-OBSERVED-ORDERING-ACTIVITIES
cluster-0014	0	N6852021D0006	0.000000	0.000000	0.000000	0	eliminated:OFFICE-NOT-AMONG-OBSERVED-ORDERING-ACTIVITIES
cluster-0014	0	N6852022D0003	0.000000	0.000000	0.000000	0	eliminated:OFFICE-NOT-AMONG-OBSERVED-ORDERING-ACTIVITIES
cluster-0014	0	N6852023D0001	0.000000	0.000000	0.000000	0	eliminated:OFFICE-NOT-AMONG-OBSERVED-ORDERING-ACTIVITIES
cluster-0014	0	N6852023D0011	0.000000	0.000000	0.000000	0	eliminated:OFFICE-NOT-AMONG-OBSERVED-ORDERING-ACTIVITIES
cluster-0014	0	N6852023D0012	0.000000	0.000000	0.000000	0	eliminated:OFFICE-NOT-AMONG-OBSERVED-ORDERING-ACTIVITIES
cluster-0014	0	N6852023D0013	0.000000	0.000000	0.000000	0	eliminated:OFFICE-NOT-AMONG-OBSERVED-ORDERING-ACTIVITIES
cluster-0014	0	N6852023D0014	0.000000	0.000000	0.000000	0	eliminated:OFFICE-NOT-AMONG-OBSERVED-ORDERING-ACTIVITIES
cluster-0014	0	N6852023D0111	0.000000	0.000000	0.000000	0	eliminated:OFFICE-NOT-AMONG-OBSERVED-ORDERING-ACTIVITIES
cluster-0014	0	N6852024A0004	0.000000	0.000000	0.000000	0	eliminated:OFFICE-NOT-AMONG-OBSERVED-ORDERING-ACTIVITIES
cluster-0014	0	N6852025D0001	0.000000	0.000000	0.000000	0	eliminated:OFFICE-NOT-AMONG-OBSERVED-ORDERING-ACTIVITIES
cluster-0014	0	N6883621A0003	0.000000	0.000000	0.000000	0	eliminated:OFFICE-NOT-AMONG-OBSERVED-ORDERING-ACTIVITIES
cluster-0014	0	N6893614D0008	0.000000	0.000000	0.000000	0	eliminated:OFFICE-NOT-AMONG-OBSERVED-ORDERING-ACTIVITIES
cluster-0014	0	N6893615D0015	0.000000	0.000000	0.000000	0	eliminated:OFFICE-NOT-AMONG-OBSERVED-ORDERING-ACTIVITIES
cluster-0014	0	N6893616D0016	0.000000	0.000000	0.000000	0	eliminated:OFFICE-NOT-AMONG-OBSERVED-ORDERING-ACTIVITIES
cluster-0014	0	N6893616D0018	0.000000	0.000000	0.000000	0	eliminated:OFFICE-NOT-AMONG-OBSERVED-ORDERING-ACTIVITIES
cluster-0014	0	N6893617D0010	0.000000	0.000000	0.000000	0	eliminated:OFFICE-NOT-AMONG-OBSERVED-ORDERING-ACTIVITIES
cluster-0014	0	N6893618D0006	0.000000	0.000000	0.000000	0	eliminated:OFFICE-NOT-AMONG-OBSERVED-ORDERING-ACTIVITIES
cluster-0014	0	N6893618D0012	0.000000	0.000000	0.000000	0	eliminated:OFFICE-NOT-AMONG-OBSERVED-ORDERING-ACTIVITIES
cluster-0014	0	N6893618D0014	0.000000	0.000000	0.000000	0	eliminated:OFFICE-NOT-AMONG-OBSERVED-ORDERING-ACTIVITIES
cluster-0014	0	N6893618D0015	0.000000	0.000000	0.000000	0	eliminated:OFFICE-NOT-AMONG-OBSERVED-ORDERING-ACTIVITIES
cluster-0014	0	N6893618D0026	0.000000	0.000000	0.000000	0	eliminated:OFFICE-NOT-AMONG-OBSERVED-ORDERING-ACTIVITIES
cluster-0014	0	N6893618D0029	0.000000	0.000000	0.000000	0	eliminated:OFFICE-NOT-AMONG-OBSERVED-ORDERING-ACTIVITIES
cluster-0014	0	N6893618D0036	0.000000	0.000000	0.000000	0	eliminated:OFFICE-NOT-AMONG-OBSERVED-ORDERING-ACTIVITIES
cluster-0014	0	N6893619D0001	0.000000	0.000000	0.000000	0	eliminated:OFFICE-NOT-AMONG-OBSERVED-ORDERING-ACTIVITIES
cluster-0014	0	N6893619D0007	0.000000	0.000000	0.000000	0	eliminated:OFFICE-NOT-AMONG-OBSERVED-ORDERING-ACTIVITIES
cluster-0014	0	N6893619D0008	0.000000	0.000000	0.000000	0	eliminated:OFFICE-NOT-AMONG-OBSERVED-ORDERING-ACTIVITIES
cluster-0014	0	N6893619D0017	0.000000	0.000000	0.000000	0	eliminated:OFFICE-NOT-AMONG-OBSERVED-ORDERING-ACTIVITIES
cluster-0014	0	N6893619D0020	0.000000	0.000000	0.000000	0	eliminated:OFFICE-NOT-AMONG-OBSERVED-ORDERING-ACTIVITIES
cluster-0014	0	N6893619D0027	0.000000	0.000000	0.000000	0	eliminated:OFFICE-NOT-AMONG-OBSERVED-ORDERING-ACTIVITIES
cluster-0014	0	N6893619D0035	0.000000	0.000000	0.000000	0	eliminated:OFFICE-NOT-AMONG-OBSERVED-ORDERING-ACTIVITIES
cluster-0014	0	N6893619D0048	0.000000	0.000000	0.000000	0	eliminated:OFFICE-NOT-AMONG-OBSERVED-ORDERING-ACTIVITIES
cluster-0014	0	N6893620D0001	0.000000	0.000000	0.000000	0	eliminated:OFFICE-NOT-AMONG-OBSERVED-ORDERING-ACTIVITIES
cluster-0014	0	N6893620D0005	0.000000	0.000000	0.000000	0	eliminated:OFFICE-NOT-AMONG-OBSERVED-ORDERING-ACTIVITIES
cluster-0014	0	N6893620D0007	0.000000	0.000000	0.000000	0	eliminated:OFFICE-NOT-AMONG-OBSERVED-ORDERING-ACTIVITIES
cluster-0014	0	N6893620D0014	0.000000	0.000000	0.000000	0	eliminated:OFFICE-NOT-AMONG-OBSERVED-ORDERING-ACTIVITIES
cluster-0014	0	N6893620D0015	0.000000	0.000000	0.000000	0	eliminated:OFFICE-NOT-AMONG-OBSERVED-ORDERING-ACTIVITIES
cluster-0014	0	N6893620D0016	0.000000	0.000000	0.000000	0	eliminated:OFFICE-NOT-AMONG-OBSERVED-ORDERING-ACTIVITIES
cluster-0014	0	N6893620D0018	0.000000	0.000000	0.000000	0	eliminated:OFFICE-NOT-AMONG-OBSERVED-ORDERING-ACTIVITIES
cluster-0014	0	N6893620D0024	0.000000	0.000000	0.000000	0	eliminated:OFFICE-NOT-AMONG-OBSERVED-ORDERING-ACTIVITIES
cluster-0014	0	N6893620D0033	0.000000	0.000000	0.000000	0	eliminated:OFFICE-NOT-AMONG-OBSERVED-ORDERING-ACTIVITIES
cluster-0014	0	N6893621D0001	0.000000	0.000000	0.000000	0	eliminated:OFFICE-NOT-AMONG-OBSERVED-ORDERING-ACTIVITIES
cluster-0014	0	N6893621D0007	0.000000	0.000000	0.000000	0	eliminated:OFFICE-NOT-AMONG-OBSERVED-ORDERING-ACTIVITIES
cluster-0014	0	N6893621D0009	0.000000	0.000000	0.000000	0	eliminated:OFFICE-NOT-AMONG-OBSERVED-ORDERING-ACTIVITIES
cluster-0014	0	N6893621D0010	0.000000	0.000000	0.000000	0	eliminated:OFFICE-NOT-AMONG-OBSERVED-ORDERING-ACTIVITIES
cluster-0014	0	N6893621D0011	0.000000	0.000000	0.000000	0	eliminated:OFFICE-NOT-AMONG-OBSERVED-ORDERING-ACTIVITIES
cluster-0014	0	N6893621D0016	0.000000	0.000000	0.000000	0	eliminated:OFFICE-NOT-AMONG-OBSERVED-ORDERING-ACTIVITIES
cluster-0014	0	N6893621D0017	0.000000	0.000000	0.000000	0	eliminated:OFFICE-NOT-AMONG-OBSERVED-ORDERING-ACTIVITIES
cluster-0014	0	N6893621D0024	0.000000	0.000000	0.000000	0	eliminated:OFFICE-NOT-AMONG-OBSERVED-ORDERING-ACTIVITIES
cluster-0014	0	N6893621D0026	0.000000	0.000000	0.000000	0	eliminated:OFFICE-NOT-AMONG-OBSERVED-ORDERING-ACTIVITIES
cluster-0014	0	N6893621D0043	0.000000	0.000000	0.000000	0	eliminated:OFFICE-NOT-AMONG-OBSERVED-ORDERING-ACTIVITIES
cluster-0014	0	N6893621D0044	0.000000	0.000000	0.000000	0	eliminated:OFFICE-NOT-AMONG-OBSERVED-ORDERING-ACTIVITIES
cluster-0014	0	N6893621D0045	0.000000	0.000000	0.000000	0	eliminated:OFFICE-NOT-AMONG-OBSERVED-ORDERING-ACTIVITIES
cluster-0014	0	N6893621D0046	0.000000	0.000000	0.000000	0	eliminated:OFFICE-NOT-AMONG-OBSERVED-ORDERING-ACTIVITIES
cluster-0014	0	N6893621D0051	0.000000	0.000000	0.000000	0	eliminated:OFFICE-NOT-AMONG-OBSERVED-ORDERING-ACTIVITIES
cluster-0014	0	N6893622D0002	0.000000	0.000000	0.000000	0	eliminated:OFFICE-NOT-AMONG-OBSERVED-ORDERING-ACTIVITIES
cluster-0014	0	N6893622D0004	0.000000	0.000000	0.000000	0	eliminated:OFFICE-NOT-AMONG-OBSERVED-ORDERING-ACTIVITIES
cluster-0014	0	N6893622D0007	0.000000	0.000000	0.000000	0	eliminated:OFFICE-NOT-AMONG-OBSERVED-ORDERING-ACTIVITIES
cluster-0014	0	N6893622D0008	0.000000	0.000000	0.000000	0	eliminated:OFFICE-NOT-AMONG-OBSERVED-ORDERING-ACTIVITIES
cluster-0014	0	N6893622D0009	0.000000	0.000000	0.000000	0	eliminated:OFFICE-NOT-AMONG-OBSERVED-ORDERING-ACTIVITIES
cluster-0014	0	N6893622D0010	0.000000	0.000000	0.000000	0	eliminated:OFFICE-NOT-AMONG-OBSERVED-ORDERING-ACTIVITIES
cluster-0014	0	N6893622D0011	0.000000	0.000000	0.000000	0	eliminated:OFFICE-NOT-AMONG-OBSERVED-ORDERING-ACTIVITIES
cluster-0014	0	N6893622D0014	0.000000	0.000000	0.000000	0	eliminated:OFFICE-NOT-AMONG-OBSERVED-ORDERING-ACTIVITIES
cluster-0014	0	N6893622D0015	0.000000	0.000000	0.000000	0	eliminated:OFFICE-NOT-AMONG-OBSERVED-ORDERING-ACTIVITIES
cluster-0014	0	N6893622D0017	0.000000	0.000000	0.000000	0	eliminated:OFFICE-NOT-AMONG-OBSERVED-ORDERING-ACTIVITIES
cluster-0014	0	N6893622D0018	0.000000	0.000000	0.000000	0	eliminated:OFFICE-NOT-AMONG-OBSERVED-ORDERING-ACTIVITIES
cluster-0014	0	N6893622D0021	0.000000	0.000000	0.000000	0	eliminated:OFFICE-NOT-AMONG-OBSERVED-ORDERING-ACTIVITIES
cluster-0014	0	N6893622D0024	0.000000	0.000000	0.000000	0	eliminated:OFFICE-NOT-AMONG-OBSERVED-ORDERING-ACTIVITIES
cluster-0014	0	N6893622D0025	0.000000	0.000000	0.000000	0	eliminated:OFFICE-NOT-AMONG-OBSERVED-ORDERING-ACTIVITIES
cluster-0014	0	N6893622D0026	0.000000	0.000000	0.000000	0	eliminated:OFFICE-NOT-AMONG-OBSERVED-ORDERING-ACTIVITIES
cluster-0014	0	N6893622D0027	0.000000	0.000000	0.000000	0	eliminated:OFFICE-NOT-AMONG-OBSERVED-ORDERING-ACTIVITIES
cluster-0014	0	N6893622D0028	0.000000	0.000000	0.000000	0	eliminated:OFFICE-NOT-AMONG-OBSERVED-ORDERING-ACTIVITIES
cluster-0014	0	N6893622D0032	0.000000	0.000000	0.000000	0	eliminated:OFFICE-NOT-AMONG-OBSERVED-ORDERING-ACTIVITIES
cluster-0014	0	N6893622D0034	0.000000	0.000000	0.000000	0	eliminated:OFFICE-NOT-AMONG-OBSERVED-ORDERING-ACTIVITIES
cluster-0014	0	N6893622D0036	0.000000	0.000000	0.000000	0	eliminated:OFFICE-NOT-AMONG-OBSERVED-ORDERING-ACTIVITIES
cluster-0014	0	N6893622D0038	0.000000	0.000000	0.000000	0	eliminated:OFFICE-NOT-AMONG-OBSERVED-ORDERING-ACTIVITIES
cluster-0014	0	N6893622D0041	0.000000	0.000000	0.000000	0	eliminated:OFFICE-NOT-AMONG-OBSERVED-ORDERING-ACTIVITIES
cluster-0014	0	N6893623D0001	0.000000	0.000000	0.000000	0	eliminated:OFFICE-NOT-AMONG-OBSERVED-ORDERING-ACTIVITIES
cluster-0014	0	N6893623D0013	0.000000	0.000000	0.000000	0	eliminated:OFFICE-NOT-AMONG-OBSERVED-ORDERING-ACTIVITIES
cluster-0014	0	N6893623D0014	0.000000	0.000000	0.000000	0	eliminated:OFFICE-NOT-AMONG-OBSERVED-ORDERING-ACTIVITIES
cluster-0014	0	N6893623D0018	0.000000	0.000000	0.000000	0	eliminated:OFFICE-NOT-AMONG-OBSERVED-ORDERING-ACTIVITIES
cluster-0014	0	N6893623D0019	0.000000	0.000000	0.000000	0	eliminated:OFFICE-NOT-AMONG-OBSERVED-ORDERING-ACTIVITIES
cluster-0014	0	N6893623D0021	0.000000	0.000000	0.000000	0	eliminated:OFFICE-NOT-AMONG-OBSERVED-ORDERING-ACTIVITIES
cluster-0014	0	N6893623D0023	0.000000	0.000000	0.000000	0	eliminated:OFFICE-NOT-AMONG-OBSERVED-ORDERING-ACTIVITIES
cluster-0014	0	N6893623D0025	0.000000	0.000000	0.000000	0	eliminated:OFFICE-NOT-AMONG-OBSERVED-ORDERING-ACTIVITIES
cluster-0014	0	N6893623D0026	0.000000	0.000000	0.000000	0	eliminated:OFFICE-NOT-AMONG-OBSERVED-ORDERING-ACTIVITIES
cluster-0014	0	N6893623D0028	0.000000	0.000000	0.000000	0	eliminated:OFFICE-NOT-AMONG-OBSERVED-ORDERING-ACTIVITIES
cluster-0014	0	N6893623D0029	0.000000	0.000000	0.000000	0	eliminated:OFFICE-NOT-AMONG-OBSERVED-ORDERING-ACTIVITIES
cluster-0014	0	N6893623D0033	0.000000	0.000000	0.000000	0	eliminated:OFFICE-NOT-AMONG-OBSERVED-ORDERING-ACTIVITIES
cluster-0014	0	N6893623D0034	0.000000	0.000000	0.000000	0	eliminated:OFFICE-NOT-AMONG-OBSERVED-ORDERING-ACTIVITIES
cluster-0014	0	N6893623D0036	0.000000	0.000000	0.000000	0	eliminated:OFFICE-NOT-AMONG-OBSERVED-ORDERING-ACTIVITIES
cluster-0014	0	N6893623D0037	0.000000	0.000000	0.000000	0	eliminated:OFFICE-NOT-AMONG-OBSERVED-ORDERING-ACTIVITIES
cluster-0014	0	N6893623D0039	0.000000	0.000000	0.000000	0	eliminated:OFFICE-NOT-AMONG-OBSERVED-ORDERING-ACTIVITIES
cluster-0014	0	N6893623D0041	0.000000	0.000000	0.000000	0	eliminated:OFFICE-NOT-AMONG-OBSERVED-ORDERING-ACTIVITIES
cluster-0014	0	N6893623D0042	0.000000	0.000000	0.000000	0	eliminated:OFFICE-NOT-AMONG-OBSERVED-ORDERING-ACTIVITIES
cluster-0014	0	N6893623D0045	0.000000	0.000000	0.000000	0	eliminated:OFFICE-NOT-AMONG-OBSERVED-ORDERING-ACTIVITIES
cluster-0014	0	N6893623D0046	0.000000	0.000000	0.000000	0	eliminated:OFFICE-NOT-AMONG-OBSERVED-ORDERING-ACTIVITIES
cluster-0014	0	N6893623D0047	0.000000	0.000000	0.000000	0	eliminated:OFFICE-NOT-AMONG-OBSERVED-ORDERING-ACTIVITIES
cluster-0014	0	N6893623D0051	0.000000	0.000000	0.000000	0	eliminated:OFFICE-NOT-AMONG-OBSERVED-ORDERING-ACTIVITIES
cluster-0014	0	N6893623D0054	0.000000	0.000000	0.000000	0	eliminated:OFFICE-NOT-AMONG-OBSERVED-ORDERING-ACTIVITIES
cluster-0014	0	N6893624D0001	0.000000	0.000000	0.000000	0	eliminated:OFFICE-NOT-AMONG-OBSERVED-ORDERING-ACTIVITIES
cluster-0014	0	N6893624D0002	0.000000	0.000000	0.000000	0	eliminated:OFFICE-NOT-AMONG-OBSERVED-ORDERING-ACTIVITIES
cluster-0014	0	N6893624D0003	0.000000	0.000000	0.000000	0	eliminated:OFFICE-NOT-AMONG-OBSERVED-ORDERING-ACTIVITIES
cluster-0014	0	N6893624D0004	0.000000	0.000000	0.000000	0	eliminated:OFFICE-NOT-AMONG-OBSERVED-ORDERING-ACTIVITIES
cluster-0014	0	N6893624D0006	0.000000	0.000000	0.000000	0	eliminated:OFFICE-NOT-AMONG-OBSERVED-ORDERING-ACTIVITIES
cluster-0014	0	N6893624D0007	0.000000	0.000000	0.000000	0	eliminated:OFFICE-NOT-AMONG-OBSERVED-ORDERING-ACTIVITIES
cluster-0014	0	N6893624D0008	0.000000	0.000000	0.000000	0	eliminated:OFFICE-NOT-AMONG-OBSERVED-ORDERING-ACTIVITIES
cluster-0014	0	N6893624D0009	0.000000	0.000000	0.000000	0	eliminated:OFFICE-NOT-AMONG-OBSERVED-ORDERING-ACTIVITIES
cluster-0014	0	N6893624D0012	0.000000	0.000000	0.000000	0	eliminated:OFFICE-NOT-AMONG-OBSERVED-ORDERING-ACTIVITIES
cluster-0014	0	N6893624D0013	0.000000	0.000000	0.000000	0	eliminated:OFFICE-NOT-AMONG-OBSERVED-ORDERING-ACTIVITIES
cluster-0014	0	N6893624D0015	0.000000	0.000000	0.000000	0	eliminated:OFFICE-NOT-AMONG-OBSERVED-ORDERING-ACTIVITIES
cluster-0014	0	N6893624D0017	0.000000	0.000000	0.000000	0	eliminated:OFFICE-NOT-AMONG-OBSERVED-ORDERING-ACTIVITIES
cluster-0014	0	N6893624D0020	0.000000	0.000000	0.000000	0	eliminated:OFFICE-NOT-AMONG-OBSERVED-ORDERING-ACTIVITIES
cluster-0014	0	N6893624D0022	0.000000	0.000000	0.000000	0	eliminated:OFFICE-NOT-AMONG-OBSERVED-ORDERING-ACTIVITIES
cluster-0014	0	N6893624D0023	0.000000	0.000000	0.000000	0	eliminated:OFFICE-NOT-AMONG-OBSERVED-ORDERING-ACTIVITIES
cluster-0014	0	N6893624D0025	0.000000	0.000000	0.000000	0	eliminated:OFFICE-NOT-AMONG-OBSERVED-ORDERING-ACTIVITIES
cluster-0014	0	N6893625D0001	0.000000	0.000000	0.000000	0	eliminated:OFFICE-NOT-AMONG-OBSERVED-ORDERING-ACTIVITIES
cluster-0014	0	N6893625D0008	0.000000	0.000000	0.000000	0	eliminated:OFFICE-NOT-AMONG-OBSERVED-ORDERING-ACTIVITIES
cluster-0014	0	N6893625D0011	0.000000	0.000000	0.000000	0	eliminated:OFFICE-NOT-AMONG-OBSERVED-ORDERING-ACTIVITIES
cluster-0014	0	N6893625D0013	0.000000	0.000000	0.000000	0	eliminated:OFFICE-NOT-AMONG-OBSERVED-ORDERING-ACTIVITIES
cluster-0014	0	SPE4A123G0002	0.000000	0.000000	0.000000	0	eliminated:OFFICE-NOT-AMONG-OBSERVED-ORDERING-ACTIVITIES
cluster-0014	0	W15QKN15D0001	0.000000	0.000000	0.000000	0	eliminated:OFFICE-NOT-AMONG-OBSERVED-ORDERING-ACTIVITIES
