cluster_id	rank	vehicle_id	score	lexical	affinity	tier	status
cluster-0001	1	N6833520G3036	0.142270	0.237116	0.000000	5	candidate
cluster-0001	2	N0001919D0005	0.070462	0.117437	0.000000	1	candidate
cluster-0001	3	N0001923D0018	0.067598	0.112664	0.000000	1	candidate
cluster-0001	4	N6833520D0032	0.039258	0.065430	0.000000	1	below-floor
cluster-0001	5	N6893621D0010	0.026606	0.044344	0.000000	1	below-floor
cluster-0001	6	N0001920D0023	0.025345	0.042242	0.000000	1	below-floor
cluster-0001	7	SEAPORT-NXG	0.021902	0.036503	0.000000	1	below-floor
cluster-0001	8	N0001920D0017	0.021185	0.035308	0.000000	1	below-floor
cluster-0001	9	GSA-MAS	0.057641	0.096068	0.000000	2	candidate
cluster-0001	10	N6833520G1048	0.021933	0.036556	0.000000	5	below-floor
cluster-0001	11	N0042116D0013	0.020265	0.033774	0.000000	1	below-floor
cluster-0001	12	N0001922D0009	0.019537	0.032562	0.000000	1	below-floor
cluster-0001	13	N6833523D0004	0.019056	0.031760	0.000000	1	below-floor
cluster-0001	14	N0001917D0009	0.018870	0.031450	0.000000	1	below-floor
cluster-0001	15	N0042125D0303	0.018548	0.030913	0.000000	1	below-floor
cluster-0001	16	N6134023D0008	0.018072	0.030119	0.000000	1	below-floor
cluster-0001	17	N0001922D0013	0.017327	0.028878	0.000000	1	below-floor
cluster-0001	18	N0001925D0009	0.016680	0.027801	0.000000	1	below-floor
cluster-0001	19	N0001925D0012	0.016527	0.027545	0.000000	1	below-floor
cluster-0001	20	N6134022D0006	0.015869	0.026448	0.000000	1	below-floor
cluster-0001	21	N0001922D0042	0.015604	0.026007	0.000000	1	below-floor
cluster-0001	22	N6893622D0002	0.015400	0.025667	0.000000	1	below-floor
cluster-0001	23	N6134018D0004	0.014743	0.024572	0.000000	1	below-floor
cluster-0001	24	N6893623D0014	0.014536	0.024227	0.000000	1	below-floor
cluster-0001	25	N0001923D0013	0.014504	0.024173	0.000000	1	below-floor
cluster-0001	26	N6134021D0016	0.014315	0.023858	0.000000	1	below-floor
cluster-0001	27	N0001922D0040	0.014078	0.023464	0.000000	1	below-floor
cluster-0001	28	NAWCTSD-TSC-IV	0.013931	0.023218	0.000000	1	below-floor
cluster-0001	29	N6134023D0001	0.013823	0.023039	0.000000	1	below-floor
cluster-0001	30	N0042118D0015	0.013811	0.023018	0.000000	1	below-floor
cluster-0001	31	N6833521D0227	0.013747	0.022912	0.000000	1	below-floor
cluster-0001	32	N6134017D0002	0.013012	0.021686	0.000000	1	below-floor
cluster-0001	33	NAWCTSD-FTSS-V	0.012862	0.021436	0.000000	1	below-floor
cluster-0001	34	N0042121D0035	0.012811	0.021351	0.000000	1	below-floor
cluster-0001	35	N0042123D0007	0.012702	0.021170	0.000000	1	below-floor
cluster-0001	36	N0001921D0010	0.012084	0.020141	0.000000	1	below-floor
cluster-0001	37	N6893619D0027	0.011945	0.019909	0.000000	1	below-floor
cluster-0001	38	N0042120D0003	0.011876	0.019793	0.000000	1	below-floor
cluster-0001	39	N6134020D0024	0.011797	0.019661	0.000000	1	below-floor
cluster-0001	40	N0042123D0005	0.011465	0.019109	0.000000	1	below-floor
cluster-0001	41	N6893614D0008	0.011378	0.018964	0.000000	1	below-floor
cluster-0001	42	N0042120D0007	0.011280	0.018801	0.000000	1	below-floor
cluster-0001	43	N6134019D0906	0.010988	0.018313	0.000000	1	below-floor
cluster-0001	44	N6134020D0021	0.010940	0.018234	0.000000	1	below-floor
cluster-0001	45	N0042124D0011	0.010932	0.018219	0.000000	1	below-floor
cluster-0001	46	N6134021D0015	0.010761	0.017935	0.000000	1	below-floor
cluster-0001	47	N0001925D0016	0.010381	0.017301	0.000000	1	below-floor
cluster-0001	48	N6134025D0005	0.010358	0.017263	0.000000	1	below-floor
cluster-0001	49	N6134021D0013	0.010323	0.017205	0.000000	1	below-floor
cluster-0001	50	N6893625D0013	0.010229	0.017049	0.000000	1	below-floor
cluster-0001	51	N0001918D0103	0.010146	0.016910	0.000000	1	below-floor
cluster-0001	52	N6134024D0001	0.010108	0.016847	0.000000	1	below-floor
cluster-0001	53	N6893620D0007	0.010054	0.016756	0.000000	1	below-floor
cluster-0001	54	N0001925D0014	0.010031	0.016718	0.000000	1	below-floor
cluster-0001	55	N0042116D0002	0.009923	0.016539	0.000000	1	below-floor
cluster-0001	56	N6134024D0006	0.009849	0.016416	0.000000	1	below-floor
cluster-0001	57	N6833523D0003	0.009654	0.016089	0.000000	1	below-floor
cluster-0001	58	N0001923D0022	0.009609	0.016016	0.000000	1	below-floor
cluster-0001	59	N0042121D0010	0.009346	0.015576	0.000000	1	below-floor
cluster-0001	60	N6134018D0009	0.009252	0.015419	0.000000	1	below-floor
cluster-0001	61	N0042119D0001	0.009161	0.015268	0.000000	1	below-floor
cluster-0001	62	N0001924D0119	0.009150	0.015250	0.000000	1	below-floor
cluster-0001	63	N6893622D0032	0.009060	0.015100	0.000000	1	below-floor
cluster-0001	64	N0042122D0101	0.008976	0.014959	0.000000	1	below-floor
cluster-0001	65	N0001922D0022	0.008956	0.014926	0.000000	1	below-floor
cluster-0001	66	N6852025D0001	0.008880	0.014799	0.000000	1	below-floor
cluster-0001	67	N6833519D0135	0.008868	0.014780	0.000000	1	below-floor
cluster-0001	68	N0001921D0050	0.008731	0.014552	0.000000	1	below-floor
cluster-0001	69	N6893624D0017	0.008693	0.014488	0.000000	1	below-floor
cluster-0001	70	N6893622D0028	0.008298	0.013830	0.000000	1	below-floor
cluster-0001	71	N0001922D0001	0.008285	0.013808	0.000000	1	below-floor
cluster-0001	72	N6833521D0229	0.008254	0.013757	0.000000	1	below-floor
cluster-0001	73	NAWCAD-SCI-MAC	0.008238	0.013730	0.000000	1	below-floor
cluster-0001	74	N6893621D0011	0.008146	0.013576	0.000000	1	below-floor
cluster-0001	75	N6134016D1003	0.008016	0.013360	0.000000	1	below-floor
cluster-0001	76	N0001919D0001	0.007985	0.013309	0.000000	1	below-floor
cluster-0001	77	N6893623D0001	0.007946	0.013244	0.000000	1	below-floor
cluster-0001	78	N0001920D0051	0.007881	0.013135	0.000000	1	below-floor
cluster-0001	79	N6852023D0013	0.007870	0.013116	0.000000	1	below-floor
cluster-0001	80	N0042122D0084	0.007858	0.013096	0.000000	1	below-floor
cluster-0001	81	N0001922D0008	0.007782	0.012970	0.000000	1	below-floor
cluster-0001	82	N0042120D0006	0.007733	0.012889	0.000000	1	below-floor
cluster-0001	83	N0042120D0015	0.007631	0.012718	0.000000	1	below-floor
cluster-0001	84	N6893620D0001	0.007569	0.012615	0.000000	1	below-floor
cluster-0001	85	N6893621D0046	0.007544	0.012573	0.000000	1	below-floor
cluster-0001	86	N6833521D0049	0.007502	0.012503	0.000000	1	below-floor
cluster-0001	87	N0001919D0021	0.007497	0.012496	0.000000	1	below-floor
cluster-0001	88	N6833521D0214	0.007454	0.012423	0.000000	1	below-floor
cluster-0001	89	N0001920D0001	0.007378	0.012297	0.000000	1	below-floor
cluster-0001	90	N6833522D0005	0.007358	0.012264	0.000000	1	below-floor
cluster-0001	91	N6852021D0002	0.007335	0.012225	0.000000	1	below-floor
cluster-0001	92	N6134020D0025	0.007303	0.012172	0.000000	1	below-floor
cluster-0001	93	N6893624D0001	0.007057	0.011761	0.000000	1	below-floor
cluster-0001	94	N6893623D0033	0.007045	0.011742	0.000000	1	below-floor
cluster-0001	95	N6134020D0019	0.006966	0.011610	0.000000	1	below-floor
cluster-0001	96	N6893618D0026	0.006966	0.011609	0.000000	1	below-floor
cluster-0001	97	N0001421D4002	0.006894	0.011491	0.000000	1	below-floor
cluster-0001	98	N0042124D0008	0.006739	0.011232	0.000000	1	below-floor
cluster-0001	99	N0001924D0126	0.006732	0.011220	0.000000	1	below-floor
cluster-0001	100	N6893623D0023	0.006695	0.011158	0.000000	1	below-floor
cluster-0001	101	N6893618D0006	0.006664	0.011107	0.000000	1	below-floor
cluster-0001	102	N6134019D1006	0.006639	0.011065	0.000000	1	below-floor
cluster-0001	103	N0042119D0055	0.006620	0.011034	0.000000	1	below-floor
cluster-0001	104	NAWCTSD-PACRM	0.006556	0.010926	0.000000	1	below-floor
cluster-0001	105	N6134020D0008	0.006460	0.010767	0.000000	1	below-floor
cluster-0001	106	N0001922D0006	0.006149	0.010248	0.000000	1	below-floor
cluster-0001	107	N6893622D0025	0.006075	0.010125	0.000000	1	below-floor
cluster-0001	108	N6833517D0021	0.005849	0.009748	0.000000	1	below-floor
cluster-0001	109	N6134023D0004	0.005737	0.009561	0.000000	1	below-floor
cluster-0001	110	N0042119D0002	0.005663	0.009438	0.000000	1	below-floor
cluster-0001	111	N0042122D0001	0.005539	0.009232	0.000000	1	below-floor
cluster-0001	112	N0042118D0017	0.005530	0.009217	0.000000	1	below-floor
cluster-0001	113	N0042119D0023	0.005490	0.009150	0.000000	1	below-floor
cluster-0001	114	N0001918D0118	0.005437	0.009062	0.000000	1	below-floor
cluster-0001	115	N0042119D0047	0.005333	0.008889	0.000000	1	below-floor
cluster-0001	116	N0042117D0045	0.005325	0.008875	0.000000	1	below-floor
cluster-0001	117	N6134021D0017	0.005108	0.008513	0.000000	1	below-floor
cluster-0001	118	N0042120D0108	0.005103	0.008505	0.000000	1	below-floor
cluster-0001	119	N0001920D0024	0.005101	0.008501	0.000000	1	below-floor
cluster-0001	120	N0042120D0071	0.005086	0.008477	0.000000	1	below-floor
cluster-0001	121	N0042121D0001	0.005076	0.008459	0.000000	1	below-floor
cluster-0001	122	N6893623D0018	0.005057	0.008428	0.000000	1	below-floor
cluster-0001	123	N6134015D0003	0.005029	0.008382	0.000000	1	below-floor
cluster-0001	124	N6893623D0047	0.005027	0.008378	0.000000	1	below-floor
cluster-0001	125	N0001922D0004	0.004980	0.008299	0.000000	1	below-floor
cluster-0001	126	N6852021D0006	0.004762	0.007937	0.000000	1	below-floor
cluster-0001	127	N0001917D0004	0.004732	0.007887	0.000000	1	below-floor
cluster-0001	128	N6893623D0013	0.004721	0.007868	0.000000	1	below-floor
cluster-0001	129	NAWCAD-CYBER-IDIQ	0.004576	0.007627	0.000000	1	below-floor
cluster-0001	130	N0001920D0007	0.004563	0.007605	0.000000	1	below-floor
cluster-0001	131	N6893625D0001	0.004546	0.007577	0.000000	1	below-floor
cluster-0001	132	N0042121D0008	0.004363	0.007272	0.000000	1	below-floor
cluster-0001	133	N0001921D0001	0.004278	0.007130	0.000000	1	below-floor
cluster-0001	134	N6134018D0002	0.004230	0.007051	0.000000	1	below-floor
cluster-0001	135	N6893621D0051	0.004230	0.007050	0.000000	1	below-floor
cluster-0001	136	N0001923D0001	0.004159	0.006931	0.000000	1	below-floor
cluster-0001	137	N6134019D1010	0.004118	0.006863	0.000000	1	below-floor
cluster-0001	138	N0001923D0010	0.004112	0.006853	0.000000	1	below-floor
cluster-0001	139	N0042125D0302	0.004102	0.006837	0.000000	1	below-floor
cluster-0001	140	N0042119D0066	0.004049	0.006749	0.000000	1	below-floor
cluster-0001	141	N6833518D0031	0.004005	0.006674	0.000000	1	below-floor
cluster-0001	142	N6893623D0034	0.003877	0.006462	0.000000	1	below-floor
cluster-0001	143	N6893621D0009	0.003863	0.006438	0.000000	1	below-floor
cluster-0001	144	N6893620D0015	0.003829	0.006382	0.000000	1	below-floor
cluster-0001	145	N6134022D0002	0.003818	0.006363	0.000000	1	below-floor
cluster-0001	146	N6893622D0024	0.003806	0.006343	0.000000	1	below-floor
cluster-0001	147	N6134022D0008	0.003730	0.006216	0.000000	1	below-floor
cluster-0001	148	N6893616D0016	0.003687	0.006145	0.000000	1	below-floor
cluster-0001	149	N0042121D0018	0.003679	0.006131	0.000000	1	below-floor
cluster-0001	150	N6134022D0004	0.003640	0.006066	0.000000	1	below-floor
cluster-0001	151	N6893620D0024	0.003611	0.006019	0.000000	1	below-floor
cluster-0001	152	N0042117D0032	0.003571	0.005951	0.000000	1	below-floor
cluster-0001	153	N6852023D0111	0.003566	0.005944	0.000000	1	below-floor
cluster-0001	154	N0042119D0067	0.003541	0.005901	0.000000	1	below-floor
cluster-0001	155	N0001924D0110	0.003449	0.005749	0.000000	1	below-floor
cluster-0001	156	N0042122D0096	0.003443	0.005739	0.000000	1	below-floor
cluster-0001	157	N0001923D0008	0.003440	0.005733	0.000000	1	below-floor
cluster-0001	158	N6134016D1005	0.003393	0.005655	0.000000	1	below-floor
cluster-0001	159	N6893621D0001	0.003379	0.005631	0.000000	1	below-floor
cluster-0001	160	N0042121D0005	0.003342	0.005571	0.000000	1	below-floor
cluster-0001	161	N0042118D0059	0.003246	0.005410	0.000000	1	below-floor
cluster-0001	162	N6893623D0045	0.003224	0.005373	0.000000	1	below-floor
cluster-0001	163	N6893624D0015	0.003178	0.005296	0.000000	1	below-floor
cluster-0001	164	N6893623D0019	0.003144	0.005239	0.000000	1	below-floor
cluster-0001	165	N0042119D0075	0.003026	0.005044	0.000000	1	below-floor
cluster-0001	166	N0042119D0042	0.003017	0.005028	0.000000	1	below-floor
cluster-0001	167	N0042121D0033	0.002977	0.004961	0.000000	1	below-floor
cluster-0001	168	N6833523D0001	0.002956	0.004926	0.000000	1	below-floor
cluster-0001	169	N6893624D0003	0.002949	0.004915	0.000000	1	below-floor
cluster-0001	170	N6893619D0035	0.002904	0.004840	0.000000	1	below-floor
cluster-0001	171	N6833523D0046	0.002867	0.004779	0.000000	1	below-floor
cluster-0001	172	N0042118D0042	0.002862	0.004770	0.000000	1	below-floor
cluster-0001	173	N0042120D0073	0.002854	0.004757	0.000000	1	below-floor
cluster-0001	174	N6893622D0004	0.002816	0.004693	0.000000	1	below-floor
cluster-0001	175	N6833525D0001	0.002755	0.004592	0.000000	1	below-floor
cluster-0001	176	N6893623D0051	0.002753	0.004589	0.000000	1	below-floor
cluster-0001	177	N6833524D0003	0.002751	0.004585	0.000000	1	below-floor
cluster-0001	178	N6893621D0007	0.002713	0.004521	0.000000	1	below-floor
cluster-0001	179	N0042118D0054	0.002641	0.004401	0.000000	1	below-floor
cluster-0001	180	N0001919D0032	0.002635	0.004391	0.000000	1	below-floor
cluster-0001	181	N0042119D0024	0.002593	0.004322	0.000000	1	below-floor
cluster-0001	182	N0042118D0028	0.002541	0.004235	0.000000	1	below-floor
cluster-0001	183	N0042120D0024	0.002520	0.004201	0.000000	1	below-floor
cluster-0001	184	N0042123D0011	0.002470	0.004117	0.000000	1	below-floor
cluster-0001	185	N0042122D0103	0.002444	0.004074	0.000000	1	below-floor
cluster-0001	186	N0042117D0052	0.002407	0.004011	0.000000	1	below-floor
cluster-0001	187	N0042122D0094	0.002314	0.003857	0.000000	1	below-floor
cluster-0001	188	N6893622D0014	0.002311	0.003851	0.000000	1	below-floor
cluster-0001	189	N0024424D0005	0.002309	0.003848	0.000000	1	below-floor
cluster-0001	190	N0042118D0016	0.002289	0.003815	0.000000	1	below-floor
cluster-0001	191	N6893623D0046	0.002229	0.003715	0.000000	1	below-floor
cluster-0001	192	N6852023D0011	0.002191	0.003651	0.000000	1	below-floor
cluster-0001	193	N6833525D0004	0.002150	0.003583	0.000000	1	below-floor
cluster-0001	194	N6893619D0020	0.002098	0.003496	0.000000	1	below-floor
cluster-0001	195	N6833520D0048	0.002080	0.003466	0.000000	1	below-floor
cluster-0001	196	N6833522D0017	0.002002	0.003337	0.000000	1	below-floor
cluster-0001	197	N6893623D0029	0.001975	0.003292	0.000000	1	below-floor
cluster-0001	198	N6134024D0013	0.001962	0.003270	0.000000	1	below-floor
cluster-0001	199	N0001918D0123	0.001954	0.003257	0.000000	1	below-floor
cluster-0001	200	N6893623D0026	0.001918	0.003197	0.000000	1	below-floor
cluster-0001	201	N6833525D0005	0.001839	0.003065	0.000000	1	below-floor
cluster-0001	202	N6893623D0042	0.001828	0.003047	0.000000	1	below-floor
cluster-0001	203	N6893622D0009	0.001805	0.003008	0.000000	1	below-floor
cluster-0001	204	N0001922D0043	0.001791	0.002986	0.000000	1	below-floor
cluster-0001	205	N0042116D0005	0.001708	0.002846	0.000000	1	below-floor
cluster-0001	206	N0001923D0015	0.001700	0.002834	0.000000	1	below-floor
cluster-0001	207	N0001925D0023	0.001694	0.002823	0.000000	1	below-floor
cluster-0001	208	N0001917D0089	0.001679	0.002799	0.000000	1	below-floor
cluster-0001	209	N6833520D0935	0.001652	0.002754	0.000000	1	below-floor
cluster-0001	210	N0042117D0027	0.001604	0.002673	0.000000	1	below-floor
cluster-0001	211	N6893622D0008	0.001496	0.002493	0.000000	1	below-floor
cluster-0001	212	N0001923D0014	0.001483	0.002471	0.000000	1	below-floor
cluster-0001	213	N0042124D0020	0.001456	0.002427	0.000000	1	below-floor
cluster-0001	214	N6893619D0048	0.001311	0.002185	0.000000	1	below-floor
cluster-0001	215	N6833521D0225	0.001309	0.002182	0.000000	1	below-floor
cluster-0001	216	N6893623D0021	0.001251	0.002085	0.000000	1	below-floor
cluster-0001	217	N0042121D0034	0.001147	0.001912	0.000000	1	below-floor
cluster-0001	218	N6893619D0001	0.001147	0.001911	0.000000	1	below-floor
cluster-0001	219	N6893622D0021	0.001136	0.001894	0.000000	1	below-floor
cluster-0001	220	N0001921D0015	0.001112	0.001853	0.000000	1	below-floor
cluster-0001	221	N6893622D0010	0.001109	0.001848	0.000000	1	below-floor
cluster-0001	222	N6833524D0020	0.001081	0.001802	0.000000	1	below-floor
cluster-0001	223	N6134023D0003	0.001045	0.001742	0.000000	1	below-floor
cluster-0001	224	N6893621D0045	0.000989	0.001648	0.000000	1	below-floor
cluster-0001	225	N6833522D0013	0.000963	0.001605	0.000000	1	below-floor
cluster-0001	226	N6893622D0041	0.000884	0.001474	0.000000	1	below-floor
cluster-0001	227	N0001924D0106	0.000869	0.001448	0.000000	1	below-floor
cluster-0001	228	N6893622D0007	0.000830	0.001384	0.000000	1	below-floor
cluster-0001	229	N0042122D0005	0.000823	0.001371	0.000000	1	below-floor
cluster-0001	230	N6833525D0010	0.000758	0.001264	0.000000	1	below-floor
cluster-0001	231	N6893622D0017	0.000749	0.001249	0.000000	1	below-floor
cluster-0001	232	N6833524D0010	0.000746	0.001243	0.000000	1	below-floor
cluster-0001	233	N6134020D0011	0.000703	0.001171	0.000000	1	below-floor
cluster-0001	234	N0042119D0029	0.000600	0.001000	0.000000	1	below-floor
cluster-0001	235	N6852021D0005	0.000560	0.000933	0.000000	1	below-floor
cluster-0001	236	N0001923D0012	0.000521	0.000868	0.000000	1	below-floor
cluster-0001	237	N0001920D0004	0.000500	0.000833	0.000000	1	below-floor
cluster-0001	238	N6833521D0045	0.000496	0.000827	0.000000	1	below-floor
cluster-0001	239	N6893620D0016	0.000482	0.000803	0.000000	1	below-floor
cluster-0001	240	N6833524D0019	0.000475	0.000792	0.000000	1	below-floor
cluster-0001	241	N6893624D0013	0.000469	0.000782	0.000000	1	below-floor
cluster-0001	242	N0001918D0110	0.000436	0.000726	0.000000	1	below-floor
cluster-0001	243	N6833524D0021	0.000398	0.000663	0.000000	1	below-floor
cluster-0001	244	N6893624D0006	0.000382	0.000637	0.000000	1	below-floor
cluster-0001	245	N0001917D0101	0.000000	0.000000	0.000000	1	below-floor
cluster-0001	246	N0001918D0001	0.000000	0.000000	0.000000	1	below-floor
cluster-0001	247	N0001918D0111	0.000000	0.000000	0.000000	1	below-floor
cluster-0001	248	N0001919D0012	0.000000	0.000000	0.000000	1	below-floor
cluster-0001	249	N0001919D0013	0.000000	0.000000	0.000000	1	below-floor
cluster-0001	250	N0001919D0015	0.000000	0.000000	0.000000	1	below-floor
cluster-0001	251	N0001919D0023	0.000000	0.000000	0.000000	1	below-floor
cluster-0001	252	N0001919D0026	0.000000	0.000000	0.000000	1	below-floor
cluster-0001	253	N0001919D0027	0.000000	0.000000	0.000000	1	below-floor
cluster-0001	254	N0001920D0008	0.000000	0.000000	0.000000	1	below-floor
cluster-0001	255	N0001920D0013	0.000000	0.000000	0.000000	1	below-floor
cluster-0001	256	N0001920D0016	0.000000	0.000000	0.000000	1	below-floor
cluster-0001	257	N0001920D0106	0.000000	0.000000	0.000000	1	below-floor
cluster-0001	258	N0001920D0109	0.000000	0.000000	0.000000	1	below-floor
cluster-0001	259	N0001921D0004	0.000000	0.000000	0.000000	1	below-floor
cluster-0001	260	N0001921D0011	0.000000	0.000000	0.000000	1	below-floor
cluster-0001	261	N0001922D0003	0.000000	0.000000	0.000000	1	below-floor
cluster-0001	262	N0001922D0007	0.000000	0.000000	0.000000	1	below-floor
cluster-0001	263	N0001922D0011	0.000000	0.000000	0.000000	1	below-floor
cluster-0001	264	N0001922D0038	0.000000	0.000000	0.000000	1	below-floor
cluster-0001	265	N0001923D0009	0.000000	0.000000	0.000000	1	below-floor
cluster-0001	266	N0001923D0011	0.000000	0.000000	0.000000	1	below-floor
cluster-0001	267	N0001924D0004	0.000000	0.000000	0.000000	1	below-floor
cluster-0001	268	N0001924D0008	0.000000	0.000000	0.000000	1	below-floor
cluster-0001	269	N0001924D0114	0.000000	0.000000	0.000000	1	below-floor
cluster-0001	270	N0024424D0010	0.000000	0.000000	0.000000	1	below-floor
cluster-0001	271	N0038324DBK01	0.000000	0.000000	0.000000	1	below-floor
cluster-0001	272	N0042115D0005	0.000000	0.000000	0.000000	1	below-floor
cluster-0001	273	N0042117D0015	0.000000	0.000000	0.000000	1	below-floor
cluster-0001	274	N0042117D0031	0.000000	0.000000	0.000000	1	below-floor
cluster-0001	275	N0042118D0001	0.000000	0.000000	0.000000	1	below-floor
cluster-0001	276	N0042118D0007	0.000000	0.000000	0.000000	1	below-floor
cluster-0001	277	N0042118D0030	0.000000	0.000000	0.000000	1	below-floor
cluster-0001	278	N0042118D0044	0.000000	0.000000	0.000000	1	below-floor
cluster-0001	279	N0042118D0062	0.000000	0.000000	0.000000	1	below-floor
cluster-0001	280	N0042119D0026	0.000000	0.000000	0.000000	1	below-floor
cluster-0001	281	N0042119D0028	0.000000	0.000000	0.000000	1	below-floor
cluster-0001	282	N0042119D0033	0.000000	0.000000	0.000000	1	below-floor
cluster-0001	283	N0042119D0035	0.000000	0.000000	0.000000	1	below-floor
cluster-0001	284	N0042119D0058	0.000000	0.000000	0.000000	1	below-floor
cluster-0001	285	N0042119D0060	0.000000	0.000000	0.000000	1	below-floor
cluster-0001	286	N0042119D0065	0.000000	0.000000	0.000000	1	below-floor
cluster-0001	287	N0042119D0071	0.000000	0.000000	0.000000	1	below-floor
cluster-0001	288	N0042119D0076	0.000000	0.000000	0.000000	1	below-floor
cluster-0001	289	N0042120D0001	0.000000	0.000000	0.000000	1	below-floor
cluster-0001	290	N0042120D0010	0.000000	0.000000	0.000000	1	below-floor
cluster-0001	291	N0042120D0012	0.000000	0.000000	0.000000	1	below-floor
cluster-0001	292	N0042120D0023	0.000000	0.000000	0.000000	1	below-floor
cluster-0001	293	N0042120D0028	0.000000	0.000000	0.000000	1	below-floor
cluster-0001	294	N0042120D0072	0.000000	0.000000	0.000000	1	below-floor
cluster-0001	295	N0042120D0109	0.000000	0.000000	0.000000	1	below-floor
cluster-0001	296	N0042120D0115	0.000000	0.000000	0.000000	1	below-floor
cluster-0001	297	N0042120D0117	0.000000	0.000000	0.000000	1	below-floor
cluster-0001	298	N0042120D0123	0.000000	0.000000	0.000000	1	below-floor
cluster-0001	299	N0042121D0002	0.000000	0.000000	0.000000	1	below-floor
cluster-0001	300	N0042121D0007	0.000000	0.000000	0.000000	1	below-floor
cluster-0001	301	N0042121D0019	0.000000	0.000000	0.000000	1	below-floor
cluster-0001	302	N0042121D0023	0.000000	0.000000	0.000000	1	below-floor
cluster-0001	303	N0042121D0037	0.000000	0.000000	0.000000	1	below-floor
cluster-0001	304	N0042122D0002	0.000000	0.000000	0.000000	1	below-floor
cluster-0001	305	N0042122D0003	0.000000	0.000000	0.000000	1	below-floor
cluster-0001	306	N0042122D0099	0.000000	0.000000	0.000000	1	below-floor
cluster-0001	307	N0042123D0001	0.000000	0.000000	0.000000	1	below-floor
cluster-0001	308	N0042123D0019	0.000000	0.000000	0.000000	1	below-floor
cluster-0001	309	N0042124D0005	0.000000	0.000000	0.000000	1	below-floor
cluster-0001	310	N0042124D0006	0.000000	0.000000	0.000000	1	below-floor
cluster-0001	311	N0042124D0012	0.000000	0.000000	0.000000	1	below-floor
cluster-0001	312	N0042124D0022	0.000000	0.000000	0.000000	1	below-floor
cluster-0001	313	N0042124D0071	0.000000	0.000000	0.000000	1	below-floor
cluster-0001	314	N0042125D0301	0.000000	0.000000	0.000000	1	below-floor
cluster-0001	315	N6134019D0003	0.000000	0.000000	0.000000	1	below-floor
cluster-0001	316	N6134020D0002	0.000000	0.000000	0.000000	1	below-floor
cluster-0001	317	N6134020D0004	0.000000	0.000000	0.000000	1	below-floor
cluster-0001	318	N6134020D0015	0.000000	0.000000	0.000000	1	below-floor
cluster-0001	319	N6134020D0020	0.000000	0.000000	0.000000	1	below-floor
cluster-0001	320	N6134025D0006	0.000000	0.000000	0.000000	1	below-floor
cluster-0001	321	N6833515D0026	0.000000	0.000000	0.000000	1	below-floor
cluster-0001	322	N6833516D0013	0.000000	0.000000	0.000000	1	below-floor
cluster-0001	323	N6833516D0020	0.000000	0.000000	0.000000	1	below-floor
cluster-0001	324	N6833519D0082	0.000000	0.000000	0.000000	1	below-floor
cluster-0001	325	N6833520D0022	0.000000	0.000000	0.000000	1	below-floor
cluster-0001	326	N6833521D0046	0.000000	0.000000	0.000000	1	below-floor
cluster-0001	327	N6833521D0048	0.000000	0.000000	0.000000	1	below-floor
cluster-0001	328	N6833521D0053	0.000000	0.000000	0.000000	1	below-floor
cluster-0001	329	N6833521D0064	0.000000	0.000000	0.000000	1	below-floor
cluster-0001	330	N6833522D0004	0.000000	0.000000	0.000000	1	below-floor
cluster-0001	331	N6833522D0008	0.000000	0.000000	0.000000	1	below-floor
cluster-0001	332	N6833522D0012	0.000000	0.000000	0.000000	1	below-floor
cluster-0001	333	N6833522D0022	0.000000	0.000000	0.000000	1	below-floor
cluster-0001	334	N6833522D0037	0.000000	0.000000	0.000000	1	below-floor
cluster-0001	335	N6833522D0039	0.000000	0.000000	0.000000	1	below-floor
cluster-0001	336	N6833523D0010	0.000000	0.000000	0.000000	1	below-floor
cluster-0001	337	N6833523D0017	0.000000	0.000000	0.000000	1	below-floor
cluster-0001	338	N6833523D0025	0.000000	0.000000	0.000000	1	below-floor
cluster-0001	339	N6833523D0029	0.000000	0.000000	0.000000	1	below-floor
cluster-0001	340	N6833523D0035	0.000000	0.000000	0.000000	1	below-floor
cluster-0001	341	N6833524D0002	0.000000	0.000000	0.000000	1	below-floor
cluster-0001	342	N6833524D0009	0.000000	0.000000	0.000000	1	below-floor
cluster-0001	343	N6833524D0018	0.000000	0.000000	0.000000	1	below-floor
cluster-0001	344	N6833524D0023	0.000000	0.000000	0.000000	1	below-floor
cluster-0001	345	N6852020D0012	0.000000	0.000000	0.000000	1	below-floor
cluster-0001	346	N6852021D0004	0.000000	0.000000	0.000000	1	below-floor
cluster-0001	347	N6852022D0003	0.000000	0.000000	0.000000	1	below-floor
cluster-0001	348	N6852023D0001	0.000000	0.000000	0.000000	1	below-floor
cluster-0001	349	N6852023D0012	0.000000	0.000000	0.000000	1	below-floor
cluster-0001	350	N6852023D0014	0.000000	0.000000	0.000000	1	below-floor
cluster-0001	351	N6893615D0015	0.000000	0.000000	0.000000	1	below-floor
cluster-0001	352	N6893616D0018	0.000000	0.000000	0.000000	1	below-floor
cluster-0001	353	N6893617D0010	0.000000	0.000000	0.000000	1	below-floor
cluster-0001	354	N6893618D0012	0.000000	0.000000	0.000000	1	below-floor
cluster-0001	355	N6893618D0014	0.000000	0.000000	0.000000	1	below-floor
cluster-0001	356	N6893618D0015	0.000000	0.000000	0.000000	1	below-floor
cluster-0001	357	N6893618D0029	0.000000	0.000000	0.000000	1	below-floor
cluster-0001	358	N6893618D0036	0.000000	0.000000	0.000000	1	below-floor
cluster-0001	359	N6893619D0007	0.000000	0.000000	0.000000	1	below-floor
cluster-0001	360	N6893619D0008	0.000000	0.000000	0.000000	1	below-floor
cluster-0001	361	N6893619D0017	0.000000	0.000000	0.000000	1	below-floor
cluster-0001	362	N6893620D0005	0.000000	0.000000	0.000000	1	below-floor
cluster-0001	363	N6893620D0014	0.000000	0.000000	0.000000	1	below-floor
cluster-0001	364	N6893620D0018	0.000000	0.000000	0.000000	1	below-floor
cluster-0001	365	N6893620D0033	0.000000	0.000000	0.000000	1	below-floor
cluster-0001	366	N6893621D0016	0.000000	0.000000	0.000000	1	below-floor
cluster-0001	367	N6893621D0017	0.000000	0.000000	0.000000	1	below-floor
cluster-0001	368	N6893621D0024	0.000000	0.000000	0.000000	1	below-floor
cluster-0001	369	N6893621D0026	0.000000	0.000000	0.000000	1	below-floor
cluster-0001	370	N6893621D0043	0.000000	0.000000	0.000000	1	below-floor
cluster-0001	371	N6893621D0044	0.000000	0.000000	0.000000	1	below-floor
cluster-0001	372	N6893622D0011	0.000000	0.000000	0.000000	1	below-floor
cluster-0001	373	N6893622D0015	0.000000	0.000000	0.000000	1	below-floor
cluster-0001	374	N6893622D0018	0.000000	0.000000	0.000000	1	below-floor
cluster-0001	375	N6893622D0026	0.000000	0.000000	0.000000	1	below-floor
cluster-0001	376	N6893622D0027	0.000000	0.000000	0.000000	1	below-floor
cluster-0001	377	N6893622D0034	0.000000	0.000000	0.000000	1	below-floor
cluster-0001	378	N6893622D0036	0.000000	0.000000	0.000000	1	below-floor
cluster-0001	379	N6893622D0038	0.000000	0.000000	0.000000	1	below-floor
cluster-0001	380	N6893623D0025	0.000000	0.000000	0.000000	1	below-floor
cluster-0001	381	N6893623D0028	0.000000	0.000000	0.000000	1	below-floor
cluster-0001	382	N6893623D0036	0.000000	0.000000	0.000000	1	below-floor
cluster-0001	383	N6893623D0037	0.000000	0.000000	0.000000	1	below-floor
cluster-0001	384	N6893623D0039	0.000000	0.000000	0.000000	1	below-floor
cluster-0001	385	N6893623D0041	0.000000	0.000000	0.000000	1	below-floor
cluster-0001	386	N6893623D0054	0.000000	0.000000	0.000000	1	below-floor
cluster-0001	387	N6893624D0002	0.000000	0.000000	0.000000	1	below-floor
cluster-0001	388	N6893624D0004	0.000000	0.000000	0.000000	1	below-floor
cluster-0001	389	N6893624D0007	0.000000	0.000000	0.000000	1	below-floor
cluster-0001	390	N6893624D0008	0.000000	0.000000	0.000000	1	below-floor
cluster-0001	391	N6893624D0009	0.000000	0.000000	0.000000	1	below-floor
cluster-0001	392	N6893624D0012	0.000000	0.000000	0.000000	1	below-floor
cluster-0001	393	N6893624D0020	0.000000	0.000000	0.000000	1	below-floor
cluster-0001	394	N6893624D0022	0.000000	0.000000	0.000000	1	below-floor
cluster-0001	395	N6893624D0023	0.000000	0.000000	0.000000	1	below-floor
cluster-0001	396	N6893624D0025	0.000000	0.000000	0.000000	1	below-floor
cluster-0001	397	N6893625D0008	0.000000	0.000000	0.000000	1	below-floor
cluster-0001	398	N6893625D0011	0.000000	0.000000	0.000000	1	below-floor
cluster-0001	399	N6833523A0038	0.005170	0.008616	0.000000	2	below-floor
cluster-0001	400	DON-ESL-BPA	0.004769	0.007949	0.000000	2	below-floor
cluster-0001	401	N6852024A0004	0.004085	0.006808	0.000000	2	below-floor
cluster-0001	402	N6833524A0026	0.001837	0.003061	0.000000	2	below-floor
cluster-0001	403	N6833524A0033	0.001837	0.003061	0.000000	2	below-floor
cluster-0001	404	N6833522A0027	0.001646	0.002744	0.000000	2	below-floor
cluster-0001	405	N6833523A0029	0.001507	0.002512	0.000000	2	below-floor
cluster-0001	406	N0042124A0003	0.001450	0.002417	0.000000	2	below-floor
cluster-0001	407	N6833523A0040	0.001056	0.001761	0.000000	2	below-floor
cluster-0001	408	N6833525A0007	0.000991	0.001652	0.000000	2	below-floor
cluster-0001	409	N0042124A0004	0.000757	0.001262	0.000000	2	below-floor
cluster-0001	410	N0042124A0005	0.000000	0.000000	0.000000	2	below-floor
cluster-0001	411	N6833522A0017	0.000000	0.000000	0.000000	2	below-floor
cluster-0001	412	N6833522A0029	0.000000	0.000000	0.000000	2	below-floor
cluster-0001	413	N6833522A0032	0.000000	0.000000	0.000000	2	below-floor
cluster-0001	414	N6833522A0035	0.000000	0.000000	0.000000	2	below-floor
cluster-0001	415	N6833523A0016	0.000000	0.000000	0.000000	2	below-floor
cluster-0001	416	N6833523A0018	0.000000	0.000000	0.000000	2	below-floor
cluster-0001	417	N6833523A0020	0.000000	0.000000	0.000000	2	below-floor
cluster-0001	418	N6833523A0021	0.000000	0.000000	0.000000	2	below-floor
cluster-0001	419	N6833523A0025	0.000000	0.000000	0.000000	2	below-floor
cluster-0001	420	N6833523A0027	0.000000	0.000000	0.000000	2	below-floor
cluster-0001	421	N6833523A0028	0.000000	0.000000	0.000000	2	below-floor
cluster-0001	422	N6833523A0030	0.000000	0.000000	0.000000	2	below-floor
cluster-0001	423	N6833523A0041	0.000000	0.000000	0.000000	2	below-floor
cluster-0001	424	N6833523A0043	0.000000	0.000000	0.000000	2	below-floor
cluster-0001	425	N6833523A0049	0.000000	0.000000	0.000000	2	below-floor
cluster-0001	426	N6833523A0051	0.000000	0.000000	0.000000	2	below-floor
cluster-0001	427	N6833523A0059	0.000000	0.000000	0.000000	2	below-floor
cluster-0001	428	N6833523A0062	0.000000	0.000000	0.000000	2	below-floor
cluster-0001	429	N6833523A0120	0.000000	0.000000	0.000000	2	below-floor
cluster-0001	430	N6833523A0134	0.000000	0.000000	0.000000	2	below-floor
cluster-0001	431	N6833523A0151	0.000000	0.000000	0.000000	2	below-floor
cluster-0001	432	N6833523A0153	0.000000	0.000000	0.000000	2	below-floor
cluster-0001	433	N6833523A0167	0.000000	0.000000	0.000000	2	below-floor
cluster-0001	434	N6833523A0194	0.000000	0.000000	0.000000	2	below-floor
cluster-0001	435	N6833524A0002	0.000000	0.000000	0.000000	2	below-floor
cluster-0001	436	N6833524A0007	0.000000	0.000000	0.000000	2	below-floor
cluster-0001	437	N6833524A0016	0.000000	0.000000	0.000000	2	below-floor
cluster-0001	438	N6833524A0032	0.000000	0.000000	0.000000	2	below-floor
cluster-0001	439	N6833524A0040	0.000000	0.000000	0.000000	2	below-floor
cluster-0001	440	N6833525A0008	0.000000	0.000000	0.000000	2	below-floor
cluster-0001	441	N6833525A0038	0.000000	0.000000	0.000000	2	below-floor
cluster-0001	442	N6883621A0003	0.000000	0.000000	0.000000	2	below-floor
cluster-0001	443	GSA-OASIS-PLUS	0.015689	0.026148	0.000000	3	below-floor
cluster-0001	444	NASA-SEWP	0.008906	0.014844	0.000000	3	below-floor
cluster-0001	445	W15QKN15D0001	0.005158	0.008596	0.000000	3	below-floor
cluster-0001	446	FA857619D0001	0.000591	0.000985	0.000000	3	below-floor
cluster-0001	447	FA860423DB001	0.000000	0.000000	0.000000	3	below-floor
cluster-0001	448	N6134019G0002	0.015182	0.025303	0.000000	5	below-floor
cluster-0001	449	NAVAIR-HQ-BOA	0.014688	0.024479	0.000000	5	below-floor
cluster-0001	450	N6833524G0038	0.014163	0.023605	0.000000	5	below-floor
cluster-0001	451	N6833519G0013	0.013995	0.023325	0.000000	5	below-floor
cluster-0001	452	N6833522G0041	0.010236	0.017060	0.000000	5	below-floor
cluster-0001	453	N0042123G0005	0.009940	0.016567	0.000000	5	below-floor
cluster-0001	454	N6833519G0059	0.009846	0.016409	0.000000	5	below-floor
cluster-0001	455	N0042122G0101	0.009487	0.015811	0.000000	5	below-floor
cluster-0001	456	N6833522G0035	0.007959	0.013266	0.000000	5	below-floor
cluster-0001	457	N6833522G0010	0.007032	0.011720	0.000000	5	below-floor
cluster-0001	458	N0042117G0003	0.006889	0.011482	0.000000	5	below-floor
cluster-0001	459	N6833520G0002	0.006771	0.011284	0.000000	5	below-floor
cluster-0001	460	N6833518G0014	0.005961	0.009936	0.000000	5	below-floor
cluster-0001	461	N0042121G0005	0.005947	0.009912	0.000000	5	below-floor
cluster-0001	462	SPE4A123G0002	0.005245	0.008742	0.000000	5	below-floor
cluster-0001	463	N6833519G0041	0.005093	0.008488	0.000000	5	below-floor
cluster-0001	464	N6833521G0020	0.004973	0.008288	0.000000	5	below-floor
cluster-0001	465	N6833522G0036	0.003411	0.005686	0.000000	5	below-floor
cluster-0001	466	N0042123G0001	0.003006	0.005009	0.000000	5	below-floor
cluster-0001	467	N6833523G0001	0.002382	0.003971	0.000000	5	below-floor
cluster-0001	468	N6833515G0022	0.002223	0.003706	0.000000	5	below-floor
cluster-0001	469	N0042124G0005	0.001556	0.002594	0.000000	5	below-floor
cluster-0001	470	N6833522G0029	0.001436	0.002394	0.000000	5	below-floor
cluster-0001	471	N6833524G0009	0.000933	0.001556	0.000000	5	below-floor
cluster-0001	472	N6833524G0007	0.000799	0.001331	0.000000	5	below-floor
cluster-0001	473	N6833524G0021	0.000625	0.001042	0.000000	5	below-floor
cluster-0001	474	N6833523G0004	0.000608	0.001013	0.000000	5	below-floor
cluster-0001	475	N0042119G0001	0.000000	0.000000	0.000000	5	below-floor
cluster-0001	476	N0042119G0004	0.000000	0.000000	0.000000	5	below-floor
cluster-0001	477	N0042121G0004	0.000000	0.000000	0.000000	5	below-floor
cluster-0001	478	N0042123G0002	0.000000	0.000000	0.000000	5	below-floor
cluster-0001	479	N0042123G0004	0.000000	0.000000	0.000000	5	below-floor
cluster-0001	480	N0042124G0001	0.000000	0.000000	0.000000	5	below-floor
cluster-0001	481	N0042125G0003	0.000000	0.000000	0.000000	5	below-floor
cluster-0001	482	N6833519G0050	0.000000	0.000000	0.000000	5	below-floor
cluster-0001	483	N6833521G0021	0.000000	0.000000	0.000000	5	below-floor
cluster-0001	484	N6833524G0028	0.000000	0.000000	0.000000	5	below-floor
cluster-0002	1	NAVAIR-HQ-BOA	0.206577	0.034398	0.464844	5	candidate
cluster-0002	2	N6134019D1006	0.047901	0.078099	0.002604	1	below-floor
cluster-0002	3	N0001918D0111	0.040893	0.058173	0.014974	1	below-floor
cluster-0002	4	N6852020D0012	0.033722	0.055769	0.000651	1	below-floor
cluster-0002	5	SEAPORT-NXG	0.032546	0.054243	0.000000	1	below-floor
cluster-0002	6	N0001921D0004	0.032480	0.028959	0.037760	1	below-floor
cluster-0002	7	N0001922D0008	0.031887	0.051843	0.001953	1	below-floor
cluster-0002	8	NAWCTSD-PACRM	0.030275	0.050458	0.000000	1	below-floor
cluster-0002	9	NAWCAD-SCI-MAC	0.028407	0.046911	0.000651	1	below-floor
cluster-0002	10	N0001918D0001	0.027897	0.036078	0.015625	1	below-floor
cluster-0002	11	N6134019D1010	0.027698	0.043560	0.003906	1	below-floor
cluster-0002	12	NAWCTSD-FTSS-V	0.027076	0.045126	0.000000	1	below-floor
cluster-0002	13	N0001920D0004	0.024365	0.039306	0.001953	1	below-floor
cluster-0002	14	N0001925D0016	0.023283	0.036202	0.003906	1	below-floor
cluster-0002	15	N0001922D0013	0.020253	0.028113	0.008464	1	below-floor
cluster-0002	16	N0001925D0014	0.019648	0.031444	0.001953	1	below-floor
cluster-0002	17	N0001923D0014	0.018215	0.028623	0.002604	1	below-floor
cluster-0002	18	N0001917D0089	0.017573	0.027552	0.002604	1	below-floor
cluster-0002	19	N0001923D0009	0.017288	0.017963	0.016276	1	below-floor
cluster-0002	20	N0001920D0109	0.017204	0.026938	0.002604	1	below-floor
cluster-0002	21	N0001925D0009	0.017191	0.024312	0.006510	1	below-floor
cluster-0002	22	N0001923D0022	0.017061	0.024529	0.005859	1	below-floor
cluster-0002	23	NAWCTSD-TSC-IV	0.017034	0.028390	0.000000	1	below-floor
cluster-0002	24	N0001918D0118	0.016981	0.026999	0.001953	1	below-floor
cluster-0002	25	N0001922D0038	0.016855	0.014637	0.020182	1	below-floor
cluster-0002	26	N0001919D0001	0.016739	0.024861	0.004557	1	below-floor
cluster-0002	27	N0001920D0008	0.016733	0.025284	0.003906	1	below-floor
cluster-0002	28	N0001919D0021	0.016394	0.026021	0.001953	1	below-floor
cluster-0002	29	N0001922D0011	0.016376	0.024690	0.003906	1	below-floor
cluster-0002	30	N0001920D0017	0.016247	0.024040	0.004557	1	below-floor
cluster-0002	31	N0001920D0001	0.015846	0.020333	0.009115	1	below-floor
cluster-0002	32	N0001923D0015	0.015710	0.015333	0.016276	1	below-floor
cluster-0002	33	N0001922D0006	0.015416	0.023523	0.003255	1	below-floor
cluster-0002	34	N0001918D0103	0.015352	0.022549	0.004557	1	below-floor
cluster-0002	35	N0001925D0012	0.012861	0.013188	0.012370	1	below-floor
cluster-0002	36	NAWCAD-CYBER-IDIQ	0.012501	0.020835	0.000000	1	below-floor
cluster-0002	37	N0001923D0018	0.012371	0.017581	0.004557	1	below-floor
cluster-0002	38	N0001924D0114	0.011729	0.000451	0.028646	1	below-floor
cluster-0002	39	N0001922D0042	0.011382	0.015932	0.004557	1	below-floor
cluster-0002	40	N0001924D0119	0.011051	0.013211	0.007812	1	below-floor
cluster-0002	41	N0001920D0013	0.010943	0.010426	0.011719	1	below-floor
cluster-0002	42	N0001918D0110	0.010225	0.015305	0.002604	1	below-floor
cluster-0002	43	N0001922D0001	0.010183	0.015236	0.002604	1	below-floor
cluster-0002	44	N0001923D0013	0.009569	0.012042	0.005859	1	below-floor
cluster-0002	45	N0001920D0024	0.009560	0.014632	0.001953	1	below-floor
cluster-0002	46	N0001924D0110	0.009427	0.014410	0.001953	1	below-floor
cluster-0002	47	N0001917D0004	0.009151	0.012214	0.004557	1	below-floor
cluster-0002	48	N0001922D0009	0.009145	0.012204	0.004557	1	below-floor
cluster-0002	49	N0001922D0040	0.008931	0.013582	0.001953	1	below-floor
cluster-0002	50	N0001920D0023	0.008744	0.013271	0.001953	1	below-floor
cluster-0002	51	N0001923D0010	0.008489	0.012412	0.002604	1	below-floor
cluster-0002	52	N0001918D0123	0.008268	0.012044	0.002604	1	below-floor
cluster-0002	53	N0001917D0009	0.007229	0.010747	0.001953	1	below-floor
cluster-0002	54	N0001919D0023	0.006884	0.001057	0.015625	1	below-floor
cluster-0002	55	N0001922D0007	0.006680	0.009398	0.002604	1	below-floor
cluster-0002	56	N0001919D0015	0.006500	0.007796	0.004557	1	below-floor
cluster-0002	57	N0001919D0005	0.006387	0.007173	0.005208	1	below-floor
cluster-0002	58	N0001919D0012	0.006273	0.008719	0.002604	1	below-floor
cluster-0002	59	N0001919D0013	0.006273	0.008719	0.002604	1	below-floor
cluster-0002	60	N0001924D0106	0.005728	0.002602	0.010417	1	below-floor
cluster-0002	61	N0001922D0004	0.005645	0.007673	0.002604	1	below-floor
cluster-0002	62	N0001920D0007	0.005508	0.007010	0.003255	1	below-floor
cluster-0002	63	N0001921D0010	0.005367	0.004605	0.006510	1	below-floor
cluster-0002	64	N0001924D0126	0.005177	0.005591	0.004557	1	below-floor
cluster-0002	65	N0001921D0050	0.005154	0.006855	0.002604	1	below-floor
cluster-0002	66	N0001921D0001	0.004984	0.007004	0.001953	1	below-floor
cluster-0002	67	N0001920D0051	0.004657	0.001685	0.009115	1	below-floor
cluster-0002	68	N0001923D0008	0.004396	0.003420	0.005859	1	below-floor
cluster-0002	69	N0001923D0012	0.004047	0.001537	0.007812	1	below-floor
cluster-0002	70	N0001923D0011	0.004007	0.003640	0.004557	1	below-floor
cluster-0002	71	N0001923D0001	0.003816	0.001587	0.007161	1	below-floor
cluster-0002	72	N0001920D0016	0.003429	0.000508	0.007812	1	below-floor
cluster-0002	73	N0001922D0043	0.002650	0.003114	0.001953	1	below-floor
cluster-0002	74	N0001922D0003	0.002648	0.003111	0.001953	1	below-floor
cluster-0002	75	N0001920D0106	0.002645	0.003106	0.001953	1	below-floor
cluster-0002	76	N0001925D0023	0.002595	0.003023	0.001953	1	below-floor
cluster-0002	77	N0001922D0022	0.002032	0.001217	0.003255	1	below-floor
cluster-0002	78	N6833523D0001	0.001865	0.001806	0.001953	1	below-floor
cluster-0002	79	N0001919D0027	0.001661	0.001033	0.002604	1	below-floor
cluster-0002	80	N0001917D0101	0.001417	0.001059	0.001953	1	below-floor
cluster-0002	81	N0001919D0026	0.001302	0.000000	0.003255	1	below-floor
cluster-0002	82	N0001924D0004	0.001244	0.000771	0.001953	1	below-floor
cluster-0002	83	N0001919D0032	0.001153	0.000185	0.002604	1	below-floor
cluster-0002	84	N0001921D0011	0.000966	0.000308	0.001953	1	below-floor
cluster-0002	85	GSA-MAS	0.013129	0.018843	0.004557	2	below-floor
cluster-0002	86	DON-ESL-BPA	0.003532	0.004151	0.002604	2	below-floor
cluster-0002	87	GSA-OASIS-PLUS	0.014498	0.024164	0.000000	3	below-floor
cluster-0002	88	NASA-SEWP	0.008152	0.010115	0.005208	3	below-floor
cluster-0002	89	FA857619D0001	0.005719	0.009097	0.000651	3	below-floor
cluster-0002	90	N0042117G0003	0.011514	0.018756	0.000651	5	below-floor
cluster-0002	91	N0042121G0004	0.004829	0.007615	0.000651	5	below-floor
cluster-0002	92	N6833522G0010	0.003246	0.004977	0.000651	5	below-floor
cluster-0002	93	N0042124G0005	0.002868	0.004346	0.000651	5	below-floor
cluster-0002	94	N0042121G0005	0.002281	0.003368	0.000651	5	below-floor
cluster-0002	0	FA860423DB001	0.000000	0.000000	0.000000	0	eliminated:OFFICE-NOT-AMONG-OBSERVED-ORDERING-ACTIVITIES
cluster-0002	0	N0001421D4002	0.000000	0.000000	0.000000	0	eliminated:OFFICE-NOT-AMONG-OBSERVED-ORDERING-ACTIVITIES
cluster-0002	0	N0001921D0015	0.000000	0.000000	0.000000	0	eliminated:OFFICE-NOT-AMONG-OBSERVED-ORDERING-ACTIVITIES
cluster-0002	0	N0001924D0008	0.000000	0.000000	0.000000	0	eliminated:OFFICE-NOT-AMONG-OBSERVED-ORDERING-ACTIVITIES
cluster-0002	0	N0024424D0005	0.000000	0.000000	0.000000	0	eliminated:OFFICE-NOT-AMONG-OBSERVED-ORDERING-ACTIVITIES
cluster-0002	0	N0024424D0010	0.000000	0.000000	0.000000	0	eliminated:OFFICE-NOT-AMONG-OBSERVED-ORDERING-ACTIVITIES
cluster-0002	0	N0038324DBK01	0.000000	0.000000	0.000000	0	eliminated:OFFICE-NOT-AMONG-OBSERVED-ORDERING-ACTIVITIES
cluster-0002	0	N0042115D0005	0.000000	0.000000	0.000000	0	eliminated:OFFICE-NOT-AMONG-OBSERVED-ORDERING-ACTIVITIES
cluster-0002	0	N0042116D0002	0.000000	0.000000	0.000000	0	eliminated:OFFICE-NOT-AMONG-OBSERVED-ORDERING-ACTIVITIES
cluster-0002	0	N0042116D0005	0.000000	0.000000	0.000000	0	eliminated:OFFICE-NOT-AMONG-OBSERVED-ORDERING-ACTIVITIES
cluster-0002	0	N0042116D0013	0.000000	0.000000	0.000000	0	eliminated:OFFICE-NOT-AMONG-OBSERVED-ORDERING-ACTIVITIES
cluster-0002	0	N0042117D0015	0.000000	0.000000	0.000000	0	eliminated:OFFICE-NOT-AMONG-OBSERVED-ORDERING-ACTIVITIES
cluster-0002	0	N0042117D0027	0.000000	0.000000	0.000000	0	eliminated:OFFICE-NOT-AMONG-OBSERVED-ORDERING-ACTIVITIES
cluster-0002	0	N0042117D0031	0.000000	0.000000	0.000000	0	eliminated:OFFICE-NOT-AMONG-OBSERVED-ORDERING-ACTIVITIES
cluster-0002	0	N0042117D0032	0.000000	0.000000	0.000000	0	eliminated:OFFICE-NOT-AMONG-OBSERVED-ORDERING-ACTIVITIES
cluster-0002	0	N0042117D0045	0.000000	0.000000	0.000000	0	eliminated:OFFICE-NOT-AMONG-OBSERVED-ORDERING-ACTIVITIES
cluster-0002	0	N0042117D0052	0.000000	0.000000	0.000000	0	eliminated:OFFICE-NOT-AMONG-OBSERVED-ORDERING-ACTIVITIES
cluster-0002	0	N0042118D0001	0.000000	0.000000	0.000000	0	eliminated:OFFICE-NOT-AMONG-OBSERVED-ORDERING-ACTIVITIES
cluster-0002	0	N0042118D0007	0.000000	0.000000	0.000000	0	eliminated:OFFICE-NOT-AMONG-OBSERVED-ORDERING-ACTIVITIES
cluster-0002	0	N0042118D0015	0.000000	0.000000	0.000000	0	eliminated:OFFICE-NOT-AMONG-OBSERVED-ORDERING-ACTIVITIES
cluster-0002	0	N0042118D0016	0.000000	0.000000	0.000000	0	eliminated:OFFICE-NOT-AMONG-OBSERVED-ORDERING-ACTIVITIES
cluster-0002	0	N0042118D0017	0.000000	0.000000	0.000000	0	eliminated:OFFICE-NOT-AMONG-OBSERVED-ORDERING-ACTIVITIES
cluster-0002	0	N0042118D0028	0.000000	0.000000	0.000000	0	eliminated:OFFICE-NOT-AMONG-OBSERVED-ORDERING-ACTIVITIES
cluster-0002	0	N0042118D0030	0.000000	0.000000	0.000000	0	eliminated:OFFICE-NOT-AMONG-OBSERVED-ORDERING-ACTIVITIES
cluster-0002	0	N0042118D0042	0.000000	0.000000	0.000000	0	eliminated:OFFICE-NOT-AMONG-OBSERVED-ORDERING-ACTIVITIES
cluster-0002	0	N0042118D0044	0.000000	0.000000	0.000000	0	eliminated:OFFICE-NOT-AMONG-OBSERVED-ORDERING-ACTIVITIES
cluster-0002	0	N0042118D0054	0.000000	0.000000	0.000000	0	eliminated:OFFICE-NOT-AMONG-OBSERVED-ORDERING-ACTIVITIES
cluster-0002	0	N0042118D0059	0.000000	0.000000	0.000000	0	eliminated:OFFICE-NOT-AMONG-OBSERVED-ORDERING-ACTIVITIES
cluster-0002	0	N0042118D0062	0.000000	0.000000	0.000000	0	eliminated:OFFICE-NOT-AMONG-OBSERVED-ORDERING-ACTIVITIES
cluster-0002	0	N0042119D0001	0.000000	0.000000	0.000000	0	eliminated:OFFICE-NOT-AMONG-OBSERVED-ORDERING-ACTIVITIES
cluster-0002	0	N0042119D0002	0.000000	0.000000	0.000000	0	eliminated:OFFICE-NOT-AMONG-OBSERVED-ORDERING-ACTIVITIES
cluster-0002	0	N0042119D0023	0.000000	0.000000	0.000000	0	eliminated:OFFICE-NOT-AMONG-OBSERVED-ORDERING-ACTIVITIES
cluster-0002	0	N0042119D0024	0.000000	0.000000	0.000000	0	eliminated:OFFICE-NOT-AMONG-OBSERVED-ORDERING-ACTIVITIES
cluster-0002	0	N0042119D0026	0.000000	0.000000	0.000000	0	eliminated:OFFICE-NOT-AMONG-OBSERVED-ORDERING-ACTIVITIES
cluster-0002	0	N0042119D0028	0.000000	0.000000	0.000000	0	eliminated:OFFICE-NOT-AMONG-OBSERVED-ORDERING-ACTIVITIES
cluster-0002	0	N0042119D0029	0.000000	0.000000	0.000000	0	eliminated:OFFICE-NOT-AMONG-OBSERVED-ORDERING-ACTIVITIES
cluster-0002	0	N0042119D0033	0.000000	0.000000	0.000000	0	eliminated:OFFICE-NOT-AMONG-OBSERVED-ORDERING-ACTIVITIES
cluster-0002	0	N0042119D0035	0.000000	0.000000	0.000000	0	eliminated:OFFICE-NOT-AMONG-OBSERVED-ORDERING-ACTIVITIES
cluster-0002	0	N0042119D0042	0.000000	0.000000	0.000000	0	eliminated:OFFICE-NOT-AMONG-OBSERVED-ORDERING-ACTIVITIES
cluster-0002	0	N0042119D0047	0.000000	0.000000	0.000000	0	eliminated:OFFICE-NOT-AMONG-OBSERVED-ORDERING-ACTIVITIES
cluster-0002	0	N0042119D0055	0.000000	0.000000	0.000000	0	eliminated:OFFICE-NOT-AMONG-OBSERVED-ORDERING-ACTIVITIES
cluster-0002	0	N0042119D0058	0.000000	0.000000	0.000000	0	eliminated:OFFICE-NOT-AMONG-OBSERVED-ORDERING-ACTIVITIES
cluster-0002	0	N0042119D0060	0.000000	0.000000	0.000000	0	eliminated:OFFICE-NOT-AMONG-OBSERVED-ORDERING-ACTIVITIES
cluster-0002	0	N0042119D0065	0.000000	0.000000	0.000000	0	eliminated:OFFICE-NOT-AMONG-OBSERVED-ORDERING-ACTIVITIES
cluster-0002	0	N0042119D0066	0.000000	0.000000	0.000000	0	eliminated:OFFICE-NOT-AMONG-OBSERVED-ORDERING-ACTIVITIES
cluster-0002	0	N0042119D0067	0.000000	0.000000	0.000000	0	eliminated:OFFICE-NOT-AMONG-OBSERVED-ORDERING-ACTIVITIES
cluster-0002	0	N0042119D0071	0.000000	0.000000	0.000000	0	eliminated:OFFICE-NOT-AMONG-OBSERVED-ORDERING-ACTIVITIES
cluster-0002	0	N0042119D0075	0.000000	0.000000	0.000000	0	eliminated:OFFICE-NOT-AMONG-OBSERVED-ORDERING-ACTIVITIES
cluster-0002	0	N0042119D0076	0.000000	0.000000	0.000000	0	eliminated:OFFICE-NOT-AMONG-OBSERVED-ORDERING-ACTIVITIES
cluster-0002	0	N0042119G0001	0.000000	0.000000	0.000000	0	eliminated:OFFICE-NOT-AMONG-OBSERVED-ORDERING-ACTIVITIES
cluster-0002	0	N0042119G0004	0.000000	0.000000	0.000000	0	eliminated:OFFICE-NOT-AMONG-OBSERVED-ORDERING-ACTIVITIES
cluster-0002	0	N0042120D0001	0.000000	0.000000	0.000000	0	eliminated:OFFICE-NOT-AMONG-OBSERVED-ORDERING-ACTIVITIES
cluster-0002	0	N0042120D0003	0.000000	0.000000	0.000000	0	eliminated:OFFICE-NOT-AMONG-OBSERVED-ORDERING-ACTIVITIES
cluster-0002	0	N0042120D0006	0.000000	0.000000	0.000000	0	eliminated:OFFICE-NOT-AMONG-OBSERVED-ORDERING-ACTIVITIES
cluster-0002	0	N0042120D0007	0.000000	0.000000	0.000000	0	eliminated:OFFICE-NOT-AMONG-OBSERVED-ORDERING-ACTIVITIES
cluster-0002	0	N0042120D0010	0.000000	0.000000	0.000000	0	eliminated:OFFICE-NOT-AMONG-OBSERVED-ORDERING-ACTIVITIES
cluster-0002	0	N0042120D0012	0.000000	0.000000	0.000000	0	eliminated:OFFICE-NOT-AMONG-OBSERVED-ORDERING-ACTIVITIES
cluster-0002	0	N0042120D0015	0.000000	0.000000	0.000000	0	eliminated:OFFICE-NOT-AMONG-OBSERVED-ORDERING-ACTIVITIES
cluster-0002	0	N0042120D0023	0.000000	0.000000	0.000000	0	eliminated:OFFICE-NOT-AMONG-OBSERVED-ORDERING-ACTIVITIES
cluster-0002	0	N0042120D0024	0.000000	0.000000	0.000000	0	eliminated:OFFICE-NOT-AMONG-OBSERVED-ORDERING-ACTIVITIES
cluster-0002	0	N0042120D0028	0.000000	0.000000	0.000000	0	eliminated:OFFICE-NOT-AMONG-OBSERVED-ORDERING-ACTIVITIES
cluster-0002	0	N0042120D0071	0.000000	0.000000	0.000000	0	eliminated:OFFICE-NOT-AMONG-OBSERVED-ORDERING-ACTIVITIES
cluster-0002	0	N0042120D0072	0.000000	0.000000	0.000000	0	eliminated:OFFICE-NOT-AMONG-OBSERVED-ORDERING-ACTIVITIES
cluster-0002	0	N0042120D0073	0.000000	0.000000	0.000000	0	eliminated:OFFICE-NOT-AMONG-OBSERVED-ORDERING-ACTIVITIES
cluster-0002	0	N0042120D0108	0.000000	0.000000	0.000000	0	eliminated:OFFICE-NOT-AMONG-OBSERVED-ORDERING-ACTIVITIES
cluster-0002	0	N0042120D0109	0.000000	0.000000	0.000000	0	eliminated:OFFICE-NOT-AMONG-OBSERVED-ORDERING-ACTIVITIES
cluster-0002	0	N0042120D0115	0.000000	0.000000	0.000000	0	eliminated:OFFICE-NOT-AMONG-OBSERVED-ORDERING-ACTIVITIES
cluster-0002	0	N0042120D0117	0.000000	0.000000	0.000000	0	eliminated:OFFICE-NOT-AMONG-OBSERVED-ORDERING-ACTIVITIES
cluster-0002	0	N0042120D0123	0.000000	0.000000	0.000000	0	eliminated:OFFICE-NOT-AMONG-OBSERVED-ORDERING-ACTIVITIES
cluster-0002	0	N0042121D0001	0.000000	0.000000	0.000000	0	eliminated:OFFICE-NOT-AMONG-OBSERVED-ORDERING-ACTIVITIES
cluster-0002	0	N0042121D0002	0.000000	0.000000	0.000000	0	eliminated:OFFICE-NOT-AMONG-OBSERVED-ORDERING-ACTIVITIES
cluster-0002	0	N0042121D0005	0.000000	0.000000	0.000000	0	eliminated:OFFICE-NOT-AMONG-OBSERVED-ORDERING-ACTIVITIES
cluster-0002	0	N0042121D0007	0.000000	0.000000	0.000000	0	eliminated:OFFICE-NOT-AMONG-OBSERVED-ORDERING-ACTIVITIES
cluster-0002	0	N0042121D0008	0.000000	0.000000	0.000000	0	eliminated:OFFICE-NOT-AMONG-OBSERVED-ORDERING-ACTIVITIES
cluster-0002	0	N0042121D0010	0.000000	0.000000	0.000000	0	eliminated:OFFICE-NOT-AMONG-OBSERVED-ORDERING-ACTIVITIES
cluster-0002	0	N0042121D0018	0.000000	0.000000	0.000000	0	eliminated:OFFICE-NOT-AMONG-OBSERVED-ORDERING-ACTIVITIES
cluster-0002	0	N0042121D0019	0.000000	0.000000	0.000000	0	eliminated:OFFICE-NOT-AMONG-OBSERVED-ORDERING-ACTIVITIES
cluster-0002	0	N0042121D0023	0.000000	0.000000	0.000000	0	eliminated:OFFICE-NOT-AMONG-OBSERVED-ORDERING-ACTIVITIES
cluster-0002	0	N0042121D0033	0.000000	0.000000	0.000000	0	eliminated:OFFICE-NOT-AMONG-OBSERVED-ORDERING-ACTIVITIES
cluster-0002	0	N0042121D0034	0.000000	0.000000	0.000000	0	eliminated:OFFICE-NOT-AMONG-OBSERVED-ORDERING-ACTIVITIES
cluster-0002	0	N0042121D0035	0.000000	0.000000	0.000000	0	eliminated:OFFICE-NOT-AMONG-OBSERVED-ORDERING-ACTIVITIES
cluster-0002	0	N0042121D0037	0.000000	0.000000	0.000000	0	eliminated:OFFICE-NOT-AMONG-OBSERVED-ORDERING-ACTIVITIES
cluster-0002	0	N0042122D0001	0.000000	0.000000	0.000000	0	eliminated:OFFICE-NOT-AMONG-OBSERVED-ORDERING-ACTIVITIES
cluster-0002	0	N0042122D0002	0.000000	0.000000	0.000000	0	eliminated:OFFICE-NOT-AMONG-OBSERVED-ORDERING-ACTIVITIES
cluster-0002	0	N0042122D0003	0.000000	0.000000	0.000000	0	eliminated:OFFICE-NOT-AMONG-OBSERVED-ORDERING-ACTIVITIES
cluster-0002	0	N0042122D0005	0.000000	0.000000	0.000000	0	eliminated:OFFICE-NOT-AMONG-OBSERVED-ORDERING-ACTIVITIES
cluster-0002	0	N0042122D0084	0.000000	0.000000	0.000000	0	eliminated:OFFICE-NOT-AMONG-OBSERVED-ORDERING-ACTIVITIES
cluster-0002	0	N0042122D0094	0.000000	0.000000	0.000000	0	eliminated:OFFICE-NOT-AMONG-OBSERVED-ORDERING-ACTIVITIES
cluster-0002	0	N0042122D0096	0.000000	0.000000	0.000000	0	eliminated:OFFICE-NOT-AMONG-OBSERVED-ORDERING-ACTIVITIES
cluster-0002	0	N0042122D0099	0.000000	0.000000	0.000000	0	eliminated:OFFICE-NOT-AMONG-OBSERVED-ORDERING-ACTIVITIES
cluster-0002	0	N0042122D0101	0.000000	0.000000	0.000000	0	eliminated:OFFICE-NOT-AMONG-OBSERVED-ORDERING-ACTIVITIES
cluster-0002	0	N0042122D0103	0.000000	0.000000	0.000000	0	eliminated:OFFICE-NOT-AMONG-OBSERVED-ORDERING-ACTIVITIES
cluster-0002	0	N0042122G0101	0.000000	0.000000	0.000000	0	eliminated:OFFICE-NOT-AMONG-OBSERVED-ORDERING-ACTIVITIES
cluster-0002	0	N0042123D0001	0.000000	0.000000	0.000000	0	eliminated:OFFICE-NOT-AMONG-OBSERVED-ORDERING-ACTIVITIES
cluster-0002	0	N0042123D0005	0.000000	0.000000	0.000000	0	eliminated:OFFICE-NOT-AMONG-OBSERVED-ORDERING-ACTIVITIES
cluster-0002	0	N0042123D0007	0.000000	0.000000	0.000000	0	eliminated:OFFICE-NOT-AMONG-OBSERVED-ORDERING-ACTIVITIES
cluster-0002	0	N0042123D0011	0.000000	0.000000	0.000000	0	eliminated:OFFICE-NOT-AMONG-OBSERVED-ORDERING-ACTIVITIES
cluster-0002	0	N0042123D0019	0.000000	0.000000	0.000000	0	eliminated:OFFICE-NOT-AMONG-OBSERVED-ORDERING-ACTIVITIES
cluster-0002	0	N0042123G0001	0.000000	0.000000	0.000000	0	eliminated:OFFICE-NOT-AMONG-OBSERVED-ORDERING-ACTIVITIES
cluster-0002	0	N0042123G0002	0.000000	0.000000	0.000000	0	eliminated:OFFICE-NOT-AMONG-OBSERVED-ORDERING-ACTIVITIES
cluster-0002	0	N0042123G0004	0.000000	0.000000	0.000000	0	eliminated:OFFICE-NOT-AMONG-OBSERVED-ORDERING-ACTIVITIES
cluster-0002	0	N0042123G0005	0.000000	0.000000	0.000000	0	eliminated:OFFICE-NOT-AMONG-OBSERVED-ORDERING-ACTIVITIES
cluster-0002	0	N0042124A0003	0.000000	0.000000	0.000000	0	eliminated:OFFICE-NOT-AMONG-OBSERVED-ORDERING-ACTIVITIES
cluster-0002	0	N0042124A0004	0.000000	0.000000	0.000000	0	eliminated:OFFICE-NOT-AMONG-OBSERVED-ORDERING-ACTIVITIES
cluster-0002	0	N0042124A0005	0.000000	0.000000	0.000000	0	eliminated:OFFICE-NOT-AMONG-OBSERVED-ORDERING-ACTIVITIES
cluster-0002	0	N0042124D0005	0.000000	0.000000	0.000000	0	eliminated:OFFICE-NOT-AMONG-OBSERVED-ORDERING-ACTIVITIES
cluster-0002	0	N0042124D0006	0.000000	0.000000	0.000000	0	eliminated:OFFICE-NOT-AMONG-OBSERVED-ORDERING-ACTIVITIES
cluster-0002	0	N0042124D0008	0.000000	0.000000	0.000000	0	eliminated:OFFICE-NOT-AMONG-OBSERVED-ORDERING-ACTIVITIES
cluster-0002	0	N0042124D0011	0.000000	0.000000	0.000000	0	eliminated:OFFICE-NOT-AMONG-OBSERVED-ORDERING-ACTIVITIES
cluster-0002	0	N0042124D0012	0.000000	0.000000	0.000000	0	eliminated:OFFICE-NOT-AMONG-OBSERVED-ORDERING-ACTIVITIES
cluster-0002	0	N0042124D0020	0.000000	0.000000	0.000000	0	eliminated:OFFICE-NOT-AMONG-OBSERVED-ORDERING-ACTIVITIES
cluster-0002	0	N0042124D0022	0.000000	0.000000	0.000000	0	eliminated:OFFICE-NOT-AMONG-OBSERVED-ORDERING-ACTIVITIES
cluster-0002	0	N0042124D0071	0.000000	0.000000	0.000000	0	eliminated:OFFICE-NOT-AMONG-OBSERVED-ORDERING-ACTIVITIES
cluster-0002	0	N0042124G0001	0.000000	0.000000	0.000000	0	eliminated:OFFICE-NOT-AMONG-OBSERVED-ORDERING-ACTIVITIES
cluster-0002	0	N0042125D0301	0.000000	0.000000	0.000000	0	eliminated:OFFICE-NOT-AMONG-OBSERVED-ORDERING-ACTIVITIES
cluster-0002	0	N0042125D0302	0.000000	0.000000	0.000000	0	eliminated:OFFICE-NOT-AMONG-OBSERVED-ORDERING-ACTIVITIES
cluster-0002	0	N0042125D0303	0.000000	0.000000	0.000000	0	eliminated:OFFICE-NOT-AMONG-OBSERVED-ORDERING-ACTIVITIES
cluster-0002	0	N0042125G0003	0.000000	0.000000	0.000000	0	eliminated:OFFICE-NOT-AMONG-OBSERVED-ORDERING-ACTIVITIES
cluster-0002	0	N6134015D0003	0.000000	0.000000	0.000000	0	eliminated:OFFICE-NOT-AMONG-OBSERVED-ORDERING-ACTIVITIES
cluster-0002	0	N6134016D1003	0.000000	0.000000	0.000000	0	eliminated:OFFICE-NOT-AMONG-OBSERVED-ORDERING-ACTIVITIES
cluster-0002	0	N6134016D1005	0.000000	0.000000	0.000000	0	eliminated:OFFICE-NOT-AMONG-OBSERVED-ORDERING-ACTIVITIES
cluster-0002	0	N6134017D0002	0.000000	0.000000	0.000000	0	eliminated:OFFICE-NOT-AMONG-OBSERVED-ORDERING-ACTIVITIES
cluster-0002	0	N6134018D0002	0.000000	0.000000	0.000000	0	eliminated:OFFICE-NOT-AMONG-OBSERVED-ORDERING-ACTIVITIES
cluster-0002	0	N6134018D0004	0.000000	0.000000	0.000000	0	eliminated:OFFICE-NOT-AMONG-OBSERVED-ORDERING-ACTIVITIES
cluster-0002	0	N6134018D0009	0.000000	0.000000	0.000000	0	eliminated:OFFICE-NOT-AMONG-OBSERVED-ORDERING-ACTIVITIES
cluster-0002	0	N6134019D0003	0.000000	0.000000	0.000000	0	eliminated:OFFICE-NOT-AMONG-OBSERVED-ORDERING-ACTIVITIES
cluster-0002	0	N6134019D0906	0.000000	0.000000	0.000000	0	eliminated:OFFICE-NOT-AMONG-OBSERVED-ORDERING-ACTIVITIES
cluster-0002	0	N6134019G0002	0.000000	0.000000	0.000000	0	eliminated:OFFICE-NOT-AMONG-OBSERVED-ORDERING-ACTIVITIES
cluster-0002	0	N6134020D0002	0.000000	0.000000	0.000000	0	eliminated:OFFICE-NOT-AMONG-OBSERVED-ORDERING-ACTIVITIES
cluster-0002	0	N6134020D0004	0.000000	0.000000	0.000000	0	eliminated:OFFICE-NOT-AMONG-OBSERVED-ORDERING-ACTIVITIES
cluster-0002	0	N6134020D0008	0.000000	0.000000	0.000000	0	eliminated:OFFICE-NOT-AMONG-OBSERVED-ORDERING-ACTIVITIES
cluster-0002	0	N6134020D0011	0.000000	0.000000	0.000000	0	eliminated:OFFICE-NOT-AMONG-OBSERVED-ORDERING-ACTIVITIES
cluster-0002	0	N6134020D0015	0.000000	0.000000	0.000000	0	eliminated:OFFICE-NOT-AMONG-OBSERVED-ORDERING-ACTIVITIES
cluster-0002	0	N6134020D0019	0.000000	0.000000	0.000000	0	eliminated:OFFICE-NOT-AMONG-OBSERVED-ORDERING-ACTIVITIES
cluster-0002	0	N6134020D0020	0.000000	0.000000	0.000000	0	eliminated:OFFICE-NOT-AMONG-OBSERVED-ORDERING-ACTIVITIES
cluster-0002	0	N6134020D0021	0.000000	0.000000	0.000000	0	eliminated:OFFICE-NOT-AMONG-OBSERVED-ORDERING-ACTIVITIES
cluster-0002	0	N6134020D0024	0.000000	0.000000	0.000000	0	eliminated:OFFICE-NOT-AMONG-OBSERVED-ORDERING-ACTIVITIES
cluster-0002	0	N6134020D0025	0.000000	0.000000	0.000000	0	eliminated:OFFICE-NOT-AMONG-OBSERVED-ORDERING-ACTIVITIES
cluster-0002	0	N6134021D0013	0.000000	0.000000	0.000000	0	eliminated:OFFICE-NOT-AMONG-OBSERVED-ORDERING-ACTIVITIES
cluster-0002	0	N6134021D0015	0.000000	0.000000	0.000000	0	eliminated:OFFICE-NOT-AMONG-OBSERVED-ORDERING-ACTIVITIES
cluster-0002	0	N6134021D0016	0.000000	0.000000	0.000000	0	eliminated:OFFICE-NOT-AMONG-OBSERVED-ORDERING-ACTIVITIES
cluster-0002	0	N6134021D0017	0.000000	0.000000	0.000000	0	eliminated:OFFICE-NOT-AMONG-OBSERVED-ORDERING-ACTIVITIES
cluster-0002	0	N6134022D0002	0.000000	0.000000	0.000000	0	eliminated:OFFICE-NOT-AMONG-OBSERVED-ORDERING-ACTIVITIES
cluster-0002	0	N6134022D0004	0.000000	0.000000	0.000000	0	eliminated:OFFICE-NOT-AMONG-OBSERVED-ORDERING-ACTIVITIES
cluster-0002	0	N6134022D0006	0.000000	0.000000	0.000000	0	eliminated:OFFICE-NOT-AMONG-OBSERVED-ORDERING-ACTIVITIES
cluster-0002	0	N6134022D0008	0.000000	0.000000	0.000000	0	eliminated:OFFICE-NOT-AMONG-OBSERVED-ORDERING-ACTIVITIES
cluster-0002	0	N6134023D0001	0.000000	0.000000	0.000000	0	eliminated:OFFICE-NOT-AMONG-OBSERVED-ORDERING-ACTIVITIES
cluster-0002	0	N6134023D0003	0.000000	0.000000	0.000000	0	eliminated:OFFICE-NOT-AMONG-OBSERVED-ORDERING-ACTIVITIES
cluster-0002	0	N6134023D0004	0.000000	0.000000	0.000000	0	eliminated:OFFICE-NOT-AMONG-OBSERVED-ORDERING-ACTIVITIES
cluster-0002	0	N6134023D0008	0.000000	0.000000	0.000000	0	eliminated:OFFICE-NOT-AMONG-OBSERVED-ORDERING-ACTIVITIES
cluster-0002	0	N6134024D0001	0.000000	0.000000	0.000000	0	eliminated:OFFICE-NOT-AMONG-OBSERVED-ORDERING-ACTIVITIES
cluster-0002	0	N6134024D0006	0.000000	0.000000	0.000000	0	eliminated:OFFICE-NOT-AMONG-OBSERVED-ORDERING-ACTIVITIES
cluster-0002	0	N6134024D0013	0.000000	0.000000	0.000000	0	eliminated:OFFICE-NOT-AMONG-OBSERVED-ORDERING-ACTIVITIES
cluster-0002	0	N6134025D0005	0.000000	0.000000	0.000000	0	eliminated:OFFICE-NOT-AMONG-OBSERVED-ORDERING-ACTIVITIES
cluster-0002	0	N6134025D0006	0.000000	0.000000	0.000000	0	eliminated:OFFICE-NOT-AMONG-OBSERVED-ORDERING-ACTIVITIES
cluster-0002	0	N6833515D0026	0.000000	0.000000	0.000000	0	eliminated:OFFICE-NOT-AMONG-OBSERVED-ORDERING-ACTIVITIES
cluster-0002	0	N6833515G0022	0.000000	0.000000	0.000000	0	eliminated:OFFICE-NOT-AMONG-OBSERVED-ORDERING-ACTIVITIES
cluster-0002	0	N6833516D0013	0.000000	0.000000	0.000000	0	eliminated:OFFICE-NOT-AMONG-OBSERVED-ORDERING-ACTIVITIES
cluster-0002	0	N6833516D0020	0.000000	0.000000	0.000000	0	eliminated:OFFICE-NOT-AMONG-OBSERVED-ORDERING-ACTIVITIES
cluster-0002	0	N6833517D0021	0.000000	0.000000	0.000000	0	eliminated:OFFICE-NOT-AMONG-OBSERVED-ORDERING-ACTIVITIES
cluster-0002	0	N6833518D0031	0.000000	0.000000	0.000000	0	eliminated:OFFICE-NOT-AMONG-OBSERVED-ORDERING-ACTIVITIES
cluster-0002	0	N6833518G0014	0.000000	0.000000	0.000000	0	eliminated:OFFICE-NOT-AMONG-OBSERVED-ORDERING-ACTIVITIES
cluster-0002	0	N6833519D0082	0.000000	0.000000	0.000000	0	eliminated:OFFICE-NOT-AMONG-OBSERVED-ORDERING-ACTIVITIES
cluster-0002	0	N6833519D0135	0.000000	0.000000	0.000000	0	eliminated:OFFICE-NOT-AMONG-OBSERVED-ORDERING-ACTIVITIES
cluster-0002	0	N6833519G0013	0.000000	0.000000	0.000000	0	eliminated:OFFICE-NOT-AMONG-OBSERVED-ORDERING-ACTIVITIES
cluster-0002	0	N6833519G0041	0.000000	0.000000	0.000000	0	eliminated:OFFICE-NOT-AMONG-OBSERVED-ORDERING-ACTIVITIES
cluster-0002	0	N6833519G0050	0.000000	0.000000	0.000000	0	eliminated:OFFICE-NOT-AMONG-OBSERVED-ORDERING-ACTIVITIES
cluster-0002	0	N6833519G0059	0.000000	0.000000	0.000000	0	eliminated:OFFICE-NOT-AMONG-OBSERVED-ORDERING-ACTIVITIES
cluster-0002	0	N6833520D0022	0.000000	0.000000	0.000000	0	eliminated:OFFICE-NOT-AMONG-OBSERVED-ORDERING-ACTIVITIES
cluster-0002	0	N6833520D0032	0.000000	0.000000	0.000000	0	eliminated:OFFICE-NOT-AMONG-OBSERVED-ORDERING-ACTIVITIES
cluster-0002	0	N6833520D0048	0.000000	0.000000	0.000000	0	eliminated:OFFICE-NOT-AMONG-OBSERVED-ORDERING-ACTIVITIES
cluster-0002	0	N6833520D0935	0.000000	0.000000	0.000000	0	eliminated:OFFICE-NOT-AMONG-OBSERVED-ORDERING-ACTIVITIES
cluster-0002	0	N6833520G0002	0.000000	0.000000	0.000000	0	eliminated:OFFICE-NOT-AMONG-OBSERVED-ORDERING-ACTIVITIES
cluster-0002	0	N6833520G1048	0.000000	0.000000	0.000000	0	eliminated:OFFICE-NOT-AMONG-OBSERVED-ORDERING-ACTIVITIES
cluster-0002	0	N6833520G3036	0.000000	0.000000	0.000000	0	eliminated:OFFICE-NOT-AMONG-OBSERVED-ORDERING-ACTIVITIES
cluster-0002	0	N6833521D0045	0.000000	0.000000	0.000000	0	eliminated:OFFICE-NOT-AMONG-OBSERVED-ORDERING-ACTIVITIES
cluster-0002	0	N6833521D0046	0.000000	0.000000	0.000000	0	eliminated:OFFICE-NOT-AMONG-OBSERVED-ORDERING-ACTIVITIES
cluster-0002	0	N6833521D0048	0.000000	0.000000	0.000000	0	eliminated:OFFICE-NOT-AMONG-OBSERVED-ORDERING-ACTIVITIES
cluster-0002	0	N6833521D0049	0.000000	0.000000	0.000000	0	eliminated:OFFICE-NOT-AMONG-OBSERVED-ORDERING-ACTIVITIES
cluster-0002	0	N6833521D0053	0.000000	0.000000	0.000000	0	eliminated:OFFICE-NOT-AMONG-OBSERVED-ORDERING-ACTIVITIES
cluster-0002	0	N6833521D0064	0.000000	0.000000	0.000000	0	eliminated:OFFICE-NOT-AMONG-OBSERVED-ORDERING-ACTIVITIES
cluster-0002	0	N6833521D0214	0.000000	0.000000	0.000000	0	eliminated:OFFICE-NOT-AMONG-OBSERVED-ORDERING-ACTIVITIES
cluster-0002	0	N6833521D0225	0.000000	0.000000	0.000000	0	eliminated:OFFICE-NOT-AMONG-OBSERVED-ORDERING-ACTIVITIES
cluster-0002	0	N6833521D0227	0.000000	0.000000	0.000000	0	eliminated:OFFICE-NOT-AMONG-OBSERVED-ORDERING-ACTIVITIES
cluster-0002	0	N6833521D0229	0.000000	0.000000	0.000000	0	eliminated:OFFICE-NOT-AMONG-OBSERVED-ORDERING-ACTIVITIES
cluster-0002	0	N6833521G0020	0.000000	0.000000	0.000000	0	eliminated:OFFICE-NOT-AMONG-OBSERVED-ORDERING-ACTIVITIES
cluster-0002	0	N6833521G0021	0.000000	0.000000	0.000000	0	eliminated:OFFICE-NOT-AMONG-OBSERVED-ORDERING-ACTIVITIES
cluster-0002	0	N6833522A0017	0.000000	0.000000	0.000000	0	eliminated:OFFICE-NOT-AMONG-OBSERVED-ORDERING-ACTIVITIES
cluster-0002	0	N6833522A0027	0.000000	0.000000	0.000000	0	eliminated:OFFICE-NOT-AMONG-OBSERVED-ORDERING-ACTIVITIES
cluster-0002	0	N6833522A0029	0.000000	0.000000	0.000000	0	eliminated:OFFICE-NOT-AMONG-OBSERVED-ORDERING-ACTIVITIES
cluster-0002	0	N6833522A0032	0.000000	0.000000	0.000000	0	eliminated:OFFICE-NOT-AMONG-OBSERVED-ORDERING-ACTIVITIES
cluster-0002	0	N6833522A0035	0.000000	0.000000	0.000000	0	eliminated:OFFICE-NOT-AMONG-OBSERVED-ORDERING-ACTIVITIES
cluster-0002	0	N6833522D0004	0.000000	0.000000	0.000000	0	eliminated:OFFICE-NOT-AMONG-OBSERVED-ORDERING-ACTIVITIES
cluster-0002	0	N6833522D0005	0.000000	0.000000	0.000000	0	eliminated:OFFICE-NOT-AMONG-OBSERVED-ORDERING-ACTIVITIES
cluster-0002	0	N6833522D0008	0.000000	0.000000	0.000000	0	eliminated:OFFICE-NOT-AMONG-OBSERVED-ORDERING-ACTIVITIES
cluster-0002	0	N6833522D0012	0.000000	0.000000	0.000000	0	eliminated:OFFICE-NOT-AMONG-OBSERVED-ORDERING-ACTIVITIES
cluster-0002	0	N6833522D0013	0.000000	0.000000	0.000000	0	eliminated:OFFICE-NOT-AMONG-OBSERVED-ORDERING-ACTIVITIES
cluster-0002	0	N6833522D0017	0.000000	0.000000	0.000000	0	eliminated:OFFICE-NOT-AMONG-OBSERVED-ORDERING-ACTIVITIES
cluster-0002	0	N6833522D0022	0.000000	0.000000	0.000000	0	eliminated:OFFICE-NOT-AMONG-OBSERVED-ORDERING-ACTIVITIES
cluster-0002	0	N6833522D0037	0.000000	0.000000	0.000000	0	eliminated:OFFICE-NOT-AMONG-OBSERVED-ORDERING-ACTIVITIES
cluster-0002	0	N6833522D0039	0.000000	0.000000	0.000000	0	eliminated:OFFICE-NOT-AMONG-OBSERVED-ORDERING-ACTIVITIES
cluster-0002	0	N6833522G0029	0.000000	0.000000	0.000000	0	eliminated:OFFICE-NOT-AMONG-OBSERVED-ORDERING-ACTIVITIES
cluster-0002	0	N6833522G0035	0.000000	0.000000	0.000000	0	eliminated:OFFICE-NOT-AMONG-OBSERVED-ORDERING-ACTIVITIES
cluster-0002	0	N6833522G0036	0.000000	0.000000	0.000000	0	eliminated:OFFICE-NOT-AMONG-OBSERVED-ORDERING-ACTIVITIES
cluster-0002	0	N6833522G0041	0.000000	0.000000	0.000000	0	eliminated:OFFICE-NOT-AMONG-OBSERVED-ORDERING-ACTIVITIES
cluster-0002	0	N6833523A0016	0.000000	0.000000	0.000000	0	eliminated:OFFICE-NOT-AMONG-OBSERVED-ORDERING-ACTIVITIES
cluster-0002	0	N6833523A0018	0.000000	0.000000	0.000000	0	eliminated:OFFICE-NOT-AMONG-OBSERVED-ORDERING-ACTIVITIES
cluster-0002	0	N6833523A0020	0.000000	0.000000	0.000000	0	eliminated:OFFICE-NOT-AMONG-OBSERVED-ORDERING-ACTIVITIES
cluster-0002	0	N6833523A0021	0.000000	0.000000	0.000000	0	eliminated:OFFICE-NOT-AMONG-OBSERVED-ORDERING-ACTIVITIES
cluster-0002	0	N6833523A0025	0.000000	0.000000	0.000000	0	eliminated:OFFICE-NOT-AMONG-OBSERVED-ORDERING-ACTIVITIES
cluster-0002	0	N6833523A0027	0.000000	0.000000	0.000000	0	eliminated:OFFICE-NOT-AMONG-OBSERVED-ORDERING-ACTIVITIES
cluster-0002	0	N6833523A0028	0.000000	0.000000	0.000000	0	eliminated:OFFICE-NOT-AMONG-OBSERVED-ORDERING-ACTIVITIES
cluster-0002	0	N6833523A0029	0.000000	0.000000	0.000000	0	eliminated:OFFICE-NOT-AMONG-OBSERVED-ORDERING-ACTIVITIES
cluster-0002	0	N6833523A0030	0.000000	0.000000	0.000000	0	eliminated:OFFICE-NOT-AMONG-OBSERVED-ORDERING-ACTIVITIES
cluster-0002	0	N6833523A0038	0.000000	0.000000	0.000000	0	eliminated:OFFICE-NOT-AMONG-OBSERVED-ORDERING-ACTIVITIES
cluster-0002	0	N6833523A0040	0.000000	0.000000	0.000000	0	eliminated:OFFICE-NOT-AMONG-OBSERVED-ORDERING-ACTIVITIES
cluster-0002	0	N6833523A0041	0.000000	0.000000	0.000000	0	eliminated:OFFICE-NOT-AMONG-OBSERVED-ORDERING-ACTIVITIES
cluster-0002	0	N6833523A0043	0.000000	0.000000	0.000000	0	eliminated:OFFICE-NOT-AMONG-OBSERVED-ORDERING-ACTIVITIES
cluster-0002	0	N6833523A0049	0.000000	0.000000	0.000000	0	eliminated:OFFICE-NOT-AMONG-OBSERVED-ORDERING-ACTIVITIES
cluster-0002	0	N6833523A0051	0.000000	0.000000	0.000000	0	eliminated:OFFICE-NOT-AMONG-OBSERVED-ORDERING-ACTIVITIES
cluster-0002	0	N6833523A0059	0.000000	0.000000	0.000000	0	eliminated:OFFICE-NOT-AMONG-OBSERVED-ORDERING-ACTIVITIES
cluster-0002	0	N6833523A0062	0.000000	0.000000	0.000000	0	eliminated:OFFICE-NOT-AMONG-OBSERVED-ORDERING-ACTIVITIES
cluster-0002	0	N6833523A0120	0.000000	0.000000	0.000000	0	eliminated:OFFICE-NOT-AMONG-OBSERVED-ORDERING-ACTIVITIES
cluster-0002	0	N6833523A0134	0.000000	0.000000	0.000000	0	eliminated:OFFICE-NOT-AMONG-OBSERVED-ORDERING-ACTIVITIES
cluster-0002	0	N6833523A0151	0.000000	0.000000	0.000000	0	eliminated:OFFICE-NOT-AMONG-OBSERVED-ORDERING-ACTIVITIES
cluster-0002	0	N6833523A0153	0.000000	0.000000	0.000000	0	eliminated:OFFICE-NOT-AMONG-OBSERVED-ORDERING-ACTIVITIES
cluster-0002	0	N6833523A0167	0.000000	0.000000	0.000000	0	eliminated:OFFICE-NOT-AMONG-OBSERVED-ORDERING-ACTIVITIES
cluster-0002	0	N6833523A0194	0.000000	0.000000	0.000000	0	eliminated:OFFICE-NOT-AMONG-OBSERVED-ORDERING-ACTIVITIES
cluster-0002	0	N6833523D0003	0.000000	0.000000	0.000000	0	eliminated:OFFICE-NOT-AMONG-OBSERVED-ORDERING-ACTIVITIES
cluster-0002	0	N6833523D0004	0.000000	0.000000	0.000000	0	eliminated:OFFICE-NOT-AMONG-OBSERVED-ORDERING-ACTIVITIES
cluster-0002	0	N6833523D0010	0.000000	0.000000	0.000000	0	eliminated:OFFICE-NOT-AMONG-OBSERVED-ORDERING-ACTIVITIES
cluster-0002	0	N6833523D0017	0.000000	0.000000	0.000000	0	eliminated:OFFICE-NOT-AMONG-OBSERVED-ORDERING-ACTIVITIES
cluster-0002	0	N6833523D0025	0.000000	0.000000	0.000000	0	eliminated:OFFICE-NOT-AMONG-OBSERVED-ORDERING-ACTIVITIES
cluster-0002	0	N6833523D0029	0.000000	0.000000	0.000000	0	eliminated:OFFICE-NOT-AMONG-OBSERVED-ORDERING-ACTIVITIES
cluster-0002	0	N6833523D0035	0.000000	0.000000	0.000000	0	eliminated:OFFICE-NOT-AMONG-OBSERVED-ORDERING-ACTIVITIES
cluster-0002	0	N6833523D0046	0.000000	0.000000	0.000000	0	eliminated:OFFICE-NOT-AMONG-OBSERVED-ORDERING-ACTIVITIES
cluster-0002	0	N6833523G0001	0.000000	0.000000	0.000000	0	eliminated:OFFICE-NOT-AMONG-OBSERVED-ORDERING-ACTIVITIES
cluster-0002	0	N6833523G0004	0.000000	0.000000	0.000000	0	eliminated:OFFICE-NOT-AMONG-OBSERVED-ORDERING-ACTIVITIES
cluster-0002	0	N6833524A0002	0.000000	0.000000	0.000000	0	eliminated:OFFICE-NOT-AMONG-OBSERVED-ORDERING-ACTIVITIES
cluster-0002	0	N6833524A0007	0.000000	0.000000	0.000000	0	eliminated:OFFICE-NOT-AMONG-OBSERVED-ORDERING-ACTIVITIES
cluster-0002	0	N6833524A0016	0.000000	0.000000	0.000000	0	eliminated:OFFICE-NOT-AMONG-OBSERVED-ORDERING-ACTIVITIES
cluster-0002	0	N6833524A0026	0.000000	0.000000	0.000000	0	eliminated:OFFICE-NOT-AMONG-OBSERVED-ORDERING-ACTIVITIES
cluster-0002	0	N6833524A0032	0.000000	0.000000	0.000000	0	eliminated:OFFICE-NOT-AMONG-OBSERVED-ORDERING-ACTIVITIES
cluster-0002	0	N6833524A0033	0.000000	0.000000	0.000000	0	eliminated:OFFICE-NOT-AMONG-OBSERVED-ORDERING-ACTIVITIES
cluster-0002	0	N6833524A0040	0.000000	0.000000	0.000000	0	eliminated:OFFICE-NOT-AMONG-OBSERVED-ORDERING-ACTIVITIES
cluster-0002	0	N6833524D0002	0.000000	0.000000	0.000000	0	eliminated:OFFICE-NOT-AMONG-OBSERVED-ORDERING-ACTIVITIES
cluster-0002	0	N6833524D0003	0.000000	0.000000	0.000000	0	eliminated:OFFICE-NOT-AMONG-OBSERVED-ORDERING-ACTIVITIES
cluster-0002	0	N6833524D0009	0.000000	0.000000	0.000000	0	eliminated:OFFICE-NOT-AMONG-OBSERVED-ORDERING-ACTIVITIES
cluster-0002	0	N6833524D0010	0.000000	0.000000	0.000000	0	eliminated:OFFICE-NOT-AMONG-OBSERVED-ORDERING-ACTIVITIES
cluster-0002	0	N6833524D0018	0.000000	0.000000	0.000000	0	eliminated:OFFICE-NOT-AMONG-OBSERVED-ORDERING-ACTIVITIES
cluster-0002	0	N6833524D0019	0.000000	0.000000	0.000000	0	eliminated:OFFICE-NOT-AMONG-OBSERVED-ORDERING-ACTIVITIES
cluster-0002	0	N6833524D0020	0.000000	0.000000	0.000000	0	eliminated:OFFICE-NOT-AMONG-OBSERVED-ORDERING-ACTIVITIES
cluster-0002	0	N6833524D0021	0.000000	0.000000	0.000000	0	eliminated:OFFICE-NOT-AMONG-OBSERVED-ORDERING-ACTIVITIES
cluster-0002	0	N6833524D0023	0.000000	0.000000	0.000000	0	eliminated:OFFICE-NOT-AMONG-OBSERVED-ORDERING-ACTIVITIES
cluster-0002	0	N6833524G0007	0.000000	0.000000	0.000000	0	eliminated:OFFICE-NOT-AMONG-OBSERVED-ORDERING-ACTIVITIES
cluster-0002	0	N6833524G0009	0.000000	0.000000	0.000000	0	eliminated:OFFICE-NOT-AMONG-OBSERVED-ORDERING-ACTIVITIES
cluster-0002	0	N6833524G0021	0.000000	0.000000	0.000000	0	eliminated:OFFICE-NOT-AMONG-OBSERVED-ORDERING-ACTIVITIES
cluster-0002	0	N6833524G0028	0.000000	0.000000	0.000000	0	eliminated:OFFICE-NOT-AMONG-OBSERVED-ORDERING-ACTIVITIES
cluster-0002	0	N6833524G0038	0.000000	0.000000	0.000000	0	eliminated:OFFICE-NOT-AMONG-OBSERVED-ORDERING-ACTIVITIES
cluster-0002	0	N6833525A0007	0.000000	0.000000	0.000000	0	eliminated:OFFICE-NOT-AMONG-OBSERVED-ORDERING-ACTIVITIES
cluster-0002	0	N6833525A0008	0.000000	0.000000	0.000000	0	eliminated:OFFICE-NOT-AMONG-OBSERVED-ORDERING-ACTIVITIES
cluster-0002	0	N6833525A0038	0.000000	0.000000	0.000000	0	eliminated:OFFICE-NOT-AMONG-OBSERVED-ORDERING-ACTIVITIES
cluster-0002	0	N6833525D0001	0.000000	0.000000	0.000000	0	eliminated:OFFICE-NOT-AMONG-OBSERVED-ORDERING-ACTIVITIES
cluster-0002	0	N6833525D0004	0.000000	0.000000	0.000000	0	eliminated:OFFICE-NOT-AMONG-OBSERVED-ORDERING-ACTIVITIES
cluster-0002	0	N6833525D0005	0.000000	0.000000	0.000000	0	eliminated:OFFICE-NOT-AMONG-OBSERVED-ORDERING-ACTIVITIES
cluster-0002	0	N6833525D0010	0.000000	0.000000	0.000000	0	eliminated:OFFICE-NOT-AMONG-OBSERVED-ORDERING-ACTIVITIES
cluster-0002	0	N6852021D0002	0.000000	0.000000	0.000000	0	eliminated:OFFICE-NOT-AMONG-OBSERVED-ORDERING-ACTIVITIES
cluster-0002	0	N6852021D0004	0.000000	0.000000	0.000000	0	eliminated:OFFICE-NOT-AMONG-OBSERVED-ORDERING-ACTIVITIES
cluster-0002	0	N6852021D0005	0.000000	0.000000	0.000000	0	eliminated:OFFICE-NOT-AMONG-OBSERVED-ORDERING-ACTIVITIES
cluster-0002	0	N6852021D0006	0.000000	0.000000	0.000000	0	eliminated:OFFICE-NOT-AMONG-OBSERVED-ORDERING-ACTIVITIES
cluster-0002	0	N6852022D0003	0.000000	0.000000	0.000000	0	eliminated:OFFICE-NOT-AMONG-OBSERVED-ORDERING-ACTIVITIES
cluster-0002	0	N6852023D0001	0.000000	0.000000	0.000000	0	eliminated:OFFICE-NOT-AMONG-OBSERVED-ORDERING-ACTIVITIES
cluster-0002	0	N6852023D0011	0.000000	0.000000	0.000000	0	eliminated:OFFICE-NOT-AMONG-OBSERVED-ORDERING-ACTIVITIES
cluster-0002	0	N6852023D0012	0.000000	0.000000	0.000000	0	eliminated:OFFICE-NOT-AMONG-OBSERVED-ORDERING-ACTIVITIES
cluster-0002	0	N6852023D0013	0.000000	0.000000	0.000000	0	eliminated:OFFICE-NOT-AMONG-OBSERVED-ORDERING-ACTIVITIES
cluster-0002	0	N6852023D0014	0.000000	0.000000	0.000000	0	eliminated:OFFICE-NOT-AMONG-OBSERVED-ORDERING-ACTIVITIES
cluster-0002	0	N6852023D0111	0.000000	0.000000	0.000000	0	eliminated:OFFICE-NOT-AMONG-OBSERVED-ORDERING-ACTIVITIES
cluster-0002	0	N6852024A0004	0.000000	0.000000	0.000000	0	eliminated:OFFICE-NOT-AMONG-OBSERVED-ORDERING-ACTIVITIES
cluster-0002	0	N6852025D0001	0.000000	0.000000	0.000000	0	eliminated:OFFICE-NOT-AMONG-OBSERVED-ORDERING-ACTIVITIES
cluster-0002	0	N6883621A0003	0.000000	0.000000	0.000000	0	eliminated:OFFICE-NOT-AMONG-OBSERVED-ORDERING-ACTIVITIES
cluster-0002	0	N6893614D0008	0.000000	0.000000	0.000000	0	eliminated:OFFICE-NOT-AMONG-OBSERVED-ORDERING-ACTIVITIES
cluster-0002	0	N6893615D0015	0.000000	0.000000	0.000000	0	eliminated:OFFICE-NOT-AMONG-OBSERVED-ORDERING-ACTIVITIES
cluster-0002	0	N6893616D0016	0.000000	0.000000	0.000000	0	eliminated:OFFICE-NOT-AMONG-OBSERVED-ORDERING-ACTIVITIES
cluster-0002	0	N6893616D0018	0.000000	0.000000	0.000000	0	eliminated:OFFICE-NOT-AMONG-OBSERVED-ORDERING-ACTIVITIES
cluster-0002	0	N6893617D0010	0.000000	0.000000	0.000000	0	eliminated:OFFICE-NOT-AMONG-OBSERVED-ORDERING-ACTIVITIES
cluster-0002	0	N6893618D0006	0.000000	0.000000	0.000000	0	eliminated:OFFICE-NOT-AMONG-OBSERVED-ORDERING-ACTIVITIES
cluster-0002	0	N6893618D0012	0.000000	0.000000	0.000000	0	eliminated:OFFICE-NOT-AMONG-OBSERVED-ORDERING-ACTIVITIES
cluster-0002	0	N6893618D0014	0.000000	0.000000	0.000000	0	eliminated:OFFICE-NOT-AMONG-OBSERVED-ORDERING-ACTIVITIES
cluster-0002	0	N6893618D0015	0.000000	0.000000	0.000000	0	eliminated:OFFICE-NOT-AMONG-OBSERVED-ORDERING-ACTIVITIES
cluster-0002	0	N6893618D0026	0.000000	0.000000	0.000000	0	eliminated:OFFICE-NOT-AMONG-OBSERVED-ORDERING-ACTIVITIES
cluster-0002	0	N6893618D0029	0.000000	0.000000	0.000000	0	eliminated:OFFICE-NOT-AMONG-OBSERVED-ORDERING-ACTIVITIES
cluster-0002	0	N6893618D0036	0.000000	0.000000	0.000000	0	eliminated:OFFICE-NOT-AMONG-OBSERVED-ORDERING-ACTIVITIES
cluster-0002	0	N6893619D0001	0.000000	0.000000	0.000000	0	eliminated:OFFICE-NOT-AMONG-OBSERVED-ORDERING-ACTIVITIES
cluster-0002	0	N6893619D0007	0.000000	0.000000	0.000000	0	eliminated:OFFICE-NOT-AMONG-OBSERVED-ORDERING-ACTIVITIES
cluster-0002	0	N6893619D0008	0.000000	0.000000	0.000000	0	eliminated:OFFICE-NOT-AMONG-OBSERVED-ORDERING-ACTIVITIES
cluster-0002	0	N6893619D0017	0.000000	0.000000	0.000000	0	eliminated:OFFICE-NOT-AMONG-OBSERVED-ORDERING-ACTIVITIES
cluster-0002	0	N6893619D0020	0.000000	0.000000	0.000000	0	eliminated:OFFICE-NOT-AMONG-OBSERVED-ORDERING-ACTIVITIES
cluster-0002	0	N6893619D0027	0.000000	0.000000	0.000000	0	eliminated:OFFICE-NOT-AMONG-OBSERVED-ORDERING-ACTIVITIES
cluster-0002	0	N6893619D0035	0.000000	0.000000	0.000000	0	eliminated:OFFICE-NOT-AMONG-OBSERVED-ORDERING-ACTIVITIES
cluster-0002	0	N6893619D0048	0.000000	0.000000	0.000000	0	eliminated:OFFICE-NOT-AMONG-OBSERVED-ORDERING-ACTIVITIES
cluster-0002	0	N6893620D0001	0.000000	0.000000	0.000000	0	eliminated:OFFICE-NOT-AMONG-OBSERVED-ORDERING-ACTIVITIES
cluster-0002	0	N6893620D0005	0.000000	0.000000	0.000000	0	eliminated:OFFICE-NOT-AMONG-OBSERVED-ORDERING-ACTIVITIES
cluster-0002	0	N6893620D0007	0.000000	0.000000	0.000000	0	eliminated:OFFICE-NOT-AMONG-OBSERVED-ORDERING-ACTIVITIES
cluster-0002	0	N6893620D0014	0.000000	0.000000	0.000000	0	eliminated:OFFICE-NOT-AMONG-OBSERVED-ORDERING-ACTIVITIES
cluster-0002	0	N6893620D0015	0.000000	0.000000	0.000000	0	eliminated:OFFICE-NOT-AMONG-OBSERVED-ORDERING-ACTIVITIES
cluster-0002	0	N6893620D0016	0.000000	0.000000	0.000000	0	eliminated:OFFICE-NOT-AMONG-OBSERVED-ORDERING-ACTIVITIES
cluster-0002	0	N6893620D0018	0.000000	0.000000	0.000000	0	eliminated:OFFICE-NOT-AMONG-OBSERVED-ORDERING-ACTIVITIES
cluster-0002	0	N6893620D0024	0.000000	0.000000	0.000000	0	eliminated:OFFICE-NOT-AMONG-OBSERVED-ORDERING-ACTIVITIES
cluster-0002	0	N6893620D0033	0.000000	0.000000	0.000000	0	eliminated:OFFICE-NOT-AMONG-OBSERVED-ORDERING-ACTIVITIES
cluster-0002	0	N6893621D0001	0.000000	0.000000	0.000000	0	eliminated:OFFICE-NOT-AMONG-OBSERVED-ORDERING-ACTIVITIES
cluster-0002	0	N6893621D0007	0.000000	0.000000	0.000000	0	eliminated:OFFICE-NOT-AMONG-OBSERVED-ORDERING-ACTIVITIES
cluster-0002	0	N6893621D0009	0.000000	0.000000	0.000000	0	eliminated:OFFICE-NOT-AMONG-OBSERVED-ORDERING-ACTIVITIES
cluster-0002	0	N6893621D0010	0.000000	0.000000	0.000000	0	eliminated:OFFICE-NOT-AMONG-OBSERVED-ORDERING-ACTIVITIES
cluster-0002	0	N6893621D0011	0.000000	0.000000	0.000000	0	eliminated:OFFICE-NOT-AMONG-OBSERVED-ORDERING-ACTIVITIES
cluster-0002	0	N6893621D0016	0.000000	0.000000	0.000000	0	eliminated:OFFICE-NOT-AMONG-OBSERVED-ORDERING-ACTIVITIES
cluster-0002	0	N6893621D0017	0.000000	0.000000	0.000000	0	eliminated:OFFICE-NOT-AMONG-OBSERVED-ORDERING-ACTIVITIES
cluster-0002	0	N6893621D0024	0.000000	0.000000	0.000000	0	eliminated:OFFICE-NOT-AMONG-OBSERVED-ORDERING-ACTIVITIES
cluster-0002	0	N6893621D0026	0.000000	0.000000	0.000000	0	eliminated:OFFICE-NOT-AMONG-OBSERVED-ORDERING-ACTIVITIES
cluster-0002	0	N6893621D0043	0.000000	0.000000	0.000000	0	eliminated:OFFICE-NOT-AMONG-OBSERVED-ORDERING-ACTIVITIES
cluster-0002	0	N6893621D0044	0.000000	0.000000	0.000000	0	eliminated:OFFICE-NOT-AMONG-OBSERVED-ORDERING-ACTIVITIES
cluster-0002	0	N6893621D0045	0.000000	0.000000	0.000000	0	eliminated:OFFICE-NOT-AMONG-OBSERVED-ORDERING-ACTIVITIES
cluster-0002	0	N6893621D0046	0.000000	0.000000	0.000000	0	eliminated:OFFICE-NOT-AMONG-OBSERVED-ORDERING-ACTIVITIES
cluster-0002	0	N6893621D0051	0.000000	0.000000	0.000000	0	eliminated:OFFICE-NOT-AMONG-OBSERVED-ORDERING-ACTIVITIES
cluster-0002	0	N6893622D0002	0.000000	0.000000	0.000000	0	eliminated:OFFICE-NOT-AMONG-OBSERVED-ORDERING-ACTIVITIES
cluster-0002	0	N6893622D0004	0.000000	0.000000	0.000000	0	eliminated:OFFICE-NOT-AMONG-OBSERVED-ORDERING-ACTIVITIES
cluster-0002	0	N6893622D0007	0.000000	0.000000	0.000000	0	eliminated:OFFICE-NOT-AMONG-OBSERVED-ORDERING-ACTIVITIES
cluster-0002	0	N6893622D0008	0.000000	0.000000	0.000000	0	eliminated:OFFICE-NOT-AMONG-OBSERVED-ORDERING-ACTIVITIES
cluster-0002	0	N6893622D0009	0.000000	0.000000	0.000000	0	eliminated:OFFICE-NOT-AMONG-OBSERVED-ORDERING-ACTIVITIES
cluster-0002	0	N6893622D0010	0.000000	0.000000	0.000000	0	eliminated:OFFICE-NOT-AMONG-OBSERVED-ORDERING-ACTIVITIES
cluster-0002	0	N6893622D0011	0.000000	0.000000	0.000000	0	eliminated:OFFICE-NOT-AMONG-OBSERVED-ORDERING-ACTIVITIES
cluster-0002	0	N6893622D0014	0.000000	0.000000	0.000000	0	eliminated:OFFICE-NOT-AMONG-OBSERVED-ORDERING-ACTIVITIES
cluster-0002	0	N6893622D0015	0.000000	0.000000	0.000000	0	eliminated:OFFICE-NOT-AMONG-OBSERVED-ORDERING-ACTIVITIES
cluster-0002	0	N6893622D0017	0.000000	0.000000	0.000000	0	eliminated:OFFICE-NOT-AMONG-OBSERVED-ORDERING-ACTIVITIES
cluster-0002	0	N6893622D0018	0.000000	0.000000	0.000000	0	eliminated:OFFICE-NOT-AMONG-OBSERVED-ORDERING-ACTIVITIES
cluster-0002	0	N6893622D0021	0.000000	0.000000	0.000000	0	eliminated:OFFICE-NOT-AMONG-OBSERVED-ORDERING-ACTIVITIES
cluster-0002	0	N6893622D0024	0.000000	0.000000	0.000000	0	eliminated:OFFICE-NOT-AMONG-OBSERVED-ORDERING-ACTIVITIES
cluster-0002	0	N6893622D0025	0.000000	0.000000	0.000000	0	eliminated:OFFICE-NOT-AMONG-OBSERVED-ORDERING-ACTIVITIES
cluster-0002	0	N6893622D0026	0.000000	0.000000	0.000000	0	eliminated:OFFICE-NOT-AMONG-OBSERVED-ORDERING-ACTIVITIES
cluster-0002	0	N6893622D0027	0.000000	0.000000	0.000000	0	eliminated:OFFICE-NOT-AMONG-OBSERVED-ORDERING-ACTIVITIES
cluster-0002	0	N6893622D0028	0.000000	0.000000	0.000000	0	eliminated:OFFICE-NOT-AMONG-OBSERVED-ORDERING-ACTIVITIES
cluster-0002	0	N6893622D0032	0.000000	0.000000	0.000000	0	eliminated:OFFICE-NOT-AMONG-OBSERVED-ORDERING-ACTIVITIES
cluster-0002	0	N6893622D0034	0.000000	0.000000	0.000000	0	eliminated:OFFICE-NOT-AMONG-OBSERVED-ORDERING-ACTIVITIES
cluster-0002	0	N6893622D0036	0.000000	0.000000	0.000000	0	eliminated:OFFICE-NOT-AMONG-OBSERVED-ORDERING-ACTIVITIES
cluster-0002	0	N6893622D0038	0.000000	0.000000	0.000000	0	eliminated:OFFICE-NOT-AMONG-OBSERVED-ORDERING-ACTIVITIES
cluster-0002	0	N6893622D0041	0.000000	0.000000	0.000000	0	eliminated:OFFICE-NOT-AMONG-OBSERVED-ORDERING-ACTIVITIES
cluster-0002	0	N6893623D0001	0.000000	0.000000	0.000000	0	eliminated:OFFICE-NOT-AMONG-OBSERVED-ORDERING-ACTIVITIES
cluster-0002	0	N6893623D0013	0.000000	0.000000	0.000000	0	eliminated:OFFICE-NOT-AMONG-OBSERVED-ORDERING-ACTIVITIES
cluster-0002	0	N6893623D0014	0.000000	0.000000	0.000000	0	eliminated:OFFICE-NOT-AMONG-OBSERVED-ORDERING-ACTIVITIES
cluster-0002	0	N6893623D0018	0.000000	0.000000	0.000000	0	eliminated:OFFICE-NOT-AMONG-OBSERVED-ORDERING-ACTIVITIES
cluster-0002	0	N6893623D0019	0.000000	0.000000	0.000000	0	eliminated:OFFICE-NOT-AMONG-OBSERVED-ORDERING-ACTIVITIES
cluster-0002	0	N6893623D0021	0.000000	0.000000	0.000000	0	eliminated:OFFICE-NOT-AMONG-OBSERVED-ORDERING-ACTIVITIES
cluster-0002	0	N6893623D0023	0.000000	0.000000	0.000000	0	eliminated:OFFICE-NOT-AMONG-OBSERVED-ORDERING-ACTIVITIES
cluster-0002	0	N6893623D0025	0.000000	0.000000	0.000000	0	eliminated:OFFICE-NOT-AMONG-OBSERVED-ORDERING-ACTIVITIES
cluster-0002	0	N6893623D0026	0.000000	0.000000	0.000000	0	eliminated:OFFICE-NOT-AMONG-OBSERVED-ORDERING-ACTIVITIES
cluster-0002	0	N6893623D0028	0.000000	0.000000	0.000000	0	eliminated:OFFICE-NOT-AMONG-OBSERVED-ORDERING-ACTIVITIES
cluster-0002	0	N6893623D0029	0.000000	0.000000	0.000000	0	eliminated:OFFICE-NOT-AMONG-OBSERVED-ORDERING-ACTIVITIES
cluster-0002	0	N6893623D0033	0.000000	0.000000	0.000000	0	eliminated:OFFICE-NOT-AMONG-OBSERVED-ORDERING-ACTIVITIES
cluster-0002	0	N6893623D0034	0.000000	0.000000	0.000000	0	eliminated:OFFICE-NOT-AMONG-OBSERVED-ORDERING-ACTIVITIES
cluster-0002	0	N6893623D0036	0.000000	0.000000	0.000000	0	eliminated:OFFICE-NOT-AMONG-OBSERVED-ORDERING-ACTIVITIES
cluster-0002	0	N6893623D0037	0.000000	0.000000	0.000000	0	eliminated:OFFICE-NOT-AMONG-OBSERVED-ORDERING-ACTIVITIES
cluster-0002	0	N6893623D0039	0.000000	0.000000	0.000000	0	eliminated:OFFICE-NOT-AMONG-OBSERVED-ORDERING-ACTIVITIES
cluster-0002	0	N6893623D0041	0.000000	0.000000	0.000000	0	eliminated:OFFICE-NOT-AMONG-OBSERVED-ORDERING-ACTIVITIES
cluster-0002	0	N6893623D0042	0.000000	0.000000	0.000000	0	eliminated:OFFICE-NOT-AMONG-OBSERVED-ORDERING-ACTIVITIES
cluster-0002	0	N6893623D0045	0.000000	0.000000	0.000000	0	eliminated:OFFICE-NOT-AMONG-OBSERVED-ORDERING-ACTIVITIES
cluster-0002	0	N6893623D0046	0.000000	0.000000	0.000000	0	eliminated:OFFICE-NOT-AMONG-OBSERVED-ORDERING-ACTIVITIES
cluster-0002	0	N6893623D0047	0.000000	0.000000	0.000000	0	eliminated:OFFICE-NOT-AMONG-OBSERVED-ORDERING-ACTIVITIES
cluster-0002	0	N6893623D0051	0.000000	0.000000	0.000000	0	eliminated:OFFICE-NOT-AMONG-OBSERVED-ORDERING-ACTIVITIES
cluster-0002	0	N6893623D0054	0.000000	0.000000	0.000000	0	eliminated:OFFICE-NOT-AMONG-OBSERVED-ORDERING-ACTIVITIES
cluster-0002	0	N6893624D0001	0.000000	0.000000	0.000000	0	eliminated:OFFICE-NOT-AMONG-OBSERVED-ORDERING-ACTIVITIES
cluster-0002	0	N6893624D0002	0.000000	0.000000	0.000000	0	eliminated:OFFICE-NOT-AMONG-OBSERVED-ORDERING-ACTIVITIES
cluster-0002	0	N6893624D0003	0.000000	0.000000	0.000000	0	eliminated:OFFICE-NOT-AMONG-OBSERVED-ORDERING-ACTIVITIES
cluster-0002	0	N6893624D0004	0.000000	0.000000	0.000000	0	eliminated:OFFICE-NOT-AMONG-OBSERVED-ORDERING-ACTIVITIES
cluster-0002	0	N6893624D0006	0.000000	0.000000	0.000000	0	eliminated:OFFICE-NOT-AMONG-OBSERVED-ORDERING-ACTIVITIES
cluster-0002	0	N6893624D0007	0.000000	0.000000	0.000000	0	eliminated:OFFICE-NOT-AMONG-OBSERVED-ORDERING-ACTIVITIES
cluster-0002	0	N6893624D0008	0.000000	0.000000	0.000000	0	eliminated:OFFICE-NOT-AMONG-OBSERVED-ORDERING-ACTIVITIES
cluster-0002	0	N6893624D0009	0.000000	0.000000	0.000000	0	eliminated:OFFICE-NOT-AMONG-OBSERVED-ORDERING-ACTIVITIES
cluster-0002	0	N6893624D0012	0.000000	0.000000	0.000000	0	eliminated:OFFICE-NOT-AMONG-OBSERVED-ORDERING-ACTIVITIES
cluster-0002	0	N6893624D0013	0.000000	0.000000	0.000000	0	eliminated:OFFICE-NOT-AMONG-OBSERVED-ORDERING-ACTIVITIES
cluster-0002	0	N6893624D0015	0.000000	0.000000	0.000000	0	eliminated:OFFICE-NOT-AMONG-OBSERVED-ORDERING-ACTIVITIES
cluster-0002	0	N6893624D0017	0.000000	0.000000	0.000000	0	eliminated:OFFICE-NOT-AMONG-OBSERVED-ORDERING-ACTIVITIES
cluster-0002	0	N6893624D0020	0.000000	0.000000	0.000000	0	eliminated:OFFICE-NOT-AMONG-OBSERVED-ORDERING-ACTIVITIES
cluster-0002	0	N6893624D0022	0.000000	0.000000	0.000000	0	eliminated:OFFICE-NOT-AMONG-OBSERVED-ORDERING-ACTIVITIES
cluster-0002	0	N6893624D0023	0.000000	0.000000	0.000000	0	eliminated:OFFICE-NOT-AMONG-OBSERVED-ORDERING-ACTIVITIES
cluster-0002	0	N6893624D0025	0.000000	0.000000	0.000000	0	eliminated:OFFICE-NOT-AMONG-OBSERVED-ORDERING-ACTIVITIES
cluster-0002	0	N6893625D0001	0.000000	0.000000	0.000000	0	eliminated:OFFICE-NOT-AMONG-OBSERVED-ORDERING-ACTIVITIES
cluster-0002	0	N6893625D0008	0.000000	0.000000	0.000000	0	eliminated:OFFICE-NOT-AMONG-OBSERVED-ORDERING-ACTIVITIES
cluster-0002	0	N6893625D0011	0.000000	0.000000	0.000000	0	eliminated:OFFICE-NOT-AMONG-OBSERVED-ORDERING-ACTIVITIES
cluster-0002	0	N6893625D0013	0.000000	0.000000	0.000000	0	eliminated:OFFICE-NOT-AMONG-OBSERVED-ORDERING-ACTIVITIES
cluster-0002	0	SPE4A123G0002	0.000000	0.000000	0.000000	0	eliminated:OFFICE-NOT-AMONG-OBSERVED-ORDERING-ACTIVITIES
cluster-0002	0	W15QKN15D0001	0.000000	0.000000	0.000000	0	eliminated:OFFICE-NOT-AMONG-OBSERVED-ORDERING-ACTIVITIES
cluster-0003	1	N6833523D0003	0.127990	0.213316	0.000000	1	candidate
cluster-0003	2	N6893620D0015	0.102349	0.170581	0.000000	1	candidate
cluster-0003	3	N6893620D0016	0.101174	0.168623	0.000000	1	candidate
cluster-0003	4	N6852020D0012	0.096091	0.160152	0.000000	1	candidate
cluster-0003	5	N0042120D0010	0.095842	0.159736	0.000000	1	candidate
cluster-0003	6	N6893620D0033	0.086356	0.143927	0.000000	1	candidate
cluster-0003	7	N0001922D0042	0.084375	0.140625	0.000000	1	candidate
cluster-0003	8	N6833521D0046	0.080126	0.133543	0.000000	1	candidate
cluster-0003	9	N0001920D0001	0.071779	0.119631	0.000000	1	candidate
cluster-0003	10	N6852025D0001	0.070436	0.117394	0.000000	1	candidate
cluster-0003	11	N6134016D1005	0.068830	0.114717	0.000000	1	candidate
cluster-0003	12	N6833516D0013	0.066471	0.110784	0.000000	1	candidate
cluster-0003	13	N6852021D0002	0.066464	0.110774	0.000000	1	candidate
cluster-0003	14	N6134019D1006	0.062690	0.104484	0.000000	1	candidate
cluster-0003	15	N0001918D0111	0.059888	0.099814	0.000000	1	candidate
cluster-0003	16	N0001922D0004	0.055711	0.092852	0.000000	1	candidate
cluster-0003	17	N0042118D0042	0.054907	0.091512	0.000000	1	candidate
cluster-0003	18	N6893623D0047	0.054454	0.090757	0.000000	1	candidate
cluster-0003	19	N6893620D0007	0.053617	0.089361	0.000000	1	candidate
cluster-0003	20	N0042120D0012	0.053456	0.089094	0.000000	1	candidate
cluster-0003	21	N0001918D0103	0.053011	0.088352	0.000000	1	candidate
cluster-0003	22	N0001925D0016	0.052954	0.088256	0.000000	1	candidate
cluster-0003	23	N0042118D0044	0.052727	0.087878	0.000000	1	candidate
cluster-0003	24	NAWCTSD-FTSS-V	0.052578	0.087630	0.000000	1	candidate
cluster-0003	25	N0042120D0072	0.051902	0.086503	0.000000	1	candidate
cluster-0003	26	N0001924D0008	0.051863	0.086438	0.000000	1	candidate
cluster-0003	27	N0042119D0066	0.049817	0.083028	0.000000	1	below-floor
cluster-0003	28	N0042122D0094	0.048244	0.080406	0.000000	1	below-floor
cluster-0003	29	N0001925D0012	0.047482	0.079137	0.000000	1	below-floor
cluster-0003	30	N0001922D0003	0.044892	0.074820	0.000000	1	below-floor
cluster-0003	31	NAWCTSD-PACRM	0.044886	0.074810	0.000000	1	below-floor
cluster-0003	32	N0042124D0005	0.044600	0.074333	0.000000	1	below-floor
cluster-0003	33	N0001922D0009	0.044299	0.073831	0.000000	1	below-floor
cluster-0003	34	N0042118D0054	0.043942	0.073237	0.000000	1	below-floor
cluster-0003	35	N0001924D0126	0.043223	0.072038	0.000000	1	below-floor
cluster-0003	36	N0042119D0035	0.042397	0.070662	0.000000	1	below-floor
cluster-0003	37	N0042121D0010	0.042128	0.070213	0.000000	1	below-floor
cluster-0003	38	N6893622D0024	0.041145	0.068575	0.000000	1	below-floor
cluster-0003	39	N0042121D0005	0.039929	0.066549	0.000000	1	below-floor
cluster-0003	40	N0042123D0007	0.039900	0.066501	0.000000	1	below-floor
cluster-0003	41	N0001921D0001	0.039125	0.065209	0.000000	1	below-floor
cluster-0003	42	N6893623D0013	0.038761	0.064602	0.000000	1	below-floor
cluster-0003	43	N0001922D0013	0.037279	0.062131	0.000000	1	below-floor
cluster-0003	44	N6893621D0011	0.036747	0.061245	0.000000	1	below-floor
cluster-0003	45	N0042121D0007	0.036379	0.060632	0.000000	1	below-floor
cluster-0003	46	N6893624D0004	0.036173	0.060289	0.000000	1	below-floor
cluster-0003	47	N0042118D0017	0.036161	0.060268	0.000000	1	below-floor
cluster-0003	48	N6893624D0009	0.035726	0.059544	0.000000	1	below-floor
cluster-0003	49	N6893625D0013	0.035652	0.059420	0.000000	1	below-floor
cluster-0003	50	N0042119D0067	0.035343	0.058905	0.000000	1	below-floor
cluster-0003	51	N0001921D0004	0.035149	0.058581	0.000000	1	below-floor
cluster-0003	52	N0001923D0013	0.034911	0.058186	0.000000	1	below-floor
cluster-0003	53	N0001920D0017	0.034843	0.058072	0.000000	1	below-floor
cluster-0003	54	N0042119D0075	0.034816	0.058026	0.000000	1	below-floor
cluster-0003	55	N0042120D0007	0.034613	0.057688	0.000000	1	below-floor
cluster-0003	56	N6833518D0031	0.034264	0.057107	0.000000	1	below-floor
cluster-0003	57	N6893623D0033	0.034238	0.057063	0.000000	1	below-floor
cluster-0003	58	N0001918D0123	0.034078	0.056796	0.000000	1	below-floor
cluster-0003	59	NAWCTSD-TSC-IV	0.032081	0.053468	0.000000	1	below-floor
cluster-0003	60	N6893624D0003	0.031953	0.053254	0.000000	1	below-floor
cluster-0003	61	N6833516D0020	0.031775	0.052958	0.000000	1	below-floor
cluster-0003	62	N0042118D0028	0.031489	0.052481	0.000000	1	below-floor
cluster-0003	63	N6134017D0002	0.031173	0.051955	0.000000	1	below-floor
cluster-0003	64	N0042120D0073	0.031075	0.051792	0.000000	1	below-floor
cluster-0003	65	N6134021D0016	0.030518	0.050864	0.000000	1	below-floor
cluster-0003	66	N0042122D0101	0.030444	0.050741	0.000000	1	below-floor
cluster-0003	67	N0001918D0110	0.030295	0.050492	0.000000	1	below-floor
cluster-0003	68	N6893623D0034	0.030222	0.050370	0.000000	1	below-floor
cluster-0003	69	N0042120D0123	0.030156	0.050260	0.000000	1	below-floor
cluster-0003	70	N6893622D0010	0.029491	0.049152	0.000000	1	below-floor
cluster-0003	71	N0042118D0016	0.029180	0.048634	0.000000	1	below-floor
cluster-0003	72	N6893622D0009	0.029160	0.048600	0.000000	1	below-floor
cluster-0003	73	N0042120D0028	0.028965	0.048275	0.000000	1	below-floor
cluster-0003	74	N6893622D0002	0.028693	0.047821	0.000000	1	below-floor
cluster-0003	75	N0042125D0303	0.028679	0.047798	0.000000	1	below-floor
cluster-0003	76	N0042120D0001	0.027354	0.045590	0.000000	1	below-floor
cluster-0003	77	N6893620D0014	0.027293	0.045489	0.000000	1	below-floor
cluster-0003	78	N0001923D0001	0.027193	0.045321	0.000000	1	below-floor
cluster-0003	79	N0042119D0033	0.027075	0.045125	0.000000	1	below-floor
cluster-0003	80	N6134020D0019	0.027000	0.045000	0.000000	1	below-floor
cluster-0003	81	N6852023D0013	0.026992	0.044987	0.000000	1	below-floor
cluster-0003	82	N0042121D0001	0.026856	0.044761	0.000000	1	below-floor
cluster-0003	83	N6134016D1003	0.026856	0.044761	0.000000	1	below-floor
cluster-0003	84	SEAPORT-NXG	0.026767	0.044611	0.000000	1	below-floor
cluster-0003	85	N0042119D0055	0.026746	0.044577	0.000000	1	below-floor
cluster-0003	86	N6833523D0004	0.026591	0.044318	0.000000	1	below-floor
cluster-0003	87	N6833522D0005	0.026568	0.044280	0.000000	1	below-floor
cluster-0003	88	N6893623D0001	0.026373	0.043954	0.000000	1	below-floor
cluster-0003	89	N0042124D0011	0.026235	0.043724	0.000000	1	below-floor
cluster-0003	90	N0042119D0026	0.026042	0.043404	0.000000	1	below-floor
cluster-0003	91	N6893620D0005	0.025998	0.043329	0.000000	1	below-floor
cluster-0003	92	N0042120D0003	0.025778	0.042963	0.000000	1	below-floor
cluster-0003	93	N6833521D0227	0.025680	0.042800	0.000000	1	below-floor
cluster-0003	94	N6852023D0001	0.025660	0.042766	0.000000	1	below-floor
cluster-0003	95	N6134019D1010	0.025646	0.042743	0.000000	1	below-floor
cluster-0003	96	N0001920D0023	0.025511	0.042518	0.000000	1	below-floor
cluster-0003	97	N0042116D0002	0.024939	0.041566	0.000000	1	below-floor
cluster-0003	98	N0001920D0007	0.024930	0.041550	0.000000	1	below-floor
cluster-0003	99	N0001922D0040	0.024904	0.041506	0.000000	1	below-floor
cluster-0003	100	N0042119D0002	0.024875	0.041459	0.000000	1	below-floor
cluster-0003	101	N6893623D0014	0.024771	0.041285	0.000000	1	below-floor
cluster-0003	102	N0001917D0089	0.024445	0.040742	0.000000	1	below-floor
cluster-0003	103	N0042122D0001	0.024332	0.040553	0.000000	1	below-floor
cluster-0003	104	N6134020D0025	0.024218	0.040364	0.000000	1	below-floor
cluster-0003	105	N6893622D0028	0.023896	0.039826	0.000000	1	below-floor
cluster-0003	106	N0042120D0024	0.023723	0.039538	0.000000	1	below-floor
cluster-0003	107	N0042121D0002	0.023720	0.039533	0.000000	1	below-floor
cluster-0003	108	N6833521D0053	0.023215	0.038692	0.000000	1	below-floor
cluster-0003	109	N6893623D0023	0.023147	0.038578	0.000000	1	below-floor
cluster-0003	110	N0042115D0005	0.022949	0.038248	0.000000	1	below-floor
cluster-0003	111	N6893619D0027	0.022945	0.038241	0.000000	1	below-floor
cluster-0003	112	N0042121D0037	0.022582	0.037636	0.000000	1	below-floor
cluster-0003	113	NAWCAD-SCI-MAC	0.022361	0.037269	0.000000	1	below-floor
cluster-0003	114	N6134021D0015	0.022248	0.037081	0.000000	1	below-floor
cluster-0003	115	N0042119D0001	0.021948	0.036580	0.000000	1	below-floor
cluster-0003	116	N6893621D0007	0.021798	0.036330	0.000000	1	below-floor
cluster-0003	117	W15QKN15D0001	0.027285	0.045475	0.000000	3	below-floor
cluster-0003	118	NAVAIR-HQ-BOA	0.032390	0.053984	0.000000	5	below-floor
cluster-0003	119	N6833515G0022	0.031072	0.051786	0.000000	5	below-floor
cluster-0003	120	N0042124G0005	0.030410	0.050683	0.000000	5	below-floor
cluster-0003	121	N6833518G0014	0.024319	0.040532	0.000000	5	below-floor
cluster-0003	122	N6893622D0008	0.021767	0.036279	0.000000	1	below-floor
cluster-0003	123	N0042124D0071	0.021755	0.036258	0.000000	1	below-floor
cluster-0003	124	N6852021D0006	0.021672	0.036119	0.000000	1	below-floor
cluster-0003	125	N0042120D0015	0.021397	0.035661	0.000000	1	below-floor
cluster-0003	126	N0001922D0001	0.021276	0.035460	0.000000	1	below-floor
cluster-0003	127	N6893616D0018	0.020304	0.033841	0.000000	1	below-floor
cluster-0003	128	N0042120D0071	0.020274	0.033789	0.000000	1	below-floor
cluster-0003	129	N0042117D0045	0.019904	0.033174	0.000000	1	below-floor
cluster-0003	130	N6893624D0001	0.019869	0.033116	0.000000	1	below-floor
cluster-0003	131	N0001923D0010	0.019600	0.032667	0.000000	1	below-floor
cluster-0003	132	N0042120D0115	0.019499	0.032498	0.000000	1	below-floor
cluster-0003	133	N6893621D0017	0.019217	0.032028	0.000000	1	below-floor
cluster-0003	134	N6893619D0007	0.018922	0.031537	0.000000	1	below-floor
cluster-0003	135	NAWCAD-CYBER-IDIQ	0.018904	0.031507	0.000000	1	below-floor
cluster-0003	136	N6893621D0046	0.017955	0.029925	0.000000	1	below-floor
cluster-0003	137	N0042120D0006	0.017521	0.029202	0.000000	1	below-floor
cluster-0003	138	N0042119D0065	0.017437	0.029061	0.000000	1	below-floor
cluster-0003	139	N6893620D0024	0.017054	0.028424	0.000000	1	below-floor
cluster-0003	140	N0042116D0013	0.017047	0.028411	0.000000	1	below-floor
cluster-0003	141	N6134020D0024	0.016651	0.027751	0.000000	1	below-floor
cluster-0003	142	N6134024D0001	0.016488	0.027481	0.000000	1	below-floor
cluster-0003	143	N6833515D0026	0.016389	0.027315	0.000000	1	below-floor
cluster-0003	144	N0042121D0019	0.016300	0.027166	0.000000	1	below-floor
cluster-0003	145	N6893623D0046	0.016240	0.027067	0.000000	1	below-floor
cluster-0003	146	N0042120D0023	0.015847	0.026411	0.000000	1	below-floor
cluster-0003	147	N0001920D0004	0.015691	0.026151	0.000000	1	below-floor
cluster-0003	148	N6893621D0016	0.015657	0.026095	0.000000	1	below-floor
cluster-0003	149	N6893620D0001	0.015504	0.025841	0.000000	1	below-floor
cluster-0003	150	N0042118D0015	0.015370	0.025616	0.000000	1	below-floor
cluster-0003	151	N6893622D0038	0.015365	0.025609	0.000000	1	below-floor
cluster-0003	152	N6833522D0012	0.015185	0.025308	0.000000	1	below-floor
cluster-0003	153	N6833520D0022	0.015106	0.025177	0.000000	1	below-floor
cluster-0003	154	N0001920D0109	0.015042	0.025070	0.000000	1	below-floor
cluster-0003	155	N6134022D0006	0.014650	0.024416	0.000000	1	below-floor
cluster-0003	156	N6893623D0051	0.014650	0.024416	0.000000	1	below-floor
cluster-0003	157	N0042122D0103	0.014641	0.024402	0.000000	1	below-floor
cluster-0003	158	N0001919D0001	0.014520	0.024200	0.000000	1	below-floor
cluster-0003	159	N6893623D0019	0.014510	0.024183	0.000000	1	below-floor
cluster-0003	160	N6833521D0225	0.014484	0.024140	0.000000	1	below-floor
cluster-0003	161	N0001923D0018	0.014321	0.023868	0.000000	1	below-floor
cluster-0003	162	N6852021D0005	0.014276	0.023793	0.000000	1	below-floor
cluster-0003	163	N6893625D0011	0.014062	0.023437	0.000000	1	below-floor
cluster-0003	164	N6893621D0051	0.013951	0.023251	0.000000	1	below-floor
cluster-0003	165	N0042116D0005	0.013884	0.023140	0.000000	1	below-floor
cluster-0003	166	N6893621D0045	0.013815	0.023026	0.000000	1	below-floor
cluster-0003	167	N0001923D0015	0.013726	0.022877	0.000000	1	below-floor
cluster-0003	168	N0042122D0084	0.013563	0.022605	0.000000	1	below-floor
cluster-0003	169	N6893618D0006	0.013522	0.022536	0.000000	1	below-floor
cluster-0003	170	N0001922D0008	0.013170	0.021951	0.000000	1	below-floor
cluster-0003	171	N6893619D0001	0.012892	0.021487	0.000000	1	below-floor
cluster-0003	172	N0042119D0071	0.012700	0.021167	0.000000	1	below-floor
cluster-0003	173	N0042119D0024	0.012669	0.021114	0.000000	1	below-floor
cluster-0003	174	N0042117D0031	0.012491	0.020819	0.000000	1	below-floor
cluster-0003	175	N6893622D0041	0.012357	0.020594	0.000000	1	below-floor
cluster-0003	176	N6134023D0004	0.012351	0.020585	0.000000	1	below-floor
cluster-0003	177	N6893619D0048	0.012256	0.020426	0.000000	1	below-floor
cluster-0003	178	N0042119D0047	0.012172	0.020287	0.000000	1	below-floor
cluster-0003	179	N0042125D0301	0.012009	0.020016	0.000000	1	below-floor
cluster-0003	180	N6893623D0029	0.011831	0.019719	0.000000	1	below-floor
cluster-0003	181	N0042119D0023	0.011634	0.019390	0.000000	1	below-floor
cluster-0003	182	N6893622D0004	0.011578	0.019297	0.000000	1	below-floor
cluster-0003	183	N0001921D0050	0.011293	0.018822	0.000000	1	below-floor
cluster-0003	184	N0001925D0009	0.011250	0.018750	0.000000	1	below-floor
cluster-0003	185	N0001923D0014	0.011220	0.018700	0.000000	1	below-floor
cluster-0003	186	N6893623D0042	0.011174	0.018624	0.000000	1	below-floor
cluster-0003	187	N6833524D0010	0.011172	0.018620	0.000000	1	below-floor
cluster-0003	188	N6833521D0049	0.011156	0.018593	0.000000	1	below-floor
cluster-0003	189	N0042123D0011	0.010851	0.018085	0.000000	1	below-floor
cluster-0003	190	N0001919D0005	0.010803	0.018006	0.000000	1	below-floor
cluster-0003	191	N6833524D0020	0.010778	0.017964	0.000000	1	below-floor
cluster-0003	192	N0042119D0042	0.010736	0.017893	0.000000	1	below-floor
cluster-0003	193	N6833519D0135	0.010611	0.017685	0.000000	1	below-floor
cluster-0003	194	N6134021D0017	0.010560	0.017600	0.000000	1	below-floor
cluster-0003	195	N6134020D0008	0.010550	0.017583	0.000000	1	below-floor
cluster-0003	196	N6893618D0029	0.010503	0.017505	0.000000	1	below-floor
cluster-0003	197	N6893624D0006	0.010452	0.017419	0.000000	1	below-floor
cluster-0003	198	N6833521D0229	0.010388	0.017314	0.000000	1	below-floor
cluster-0003	199	N0001924D0110	0.010351	0.017252	0.000000	1	below-floor
cluster-0003	200	N6833521D0214	0.010320	0.017201	0.000000	1	below-floor
cluster-0003	201	N0001920D0051	0.010202	0.017003	0.000000	1	below-floor
cluster-0003	202	N0001925D0023	0.010147	0.016911	0.000000	1	below-floor
cluster-0003	203	N0042124D0022	0.010073	0.016788	0.000000	1	below-floor
cluster-0003	204	N6893622D0014	0.010020	0.016700	0.000000	1	below-floor
cluster-0003	205	N6134018D0002	0.009799	0.016331	0.000000	1	below-floor
cluster-0003	206	N6833521D0045	0.009762	0.016270	0.000000	1	below-floor
cluster-0003	207	N6893618D0014	0.009750	0.016249	0.000000	1	below-floor
cluster-0003	208	N0001925D0014	0.009736	0.016227	0.000000	1	below-floor
cluster-0003	209	N6134020D0021	0.009665	0.016108	0.000000	1	below-floor
cluster-0003	210	N0042124D0012	0.009440	0.015734	0.000000	1	below-floor
cluster-0003	211	N0042120D0117	0.009170	0.015284	0.000000	1	below-floor
cluster-0003	212	N0042117D0032	0.008778	0.014630	0.000000	1	below-floor
cluster-0003	213	N0001924D0114	0.008702	0.014504	0.000000	1	below-floor
cluster-0003	214	N6893624D0007	0.008682	0.014469	0.000000	1	below-floor
cluster-0003	215	N6833523D0046	0.008668	0.014447	0.000000	1	below-floor
cluster-0003	216	N6833525D0004	0.008584	0.014307	0.000000	1	below-floor
cluster-0003	217	N0001919D0012	0.008568	0.014281	0.000000	1	below-floor
cluster-0003	218	N0001919D0013	0.008568	0.014281	0.000000	1	below-floor
cluster-0003	219	N0042122D0099	0.008458	0.014097	0.000000	1	below-floor
cluster-0003	220	N6852023D0011	0.008377	0.013961	0.000000	1	below-floor
cluster-0003	221	N6134018D0004	0.008350	0.013917	0.000000	1	below-floor
cluster-0003	222	N0001922D0007	0.008199	0.013666	0.000000	1	below-floor
cluster-0003	223	N6893619D0020	0.008076	0.013461	0.000000	1	below-floor
cluster-0003	224	N6893622D0026	0.008044	0.013407	0.000000	1	below-floor
cluster-0003	225	N0001922D0006	0.008032	0.013386	0.000000	1	below-floor
cluster-0003	226	N6833517D0021	0.007897	0.013162	0.000000	1	below-floor
cluster-0003	227	N6852023D0111	0.007872	0.013120	0.000000	1	below-floor
cluster-0003	228	N0001922D0043	0.007808	0.013014	0.000000	1	below-floor
cluster-0003	229	N0042118D0059	0.007776	0.012960	0.000000	1	below-floor
cluster-0003	230	N6833523D0035	0.007611	0.012685	0.000000	1	below-floor
cluster-0003	231	N0042120D0108	0.007527	0.012545	0.000000	1	below-floor
cluster-0003	232	N6893618D0026	0.007502	0.012503	0.000000	1	below-floor
cluster-0003	233	N0042117D0027	0.007498	0.012496	0.000000	1	below-floor
cluster-0003	234	N6833525D0005	0.007343	0.012238	0.000000	1	below-floor
cluster-0003	235	N0042119D0076	0.007290	0.012149	0.000000	1	below-floor
cluster-0003	236	N0042118D0001	0.007278	0.012129	0.000000	1	below-floor
cluster-0003	237	N6833521D0064	0.007067	0.011779	0.000000	1	below-floor
cluster-0003	238	N0042124D0008	0.006727	0.011212	0.000000	1	below-floor
cluster-0003	239	N6833522D0017	0.006711	0.011185	0.000000	1	below-floor
cluster-0003	240	N6134022D0008	0.006601	0.011002	0.000000	1	below-floor
cluster-0003	241	N6833520D0935	0.006598	0.010997	0.000000	1	below-floor
cluster-0003	242	N6833525D0001	0.006549	0.010914	0.000000	1	below-floor
cluster-0003	243	N6833523D0017	0.006465	0.010775	0.000000	1	below-floor
cluster-0003	244	N6833522D0013	0.005849	0.009749	0.000000	1	below-floor
cluster-0003	245	N0042121D0035	0.005734	0.009557	0.000000	1	below-floor
cluster-0003	246	N0042121D0008	0.005651	0.009418	0.000000	1	below-floor
cluster-0003	247	N0001923D0011	0.005515	0.009192	0.000000	1	below-floor
cluster-0003	248	N0001918D0118	0.005427	0.009046	0.000000	1	below-floor
cluster-0003	249	N6893623D0045	0.005364	0.008940	0.000000	1	below-floor
cluster-0003	250	N6833525D0010	0.005293	0.008822	0.000000	1	below-floor
cluster-0003	251	N0001920D0016	0.005240	0.008733	0.000000	1	below-floor
cluster-0003	252	N0042119D0029	0.005224	0.008706	0.000000	1	below-floor
cluster-0003	253	N6893625D0001	0.005161	0.008601	0.000000	1	below-floor
cluster-0003	254	N6893622D0032	0.005005	0.008342	0.000000	1	below-floor
cluster-0003	255	N6134021D0013	0.005001	0.008335	0.000000	1	below-floor
cluster-0003	256	N6893623D0021	0.004995	0.008325	0.000000	1	below-floor
cluster-0003	257	N0001919D0021	0.004989	0.008316	0.000000	1	below-floor
cluster-0003	258	N6893622D0015	0.004947	0.008246	0.000000	1	below-floor
cluster-0003	259	N6852023D0012	0.004928	0.008213	0.000000	1	below-floor
cluster-0003	260	N0042123D0001	0.004855	0.008091	0.000000	1	below-floor
cluster-0003	261	N6134024D0006	0.004647	0.007744	0.000000	1	below-floor
cluster-0003	262	N0001922D0011	0.004488	0.007480	0.000000	1	below-floor
cluster-0003	263	N6833519D0082	0.004351	0.007252	0.000000	1	below-floor
cluster-0003	264	N6893618D0036	0.003985	0.006642	0.000000	1	below-floor
cluster-0003	265	N6134023D0008	0.003885	0.006475	0.000000	1	below-floor
cluster-0003	266	N0042123D0005	0.003872	0.006453	0.000000	1	below-floor
cluster-0003	267	N6893624D0008	0.003828	0.006381	0.000000	1	below-floor
cluster-0003	268	N6893623D0028	0.003775	0.006292	0.000000	1	below-floor
cluster-0003	269	N0001924D0119	0.003708	0.006181	0.000000	1	below-floor
cluster-0003	270	N6893621D0044	0.003665	0.006108	0.000000	1	below-floor
cluster-0003	271	N0042125D0302	0.003652	0.006086	0.000000	1	below-floor
cluster-0003	272	N0001923D0022	0.003599	0.005999	0.000000	1	below-floor
cluster-0003	273	N6134024D0013	0.003587	0.005979	0.000000	1	below-floor
cluster-0003	274	N6134023D0001	0.003434	0.005723	0.000000	1	below-floor
cluster-0003	275	N0001919D0032	0.003288	0.005480	0.000000	1	below-floor
cluster-0003	276	N0001924D0004	0.003271	0.005452	0.000000	1	below-floor
cluster-0003	277	N6134019D0003	0.003271	0.005452	0.000000	1	below-floor
cluster-0003	278	N6893624D0012	0.003227	0.005378	0.000000	1	below-floor
cluster-0003	279	N0001921D0010	0.003220	0.005367	0.000000	1	below-floor
cluster-0003	280	N6893624D0015	0.003172	0.005287	0.000000	1	below-floor
cluster-0003	281	N0042121D0034	0.003152	0.005254	0.000000	1	below-floor
cluster-0003	282	N6893621D0001	0.003123	0.005205	0.000000	1	below-floor
cluster-0003	283	N0001922D0038	0.003107	0.005179	0.000000	1	below-floor
cluster-0003	284	N0042124D0006	0.003102	0.005170	0.000000	1	below-floor
cluster-0003	285	N0001421D4002	0.003053	0.005088	0.000000	1	below-floor
cluster-0003	286	N0042121D0018	0.002966	0.004943	0.000000	1	below-floor
cluster-0003	287	N0042124D0020	0.002907	0.004845	0.000000	1	below-floor
cluster-0003	288	N6833520D0048	0.002808	0.004680	0.000000	1	below-floor
cluster-0003	289	N6134020D0011	0.002806	0.004676	0.000000	1	below-floor
cluster-0003	290	N6893619D0035	0.002724	0.004539	0.000000	1	below-floor
cluster-0003	291	N0024424D0005	0.002686	0.004476	0.000000	1	below-floor
cluster-0003	292	N6893624D0017	0.002671	0.004452	0.000000	1	below-floor
cluster-0003	293	N6134022D0004	0.002504	0.004173	0.000000	1	below-floor
cluster-0003	294	N6893619D0008	0.002305	0.003841	0.000000	1	below-floor
cluster-0003	295	N6893618D0015	0.002304	0.003839	0.000000	1	below-floor
cluster-0003	296	N6893618D0012	0.002299	0.003832	0.000000	1	below-floor
cluster-0003	297	N6134022D0002	0.002215	0.003691	0.000000	1	below-floor
cluster-0003	298	N0001923D0012	0.002081	0.003468	0.000000	1	below-floor
cluster-0003	299	N6833522D0008	0.001972	0.003287	0.000000	1	below-floor
cluster-0003	300	N6833524D0019	0.001897	0.003162	0.000000	1	below-floor
cluster-0003	301	N6893624D0013	0.001874	0.003123	0.000000	1	below-floor
cluster-0003	302	N0001920D0013	0.001793	0.002988	0.000000	1	below-floor
cluster-0003	303	N0001917D0004	0.001745	0.002908	0.000000	1	below-floor
cluster-0003	304	N6833524D0021	0.001588	0.002646	0.000000	1	below-floor
cluster-0003	305	N0042121D0033	0.001532	0.002554	0.000000	1	below-floor
cluster-0003	306	N6893622D0017	0.001496	0.002493	0.000000	1	below-floor
cluster-0003	307	N0001917D0009	0.000000	0.000000	0.000000	1	below-floor
cluster-0003	308	N0001917D0101	0.000000	0.000000	0.000000	1	below-floor
cluster-0003	309	N0001918D0001	0.000000	0.000000	0.000000	1	below-floor
cluster-0003	310	N0001919D0015	0.000000	0.000000	0.000000	1	below-floor
cluster-0003	311	N0001919D0023	0.000000	0.000000	0.000000	1	below-floor
cluster-0003	312	N0001919D0026	0.000000	0.000000	0.000000	1	below-floor
cluster-0003	313	N0001919D0027	0.000000	0.000000	0.000000	1	below-floor
cluster-0003	314	N0001920D0008	0.000000	0.000000	0.000000	1	below-floor
cluster-0003	315	N0001920D0024	0.000000	0.000000	0.000000	1	below-floor
cluster-0003	316	N0001920D0106	0.000000	0.000000	0.000000	1	below-floor
cluster-0003	317	N0001921D0011	0.000000	0.000000	0.000000	1	below-floor
cluster-0003	318	N0001921D0015	0.000000	0.000000	0.000000	1	below-floor
cluster-0003	319	N0001922D0022	0.000000	0.000000	0.000000	1	below-floor
cluster-0003	320	N0001923D0008	0.000000	0.000000	0.000000	1	below-floor
cluster-0003	321	N0001923D0009	0.000000	0.000000	0.000000	1	below-floor
cluster-0003	322	N0001924D0106	0.000000	0.000000	0.000000	1	below-floor
cluster-0003	323	N0024424D0010	0.000000	0.000000	0.000000	1	below-floor
cluster-0003	324	N0038324DBK01	0.000000	0.000000	0.000000	1	below-floor
cluster-0003	325	N0042117D0015	0.000000	0.000000	0.000000	1	below-floor
cluster-0003	326	N0042117D0052	0.000000	0.000000	0.000000	1	below-floor
cluster-0003	327	N0042118D0007	0.000000	0.000000	0.000000	1	below-floor
cluster-0003	328	N0042118D0030	0.000000	0.000000	0.000000	1	below-floor
cluster-0003	329	N0042118D0062	0.000000	0.000000	0.000000	1	below-floor
cluster-0003	330	N0042119D0028	0.000000	0.000000	0.000000	1	below-floor
cluster-0003	331	N0042119D0058	0.000000	0.000000	0.000000	1	below-floor
cluster-0003	332	N0042119D0060	0.000000	0.000000	0.000000	1	below-floor
cluster-0003	333	N0042120D0109	0.000000	0.000000	0.000000	1	below-floor
cluster-0003	334	N0042121D0023	0.000000	0.000000	0.000000	1	below-floor
cluster-0003	335	N0042122D0002	0.000000	0.000000	0.000000	1	below-floor
cluster-0003	336	N0042122D0003	0.000000	0.000000	0.000000	1	below-floor
cluster-0003	337	N0042122D0005	0.000000	0.000000	0.000000	1	below-floor
cluster-0003	338	N0042122D0096	0.000000	0.000000	0.000000	1	below-floor
cluster-0003	339	N0042123D0019	0.000000	0.000000	0.000000	1	below-floor
cluster-0003	340	N6134015D0003	0.000000	0.000000	0.000000	1	below-floor
cluster-0003	341	N6134018D0009	0.000000	0.000000	0.000000	1	below-floor
cluster-0003	342	N6134019D0906	0.000000	0.000000	0.000000	1	below-floor
cluster-0003	343	N6134020D0002	0.000000	0.000000	0.000000	1	below-floor
cluster-0003	344	N6134020D0004	0.000000	0.000000	0.000000	1	below-floor
cluster-0003	345	N6134020D0015	0.000000	0.000000	0.000000	1	below-floor
cluster-0003	346	N6134020D0020	0.000000	0.000000	0.000000	1	below-floor
cluster-0003	347	N6134023D0003	0.000000	0.000000	0.000000	1	below-floor
cluster-0003	348	N6134025D0005	0.000000	0.000000	0.000000	1	below-floor
cluster-0003	349	N6134025D0006	0.000000	0.000000	0.000000	1	below-floor
cluster-0003	350	N6833520D0032	0.000000	0.000000	0.000000	1	below-floor
cluster-0003	351	N6833521D0048	0.000000	0.000000	0.000000	1	below-floor
cluster-0003	352	N6833522D0004	0.000000	0.000000	0.000000	1	below-floor
cluster-0003	353	N6833522D0022	0.000000	0.000000	0.000000	1	below-floor
cluster-0003	354	N6833522D0037	0.000000	0.000000	0.000000	1	below-floor
cluster-0003	355	N6833522D0039	0.000000	0.000000	0.000000	1	below-floor
cluster-0003	356	N6833523D0001	0.000000	0.000000	0.000000	1	below-floor
cluster-0003	357	N6833523D0010	0.000000	0.000000	0.000000	1	below-floor
cluster-0003	358	N6833523D0025	0.000000	0.000000	0.000000	1	below-floor
cluster-0003	359	N6833523D0029	0.000000	0.000000	0.000000	1	below-floor
cluster-0003	360	N6833524D0002	0.000000	0.000000	0.000000	1	below-floor
cluster-0003	361	N6833524D0003	0.000000	0.000000	0.000000	1	below-floor
cluster-0003	362	N6833524D0009	0.000000	0.000000	0.000000	1	below-floor
cluster-0003	363	N6833524D0018	0.000000	0.000000	0.000000	1	below-floor
cluster-0003	364	N6833524D0023	0.000000	0.000000	0.000000	1	below-floor
cluster-0003	365	N6852021D0004	0.000000	0.000000	0.000000	1	below-floor
cluster-0003	366	N6852022D0003	0.000000	0.000000	0.000000	1	below-floor
cluster-0003	367	N6852023D0014	0.000000	0.000000	0.000000	1	below-floor
cluster-0003	368	N6893614D0008	0.000000	0.000000	0.000000	1	below-floor
cluster-0003	369	N6893615D0015	0.000000	0.000000	0.000000	1	below-floor
cluster-0003	370	N6893616D0016	0.000000	0.000000	0.000000	1	below-floor
cluster-0003	371	N6893617D0010	0.000000	0.000000	0.000000	1	below-floor
cluster-0003	372	N6893619D0017	0.000000	0.000000	0.000000	1	below-floor
cluster-0003	373	N6893620D0018	0.000000	0.000000	0.000000	1	below-floor
cluster-0003	374	N6893621D0009	0.000000	0.000000	0.000000	1	below-floor
cluster-0003	375	N6893621D0010	0.000000	0.000000	0.000000	1	below-floor
cluster-0003	376	N6893621D0024	0.000000	0.000000	0.000000	1	below-floor
cluster-0003	377	N6893621D0026	0.000000	0.000000	0.000000	1	below-floor
cluster-0003	378	N6893621D0043	0.000000	0.000000	0.000000	1	below-floor
cluster-0003	379	N6893622D0007	0.000000	0.000000	0.000000	1	below-floor
cluster-0003	380	N6893622D0011	0.000000	0.000000	0.000000	1	below-floor
cluster-0003	381	N6893622D0018	0.000000	0.000000	0.000000	1	below-floor
cluster-0003	382	N6893622D0021	0.000000	0.000000	0.000000	1	below-floor
cluster-0003	383	N6893622D0025	0.000000	0.000000	0.000000	1	below-floor
cluster-0003	384	N6893622D0027	0.000000	0.000000	0.000000	1	below-floor
cluster-0003	385	N6893622D0034	0.000000	0.000000	0.000000	1	below-floor
cluster-0003	386	N6893622D0036	0.000000	0.000000	0.000000	1	below-floor
cluster-0003	387	N6893623D0018	0.000000	0.000000	0.000000	1	below-floor
cluster-0003	388	N6893623D0025	0.000000	0.000000	0.000000	1	below-floor
cluster-0003	389	N6893623D0026	0.000000	0.000000	0.000000	1	below-floor
cluster-0003	390	N6893623D0036	0.000000	0.000000	0.000000	1	below-floor
cluster-0003	391	N6893623D0037	0.000000	0.000000	0.000000	1	below-floor
cluster-0003	392	N6893623D0039	0.000000	0.000000	0.000000	1	below-floor
cluster-0003	393	N6893623D0041	0.000000	0.000000	0.000000	1	below-floor
cluster-0003	394	N6893623D0054	0.000000	0.000000	0.000000	1	below-floor
cluster-0003	395	N6893624D0002	0.000000	0.000000	0.000000	1	below-floor
cluster-0003	396	N6893624D0020	0.000000	0.000000	0.000000	1	below-floor
cluster-0003	397	N6893624D0022	0.000000	0.000000	0.000000	1	below-floor
cluster-0003	398	N6893624D0023	0.000000	0.000000	0.000000	1	below-floor
cluster-0003	399	N6893624D0025	0.000000	0.000000	0.000000	1	below-floor
cluster-0003	400	N6893625D0008	0.000000	0.000000	0.000000	1	below-floor
cluster-0003	401	N0042124A0003	0.020270	0.033784	0.000000	2	below-floor
cluster-0003	402	GSA-MAS	0.019713	0.032854	0.000000	2	below-floor
cluster-0003	403	N0042124A0004	0.010582	0.017637	0.000000	2	below-floor
cluster-0003	404	N6833523A0029	0.006018	0.010030	0.000000	2	below-floor
cluster-0003	405	N6852024A0004	0.002952	0.004920	0.000000	2	below-floor
cluster-0003	406	DON-ESL-BPA	0.002885	0.004808	0.000000	2	below-floor
cluster-0003	407	N0042124A0005	0.000000	0.000000	0.000000	2	below-floor
cluster-0003	408	N6833522A0017	0.000000	0.000000	0.000000	2	below-floor
cluster-0003	409	N6833522A0027	0.000000	0.000000	0.000000	2	below-floor
cluster-0003	410	N6833522A0029	0.000000	0.000000	0.000000	2	below-floor
cluster-0003	411	N6833522A0032	0.000000	0.000000	0.000000	2	below-floor
cluster-0003	412	N6833522A0035	0.000000	0.000000	0.000000	2	below-floor
cluster-0003	413	N6833523A0016	0.000000	0.000000	0.000000	2	below-floor
cluster-0003	414	N6833523A0018	0.000000	0.000000	0.000000	2	below-floor
cluster-0003	415	N6833523A0020	0.000000	0.000000	0.000000	2	below-floor
cluster-0003	416	N6833523A0021	0.000000	0.000000	0.000000	2	below-floor
cluster-0003	417	N6833523A0025	0.000000	0.000000	0.000000	2	below-floor
cluster-0003	418	N6833523A0027	0.000000	0.000000	0.000000	2	below-floor
cluster-0003	419	N6833523A0028	0.000000	0.000000	0.000000	2	below-floor
cluster-0003	420	N6833523A0030	0.000000	0.000000	0.000000	2	below-floor
cluster-0003	421	N6833523A0038	0.000000	0.000000	0.000000	2	below-floor
cluster-0003	422	N6833523A0040	0.000000	0.000000	0.000000	2	below-floor
cluster-0003	423	N6833523A0041	0.000000	0.000000	0.000000	2	below-floor
cluster-0003	424	N6833523A0043	0.000000	0.000000	0.000000	2	below-floor
cluster-0003	425	N6833523A0049	0.000000	0.000000	0.000000	2	below-floor
cluster-0003	426	N6833523A0051	0.000000	0.000000	0.000000	2	below-floor
cluster-0003	427	N6833523A0059	0.000000	0.000000	0.000000	2	below-floor
cluster-0003	428	N6833523A0062	0.000000	0.000000	0.000000	2	below-floor
cluster-0003	429	N6833523A0120	0.000000	0.000000	0.000000	2	below-floor
cluster-0003	430	N6833523A0134	0.000000	0.000000	0.000000	2	below-floor
cluster-0003	431	N6833523A0151	0.000000	0.000000	0.000000	2	below-floor
cluster-0003	432	N6833523A0153	0.000000	0.000000	0.000000	2	below-floor
cluster-0003	433	N6833523A0167	0.000000	0.000000	0.000000	2	below-floor
cluster-0003	434	N6833523A0194	0.000000	0.000000	0.000000	2	below-floor
cluster-0003	435	N6833524A0002	0.000000	0.000000	0.000000	2	below-floor
cluster-0003	436	N6833524A0007	0.000000	0.000000	0.000000	2	below-floor
cluster-0003	437	N6833524A0016	0.000000	0.000000	0.000000	2	below-floor
cluster-0003	438	N6833524A0026	0.000000	0.000000	0.000000	2	below-floor
cluster-0003	439	N6833524A0032	0.000000	0.000000	0.000000	2	below-floor
cluster-0003	440	N6833524A0033	0.000000	0.000000	0.000000	2	below-floor
cluster-0003	441	N6833524A0040	0.000000	0.000000	0.000000	2	below-floor
cluster-0003	442	N6833525A0007	0.000000	0.000000	0.000000	2	below-floor
cluster-0003	443	N6833525A0008	0.000000	0.000000	0.000000	2	below-floor
cluster-0003	444	N6833525A0038	0.000000	0.000000	0.000000	2	below-floor
cluster-0003	445	N6883621A0003	0.000000	0.000000	0.000000	2	below-floor
cluster-0003	446	NASA-SEWP	0.017009	0.028348	0.000000	3	below-floor
cluster-0003	447	GSA-OASIS-PLUS	0.015821	0.026369	0.000000	3	below-floor
cluster-0003	448	FA860423DB001	0.005366	0.008944	0.000000	3	below-floor
cluster-0003	449	FA857619D0001	0.002359	0.003932	0.000000	3	below-floor
cluster-0003	450	N6833519G0013	0.019161	0.031935	0.000000	5	below-floor
cluster-0003	451	N0042117G0003	0.019003	0.031672	0.000000	5	below-floor
cluster-0003	452	N6833522G0010	0.018442	0.030736	0.000000	5	below-floor
cluster-0003	453	N0042123G0001	0.015628	0.026046	0.000000	5	below-floor
cluster-0003	454	N0042121G0005	0.014248	0.023747	0.000000	5	below-floor
cluster-0003	455	N6833522G0036	0.013652	0.022753	0.000000	5	below-floor
cluster-0003	456	N6833520G1048	0.012820	0.021366	0.000000	5	below-floor
cluster-0003	457	N6833520G3036	0.012647	0.021079	0.000000	5	below-floor
cluster-0003	458	N6833523G0001	0.011457	0.019096	0.000000	5	below-floor
cluster-0003	459	N6833522G0029	0.010372	0.017287	0.000000	5	below-floor
cluster-0003	460	N6833524G0021	0.008734	0.014557	0.000000	5	below-floor
cluster-0003	461	N6134019G0002	0.007259	0.012099	0.000000	5	below-floor
cluster-0003	462	SPE4A123G0002	0.006981	0.011636	0.000000	5	below-floor
cluster-0003	463	N6833524G0007	0.006958	0.011597	0.000000	5	below-floor
cluster-0003	464	N0042123G0005	0.006075	0.010125	0.000000	5	below-floor
cluster-0003	465	N6833521G0020	0.004859	0.008098	0.000000	5	below-floor
cluster-0003	466	N6833524G0009	0.003727	0.006211	0.000000	5	below-floor
cluster-0003	467	N6833521G0021	0.003098	0.005163	0.000000	5	below-floor
cluster-0003	468	N6833523G0004	0.002426	0.004043	0.000000	5	below-floor
cluster-0003	469	N6833520G0002	0.001958	0.003264	0.000000	5	below-floor
cluster-0003	470	N0042119G0001	0.000000	0.000000	0.000000	5	below-floor
cluster-0003	471	N0042119G0004	0.000000	0.000000	0.000000	5	below-floor
cluster-0003	472	N0042121G0004	0.000000	0.000000	0.000000	5	below-floor
cluster-0003	473	N0042122G0101	0.000000	0.000000	0.000000	5	below-floor
cluster-0003	474	N0042123G0002	0.000000	0.000000	0.000000	5	below-floor
cluster-0003	475	N0042123G0004	0.000000	0.000000	0.000000	5	below-floor
cluster-0003	476	N0042124G0001	0.000000	0.000000	0.000000	5	below-floor
cluster-0003	477	N0042125G0003	0.000000	0.000000	0.000000	5	below-floor
cluster-0003	478	N6833519G0041	0.000000	0.000000	0.000000	5	below-floor
cluster-0003	479	N6833519G0050	0.000000	0.000000	0.000000	5	below-floor
cluster-0003	480	N6833519G0059	0.000000	0.000000	0.000000	5	below-floor
cluster-0003	481	N6833522G0035	0.000000	0.000000	0.000000	5	below-floor
cluster-0003	482	N6833522G0041	0.000000	0.000000	0.000000	5	below-floor
cluster-0003	483	N6833524G0028	0.000000	0.000000	0.000000	5	below-floor
cluster-0003	484	N6833524G0038	0.000000	0.000000	0.000000	5	below-floor
cluster-0004	1	N6852023D0001	0.060487	0.022939	0.116809	1	candidate
cluster-0004	2	N6852023D0111	0.046644	0.003666	0.111111	1	below-floor
cluster-0004	3	SEAPORT-NXG	0.044013	0.058160	0.022792	1	below-floor
cluster-0004	4	N6852021D0002	0.040368	0.034991	0.048433	1	below-floor
cluster-0004	5	NAWCTSD-PACRM	0.039428	0.063815	0.002849	1	below-floor
cluster-0004	6	NAWCTSD-FTSS-V	0.036007	0.060012	0.000000	1	below-floor
cluster-0004	7	N0042120D0028	0.035523	0.026916	0.048433	1	below-floor
cluster-0004	8	N6134019D1006	0.031858	0.051198	0.002849	1	below-floor
cluster-0004	9	NAWCTSD-TSC-IV	0.027481	0.045801	0.000000	1	below-floor
cluster-0004	10	N6893620D0007	0.026850	0.025757	0.028490	1	below-floor
cluster-0004	11	N6852023D0012	0.026409	0.004130	0.059829	1	below-floor
cluster-0004	12	N6852021D0006	0.024645	0.031578	0.014245	1	below-floor
cluster-0004	13	NAWCAD-SCI-MAC	0.020178	0.033631	0.000000	1	below-floor
cluster-0004	14	N6852020D0012	0.020154	0.027893	0.008547	1	below-floor
cluster-0004	15	N0001421D4002	0.019694	0.030924	0.002849	1	below-floor
cluster-0004	16	N6852025D0001	0.014331	0.016287	0.011396	1	below-floor
cluster-0004	17	N6852021D0004	0.013675	0.000000	0.034188	1	below-floor
cluster-0004	18	GSA-MAS	0.048079	0.023151	0.085470	2	below-floor
cluster-0004	19	DON-ESL-BPA	0.041922	0.029984	0.059829	2	below-floor
cluster-0004	20	N6852024A0004	0.018645	0.017780	0.019943	2	below-floor
cluster-0004	21	NASA-SEWP	0.051788	0.069219	0.025641	3	candidate
cluster-0004	22	NAVAIR-HQ-BOA	0.034728	0.055980	0.002849	5	below-floor
cluster-0004	23	N6852023D0013	0.010250	0.007587	0.014245	1	below-floor
cluster-0004	24	N6852021D0005	0.009673	0.000926	0.022792	1	below-floor
cluster-0004	25	N0042120D0015	0.006290	0.008585	0.002849	1	below-floor
cluster-0004	26	N6852023D0011	0.005746	0.001979	0.011396	1	below-floor
cluster-0004	27	N6134017D0002	0.005698	0.000000	0.014245	1	below-floor
cluster-0004	28	N6852022D0003	0.005698	0.000000	0.014245	1	below-floor
cluster-0004	29	NAWCAD-CYBER-IDIQ	0.005331	0.008885	0.000000	1	below-floor
cluster-0004	30	N6134021D0017	0.004769	0.002251	0.008547	1	below-floor
cluster-0004	31	N6852023D0014	0.003934	0.000858	0.008547	1	below-floor
cluster-0004	32	N0024424D0010	0.003419	0.000000	0.008547	1	below-floor
cluster-0004	33	N6833519D0082	0.003419	0.000000	0.008547	1	below-floor
cluster-0004	34	N6883621A0003	0.003419	0.000000	0.008547	2	below-floor
cluster-0004	35	GSA-OASIS-PLUS	0.010054	0.016757	0.000000	3	below-floor
cluster-0004	36	FA860423DB001	0.003419	0.000000	0.008547	3	below-floor
cluster-0004	0	FA857619D0001	0.000000	0.000000	0.000000	0	eliminated:OFFICE-NOT-AMONG-OBSERVED-ORDERING-ACTIVITIES
cluster-0004	0	N0001917D0004	0.000000	0.000000	0.000000	0	eliminated:OFFICE-NOT-AMONG-OBSERVED-ORDERING-ACTIVITIES
cluster-0004	0	N0001917D0009	0.000000	0.000000	0.000000	0	eliminated:OFFICE-NOT-AMONG-OBSERVED-ORDERING-ACTIVITIES
cluster-0004	0	N0001917D0089	0.000000	0.000000	0.000000	0	eliminated:OFFICE-NOT-AMONG-OBSERVED-ORDERING-ACTIVITIES
cluster-0004	0	N0001917D0101	0.000000	0.000000	0.000000	0	eliminated:OFFICE-NOT-AMONG-OBSERVED-ORDERING-ACTIVITIES
cluster-0004	0	N0001918D0001	0.000000	0.000000	0.000000	0	eliminated:OFFICE-NOT-AMONG-OBSERVED-ORDERING-ACTIVITIES
cluster-0004	0	N0001918D0103	0.000000	0.000000	0.000000	0	eliminated:OFFICE-NOT-AMONG-OBSERVED-ORDERING-ACTIVITIES
cluster-0004	0	N0001918D0110	0.000000	0.000000	0.000000	0	eliminated:OFFICE-NOT-AMONG-OBSERVED-ORDERING-ACTIVITIES
cluster-0004	0	N0001918D0111	0.000000	0.000000	0.000000	0	eliminated:OFFICE-NOT-AMONG-OBSERVED-ORDERING-ACTIVITIES
cluster-0004	0	N0001918D0118	0.000000	0.000000	0.000000	0	eliminated:OFFICE-NOT-AMONG-OBSERVED-ORDERING-ACTIVITIES
cluster-0004	0	N0001918D0123	0.000000	0.000000	0.000000	0	eliminated:OFFICE-NOT-AMONG-OBSERVED-ORDERING-ACTIVITIES
cluster-0004	0	N0001919D0001	0.000000	0.000000	0.000000	0	eliminated:OFFICE-NOT-AMONG-OBSERVED-ORDERING-ACTIVITIES
cluster-0004	0	N0001919D0005	0.000000	0.000000	0.000000	0	eliminated:OFFICE-NOT-AMONG-OBSERVED-ORDERING-ACTIVITIES
cluster-0004	0	N0001919D0012	0.000000	0.000000	0.000000	0	eliminated:OFFICE-NOT-AMONG-OBSERVED-ORDERING-ACTIVITIES
cluster-0004	0	N0001919D0013	0.000000	0.000000	0.000000	0	eliminated:OFFICE-NOT-AMONG-OBSERVED-ORDERING-ACTIVITIES
cluster-0004	0	N0001919D0015	0.000000	0.000000	0.000000	0	eliminated:OFFICE-NOT-AMONG-OBSERVED-ORDERING-ACTIVITIES
cluster-0004	0	N0001919D0021	0.000000	0.000000	0.000000	0	eliminated:OFFICE-NOT-AMONG-OBSERVED-ORDERING-ACTIVITIES
cluster-0004	0	N0001919D0023	0.000000	0.000000	0.000000	0	eliminated:OFFICE-NOT-AMONG-OBSERVED-ORDERING-ACTIVITIES
cluster-0004	0	N0001919D0026	0.000000	0.000000	0.000000	0	eliminated:OFFICE-NOT-AMONG-OBSERVED-ORDERING-ACTIVITIES
cluster-0004	0	N0001919D0027	0.000000	0.000000	0.000000	0	eliminated:OFFICE-NOT-AMONG-OBSERVED-ORDERING-ACTIVITIES
cluster-0004	0	N0001919D0032	0.000000	0.000000	0.000000	0	eliminated:OFFICE-NOT-AMONG-OBSERVED-ORDERING-ACTIVITIES
cluster-0004	0	N0001920D0001	0.000000	0.000000	0.000000	0	eliminated:OFFICE-NOT-AMONG-OBSERVED-ORDERING-ACTIVITIES
cluster-0004	0	N0001920D0004	0.000000	0.000000	0.000000	0	eliminated:OFFICE-NOT-AMONG-OBSERVED-ORDERING-ACTIVITIES
cluster-0004	0	N0001920D0007	0.000000	0.000000	0.000000	0	eliminated:OFFICE-NOT-AMONG-OBSERVED-ORDERING-ACTIVITIES
cluster-0004	0	N0001920D0008	0.000000	0.000000	0.000000	0	eliminated:OFFICE-NOT-AMONG-OBSERVED-ORDERING-ACTIVITIES
cluster-0004	0	N0001920D0013	0.000000	0.000000	0.000000	0	eliminated:OFFICE-NOT-AMONG-OBSERVED-ORDERING-ACTIVITIES
cluster-0004	0	N0001920D0016	0.000000	0.000000	0.000000	0	eliminated:OFFICE-NOT-AMONG-OBSERVED-ORDERING-ACTIVITIES
cluster-0004	0	N0001920D0017	0.000000	0.000000	0.000000	0	eliminated:OFFICE-NOT-AMONG-OBSERVED-ORDERING-ACTIVITIES
cluster-0004	0	N0001920D0023	0.000000	0.000000	0.000000	0	eliminated:OFFICE-NOT-AMONG-OBSERVED-ORDERING-ACTIVITIES
cluster-0004	0	N0001920D0024	0.000000	0.000000	0.000000	0	eliminated:OFFICE-NOT-AMONG-OBSERVED-ORDERING-ACTIVITIES
cluster-0004	0	N0001920D0051	0.000000	0.000000	0.000000	0	eliminated:OFFICE-NOT-AMONG-OBSERVED-ORDERING-ACTIVITIES
cluster-0004	0	N0001920D0106	0.000000	0.000000	0.000000	0	eliminated:OFFICE-NOT-AMONG-OBSERVED-ORDERING-ACTIVITIES
cluster-0004	0	N0001920D0109	0.000000	0.000000	0.000000	0	eliminated:OFFICE-NOT-AMONG-OBSERVED-ORDERING-ACTIVITIES
cluster-0004	0	N0001921D0001	0.000000	0.000000	0.000000	0	eliminated:OFFICE-NOT-AMONG-OBSERVED-ORDERING-ACTIVITIES
cluster-0004	0	N0001921D0004	0.000000	0.000000	0.000000	0	eliminated:OFFICE-NOT-AMONG-OBSERVED-ORDERING-ACTIVITIES
cluster-0004	0	N0001921D0010	0.000000	0.000000	0.000000	0	eliminated:OFFICE-NOT-AMONG-OBSERVED-ORDERING-ACTIVITIES
cluster-0004	0	N0001921D0011	0.000000	0.000000	0.000000	0	eliminated:OFFICE-NOT-AMONG-OBSERVED-ORDERING-ACTIVITIES
cluster-0004	0	N0001921D0015	0.000000	0.000000	0.000000	0	eliminated:OFFICE-NOT-AMONG-OBSERVED-ORDERING-ACTIVITIES
cluster-0004	0	N0001921D0050	0.000000	0.000000	0.000000	0	eliminated:OFFICE-NOT-AMONG-OBSERVED-ORDERING-ACTIVITIES
cluster-0004	0	N0001922D0001	0.000000	0.000000	0.000000	0	eliminated:OFFICE-NOT-AMONG-OBSERVED-ORDERING-ACTIVITIES
cluster-0004	0	N0001922D0003	0.000000	0.000000	0.000000	0	eliminated:OFFICE-NOT-AMONG-OBSERVED-ORDERING-ACTIVITIES
cluster-0004	0	N0001922D0004	0.000000	0.000000	0.000000	0	eliminated:OFFICE-NOT-AMONG-OBSERVED-ORDERING-ACTIVITIES
cluster-0004	0	N0001922D0006	0.000000	0.000000	0.000000	0	eliminated:OFFICE-NOT-AMONG-OBSERVED-ORDERING-ACTIVITIES
cluster-0004	0	N0001922D0007	0.000000	0.000000	0.000000	0	eliminated:OFFICE-NOT-AMONG-OBSERVED-ORDERING-ACTIVITIES
cluster-0004	0	N0001922D0008	0.000000	0.000000	0.000000	0	eliminated:OFFICE-NOT-AMONG-OBSERVED-ORDERING-ACTIVITIES
cluster-0004	0	N0001922D0009	0.000000	0.000000	0.000000	0	eliminated:OFFICE-NOT-AMONG-OBSERVED-ORDERING-ACTIVITIES
cluster-0004	0	N0001922D0011	0.000000	0.000000	0.000000	0	eliminated:OFFICE-NOT-AMONG-OBSERVED-ORDERING-ACTIVITIES
cluster-0004	0	N0001922D0013	0.000000	0.000000	0.000000	0	eliminated:OFFICE-NOT-AMONG-OBSERVED-ORDERING-ACTIVITIES
cluster-0004	0	N0001922D0022	0.000000	0.000000	0.000000	0	eliminated:OFFICE-NOT-AMONG-OBSERVED-ORDERING-ACTIVITIES
cluster-0004	0	N0001922D0038	0.000000	0.000000	0.000000	0	eliminated:OFFICE-NOT-AMONG-OBSERVED-ORDERING-ACTIVITIES
cluster-0004	0	N0001922D0040	0.000000	0.000000	0.000000	0	eliminated:OFFICE-NOT-AMONG-OBSERVED-ORDERING-ACTIVITIES
cluster-0004	0	N0001922D0042	0.000000	0.000000	0.000000	0	eliminated:OFFICE-NOT-AMONG-OBSERVED-ORDERING-ACTIVITIES
cluster-0004	0	N0001922D0043	0.000000	0.000000	0.000000	0	eliminated:OFFICE-NOT-AMONG-OBSERVED-ORDERING-ACTIVITIES
cluster-0004	0	N0001923D0001	0.000000	0.000000	0.000000	0	eliminated:OFFICE-NOT-AMONG-OBSERVED-ORDERING-ACTIVITIES
cluster-0004	0	N0001923D0008	0.000000	0.000000	0.000000	0	eliminated:OFFICE-NOT-AMONG-OBSERVED-ORDERING-ACTIVITIES
cluster-0004	0	N0001923D0009	0.000000	0.000000	0.000000	0	eliminated:OFFICE-NOT-AMONG-OBSERVED-ORDERING-ACTIVITIES
cluster-0004	0	N0001923D0010	0.000000	0.000000	0.000000	0	eliminated:OFFICE-NOT-AMONG-OBSERVED-ORDERING-ACTIVITIES
cluster-0004	0	N0001923D0011	0.000000	0.000000	0.000000	0	eliminated:OFFICE-NOT-AMONG-OBSERVED-ORDERING-ACTIVITIES
cluster-0004	0	N0001923D0012	0.000000	0.000000	0.000000	0	eliminated:OFFICE-NOT-AMONG-OBSERVED-ORDERING-ACTIVITIES
cluster-0004	0	N0001923D0013	0.000000	0.000000	0.000000	0	eliminated:OFFICE-NOT-AMONG-OBSERVED-ORDERING-ACTIVITIES
cluster-0004	0	N0001923D0014	0.000000	0.000000	0.000000	0	eliminated:OFFICE-NOT-AMONG-OBSERVED-ORDERING-ACTIVITIES
cluster-0004	0	N0001923D0015	0.000000	0.000000	0.000000	0	eliminated:OFFICE-NOT-AMONG-OBSERVED-ORDERING-ACTIVITIES
cluster-0004	0	N0001923D0018	0.000000	0.000000	0.000000	0	eliminated:OFFICE-NOT-AMONG-OBSERVED-ORDERING-ACTIVITIES
cluster-0004	0	N0001923D0022	0.000000	0.000000	0.000000	0	eliminated:OFFICE-NOT-AMONG-OBSERVED-ORDERING-ACTIVITIES
cluster-0004	0	N0001924D0004	0.000000	0.000000	0.000000	0	eliminated:OFFICE-NOT-AMONG-OBSERVED-ORDERING-ACTIVITIES
cluster-0004	0	N0001924D0008	0.000000	0.000000	0.000000	0	eliminated:OFFICE-NOT-AMONG-OBSERVED-ORDERING-ACTIVITIES
cluster-0004	0	N0001924D0106	0.000000	0.000000	0.000000	0	eliminated:OFFICE-NOT-AMONG-OBSERVED-ORDERING-ACTIVITIES
cluster-0004	0	N0001924D0110	0.000000	0.000000	0.000000	0	eliminated:OFFICE-NOT-AMONG-OBSERVED-ORDERING-ACTIVITIES
cluster-0004	0	N0001924D0114	0.000000	0.000000	0.000000	0	eliminated:OFFICE-NOT-AMONG-OBSERVED-ORDERING-ACTIVITIES
cluster-0004	0	N0001924D0119	0.000000	0.000000	0.000000	0	eliminated:OFFICE-NOT-AMONG-OBSERVED-ORDERING-ACTIVITIES
cluster-0004	0	N0001924D0126	0.000000	0.000000	0.000000	0	eliminated:OFFICE-NOT-AMONG-OBSERVED-ORDERING-ACTIVITIES
cluster-0004	0	N0001925D0009	0.000000	0.000000	0.000000	0	eliminated:OFFICE-NOT-AMONG-OBSERVED-ORDERING-ACTIVITIES
cluster-0004	0	N0001925D0012	0.000000	0.000000	0.000000	0	eliminated:OFFICE-NOT-AMONG-OBSERVED-ORDERING-ACTIVITIES
cluster-0004	0	N0001925D0014	0.000000	0.000000	0.000000	0	eliminated:OFFICE-NOT-AMONG-OBSERVED-ORDERING-ACTIVITIES
cluster-0004	0	N0001925D0016	0.000000	0.000000	0.000000	0	eliminated:OFFICE-NOT-AMONG-OBSERVED-ORDERING-ACTIVITIES
cluster-0004	0	N0001925D0023	0.000000	0.000000	0.000000	0	eliminated:OFFICE-NOT-AMONG-OBSERVED-ORDERING-ACTIVITIES
cluster-0004	0	N0024424D0005	0.000000	0.000000	0.000000	0	eliminated:OFFICE-NOT-AMONG-OBSERVED-ORDERING-ACTIVITIES
cluster-0004	0	N0038324DBK01	0.000000	0.000000	0.000000	0	eliminated:OFFICE-NOT-AMONG-OBSERVED-ORDERING-ACTIVITIES
cluster-0004	0	N0042115D0005	0.000000	0.000000	0.000000	0	eliminated:OFFICE-NOT-AMONG-OBSERVED-ORDERING-ACTIVITIES
cluster-0004	0	N0042116D0002	0.000000	0.000000	0.000000	0	eliminated:OFFICE-NOT-AMONG-OBSERVED-ORDERING-ACTIVITIES
cluster-0004	0	N0042116D0005	0.000000	0.000000	0.000000	0	eliminated:OFFICE-NOT-AMONG-OBSERVED-ORDERING-ACTIVITIES
cluster-0004	0	N0042116D0013	0.000000	0.000000	0.000000	0	eliminated:OFFICE-NOT-AMONG-OBSERVED-ORDERING-ACTIVITIES
cluster-0004	0	N0042117D0015	0.000000	0.000000	0.000000	0	eliminated:OFFICE-NOT-AMONG-OBSERVED-ORDERING-ACTIVITIES
cluster-0004	0	N0042117D0027	0.000000	0.000000	0.000000	0	eliminated:OFFICE-NOT-AMONG-OBSERVED-ORDERING-ACTIVITIES
cluster-0004	0	N0042117D0031	0.000000	0.000000	0.000000	0	eliminated:OFFICE-NOT-AMONG-OBSERVED-ORDERING-ACTIVITIES
cluster-0004	0	N0042117D0032	0.000000	0.000000	0.000000	0	eliminated:OFFICE-NOT-AMONG-OBSERVED-ORDERING-ACTIVITIES
cluster-0004	0	N0042117D0045	0.000000	0.000000	0.000000	0	eliminated:OFFICE-NOT-AMONG-OBSERVED-ORDERING-ACTIVITIES
cluster-0004	0	N0042117D0052	0.000000	0.000000	0.000000	0	eliminated:OFFICE-NOT-AMONG-OBSERVED-ORDERING-ACTIVITIES
cluster-0004	0	N0042117G0003	0.000000	0.000000	0.000000	0	eliminated:OFFICE-NOT-AMONG-OBSERVED-ORDERING-ACTIVITIES
cluster-0004	0	N0042118D0001	0.000000	0.000000	0.000000	0	eliminated:OFFICE-NOT-AMONG-OBSERVED-ORDERING-ACTIVITIES
cluster-0004	0	N0042118D0007	0.000000	0.000000	0.000000	0	eliminated:OFFICE-NOT-AMONG-OBSERVED-ORDERING-ACTIVITIES
cluster-0004	0	N0042118D0015	0.000000	0.000000	0.000000	0	eliminated:OFFICE-NOT-AMONG-OBSERVED-ORDERING-ACTIVITIES
cluster-0004	0	N0042118D0016	0.000000	0.000000	0.000000	0	eliminated:OFFICE-NOT-AMONG-OBSERVED-ORDERING-ACTIVITIES
cluster-0004	0	N0042118D0017	0.000000	0.000000	0.000000	0	eliminated:OFFICE-NOT-AMONG-OBSERVED-ORDERING-ACTIVITIES
cluster-0004	0	N0042118D0028	0.000000	0.000000	0.000000	0	eliminated:OFFICE-NOT-AMONG-OBSERVED-ORDERING-ACTIVITIES
cluster-0004	0	N0042118D0030	0.000000	0.000000	0.000000	0	eliminated:OFFICE-NOT-AMONG-OBSERVED-ORDERING-ACTIVITIES
cluster-0004	0	N0042118D0042	0.000000	0.000000	0.000000	0	eliminated:OFFICE-NOT-AMONG-OBSERVED-ORDERING-ACTIVITIES
cluster-0004	0	N0042118D0044	0.000000	0.000000	0.000000	0	eliminated:OFFICE-NOT-AMONG-OBSERVED-ORDERING-ACTIVITIES
cluster-0004	0	N0042118D0054	0.000000	0.000000	0.000000	0	eliminated:OFFICE-NOT-AMONG-OBSERVED-ORDERING-ACTIVITIES
cluster-0004	0	N0042118D0059	0.000000	0.000000	0.000000	0	eliminated:OFFICE-NOT-AMONG-OBSERVED-ORDERING-ACTIVITIES
cluster-0004	0	N0042118D0062	0.000000	0.000000	0.000000	0	eliminated:OFFICE-NOT-AMONG-OBSERVED-ORDERING-ACTIVITIES
cluster-0004	0	N0042119D0001	0.000000	0.000000	0.000000	0	eliminated:OFFICE-NOT-AMONG-OBSERVED-ORDERING-ACTIVITIES
cluster-0004	0	N0042119D0002	0.000000	0.000000	0.000000	0	eliminated:OFFICE-NOT-AMONG-OBSERVED-ORDERING-ACTIVITIES
cluster-0004	0	N0042119D0023	0.000000	0.000000	0.000000	0	eliminated:OFFICE-NOT-AMONG-OBSERVED-ORDERING-ACTIVITIES
cluster-0004	0	N0042119D0024	0.000000	0.000000	0.000000	0	eliminated:OFFICE-NOT-AMONG-OBSERVED-ORDERING-ACTIVITIES
cluster-0004	0	N0042119D0026	0.000000	0.000000	0.000000	0	eliminated:OFFICE-NOT-AMONG-OBSERVED-ORDERING-ACTIVITIES
cluster-0004	0	N0042119D0028	0.000000	0.000000	0.000000	0	eliminated:OFFICE-NOT-AMONG-OBSERVED-ORDERING-ACTIVITIES
cluster-0004	0	N0042119D0029	0.000000	0.000000	0.000000	0	eliminated:OFFICE-NOT-AMONG-OBSERVED-ORDERING-ACTIVITIES
cluster-0004	0	N0042119D0033	0.000000	0.000000	0.000000	0	eliminated:OFFICE-NOT-AMONG-OBSERVED-ORDERING-ACTIVITIES
cluster-0004	0	N0042119D0035	0.000000	0.000000	0.000000	0	eliminated:OFFICE-NOT-AMONG-OBSERVED-ORDERING-ACTIVITIES
cluster-0004	0	N0042119D0042	0.000000	0.000000	0.000000	0	eliminated:OFFICE-NOT-AMONG-OBSERVED-ORDERING-ACTIVITIES
cluster-0004	0	N0042119D0047	0.000000	0.000000	0.000000	0	eliminated:OFFICE-NOT-AMONG-OBSERVED-ORDERING-ACTIVITIES
cluster-0004	0	N0042119D0055	0.000000	0.000000	0.000000	0	eliminated:OFFICE-NOT-AMONG-OBSERVED-ORDERING-ACTIVITIES
cluster-0004	0	N0042119D0058	0.000000	0.000000	0.000000	0	eliminated:OFFICE-NOT-AMONG-OBSERVED-ORDERING-ACTIVITIES
cluster-0004	0	N0042119D0060	0.000000	0.000000	0.000000	0	eliminated:OFFICE-NOT-AMONG-OBSERVED-ORDERING-ACTIVITIES
cluster-0004	0	N0042119D0065	0.000000	0.000000	0.000000	0	eliminated:OFFICE-NOT-AMONG-OBSERVED-ORDERING-ACTIVITIES
cluster-0004	0	N0042119D0066	0.000000	0.000000	0.000000	0	eliminated:OFFICE-NOT-AMONG-OBSERVED-ORDERING-ACTIVITIES
cluster-0004	0	N0042119D0067	0.000000	0.000000	0.000000	0	eliminated:OFFICE-NOT-AMONG-OBSERVED-ORDERING-ACTIVITIES
cluster-0004	0	N0042119D0071	0.000000	0.000000	0.000000	0	eliminated:OFFICE-NOT-AMONG-OBSERVED-ORDERING-ACTIVITIES
cluster-0004	0	N0042119D0075	0.000000	0.000000	0.000000	0	eliminated:OFFICE-NOT-AMONG-OBSERVED-ORDERING-ACTIVITIES
cluster-0004	0	N0042119D0076	0.000000	0.000000	0.000000	0	eliminated:OFFICE-NOT-AMONG-OBSERVED-ORDERING-ACTIVITIES
cluster-0004	0	N0042119G0001	0.000000	0.000000	0.000000	0	eliminated:OFFICE-NOT-AMONG-OBSERVED-ORDERING-ACTIVITIES
cluster-0004	0	N0042119G0004	0.000000	0.000000	0.000000	0	eliminated:OFFICE-NOT-AMONG-OBSERVED-ORDERING-ACTIVITIES
cluster-0004	0	N0042120D0001	0.000000	0.000000	0.000000	0	eliminated:OFFICE-NOT-AMONG-OBSERVED-ORDERING-ACTIVITIES
cluster-0004	0	N0042120D0003	0.000000	0.000000	0.000000	0	eliminated:OFFICE-NOT-AMONG-OBSERVED-ORDERING-ACTIVITIES
cluster-0004	0	N0042120D0006	0.000000	0.000000	0.000000	0	eliminated:OFFICE-NOT-AMONG-OBSERVED-ORDERING-ACTIVITIES
cluster-0004	0	N0042120D0007	0.000000	0.000000	0.000000	0	eliminated:OFFICE-NOT-AMONG-OBSERVED-ORDERING-ACTIVITIES
cluster-0004	0	N0042120D0010	0.000000	0.000000	0.000000	0	eliminated:OFFICE-NOT-AMONG-OBSERVED-ORDERING-ACTIVITIES
cluster-0004	0	N0042120D0012	0.000000	0.000000	0.000000	0	eliminated:OFFICE-NOT-AMONG-OBSERVED-ORDERING-ACTIVITIES
cluster-0004	0	N0042120D0023	0.000000	0.000000	0.000000	0	eliminated:OFFICE-NOT-AMONG-OBSERVED-ORDERING-ACTIVITIES
cluster-0004	0	N0042120D0024	0.000000	0.000000	0.000000	0	eliminated:OFFICE-NOT-AMONG-OBSERVED-ORDERING-ACTIVITIES
cluster-0004	0	N0042120D0071	0.000000	0.000000	0.000000	0	eliminated:OFFICE-NOT-AMONG-OBSERVED-ORDERING-ACTIVITIES
cluster-0004	0	N0042120D0072	0.000000	0.000000	0.000000	0	eliminated:OFFICE-NOT-AMONG-OBSERVED-ORDERING-ACTIVITIES
cluster-0004	0	N0042120D0073	0.000000	0.000000	0.000000	0	eliminated:OFFICE-NOT-AMONG-OBSERVED-ORDERING-ACTIVITIES
cluster-0004	0	N0042120D0108	0.000000	0.000000	0.000000	0	eliminated:OFFICE-NOT-AMONG-OBSERVED-ORDERING-ACTIVITIES
cluster-0004	0	N0042120D0109	0.000000	0.000000	0.000000	0	eliminated:OFFICE-NOT-AMONG-OBSERVED-ORDERING-ACTIVITIES
cluster-0004	0	N0042120D0115	0.000000	0.000000	0.000000	0	eliminated:OFFICE-NOT-AMONG-OBSERVED-ORDERING-ACTIVITIES
cluster-0004	0	N0042120D0117	0.000000	0.000000	0.000000	0	eliminated:OFFICE-NOT-AMONG-OBSERVED-ORDERING-ACTIVITIES
cluster-0004	0	N0042120D0123	0.000000	0.000000	0.000000	0	eliminated:OFFICE-NOT-AMONG-OBSERVED-ORDERING-ACTIVITIES
cluster-0004	0	N0042121D0001	0.000000	0.000000	0.000000	0	eliminated:OFFICE-NOT-AMONG-OBSERVED-ORDERING-ACTIVITIES
cluster-0004	0	N0042121D0002	0.000000	0.000000	0.000000	0	eliminated:OFFICE-NOT-AMONG-OBSERVED-ORDERING-ACTIVITIES
cluster-0004	0	N0042121D0005	0.000000	0.000000	0.000000	0	eliminated:OFFICE-NOT-AMONG-OBSERVED-ORDERING-ACTIVITIES
cluster-0004	0	N0042121D0007	0.000000	0.000000	0.000000	0	eliminated:OFFICE-NOT-AMONG-OBSERVED-ORDERING-ACTIVITIES
cluster-0004	0	N0042121D0008	0.000000	0.000000	0.000000	0	eliminated:OFFICE-NOT-AMONG-OBSERVED-ORDERING-ACTIVITIES
cluster-0004	0	N0042121D0010	0.000000	0.000000	0.000000	0	eliminated:OFFICE-NOT-AMONG-OBSERVED-ORDERING-ACTIVITIES
cluster-0004	0	N0042121D0018	0.000000	0.000000	0.000000	0	eliminated:OFFICE-NOT-AMONG-OBSERVED-ORDERING-ACTIVITIES
cluster-0004	0	N0042121D0019	0.000000	0.000000	0.000000	0	eliminated:OFFICE-NOT-AMONG-OBSERVED-ORDERING-ACTIVITIES
cluster-0004	0	N0042121D0023	0.000000	0.000000	0.000000	0	eliminated:OFFICE-NOT-AMONG-OBSERVED-ORDERING-ACTIVITIES
cluster-0004	0	N0042121D0033	0.000000	0.000000	0.000000	0	eliminated:OFFICE-NOT-AMONG-OBSERVED-ORDERING-ACTIVITIES
cluster-0004	0	N0042121D0034	0.000000	0.000000	0.000000	0	eliminated:OFFICE-NOT-AMONG-OBSERVED-ORDERING-ACTIVITIES
cluster-0004	0	N0042121D0035	0.000000	0.000000	0.000000	0	eliminated:OFFICE-NOT-AMONG-OBSERVED-ORDERING-ACTIVITIES
cluster-0004	0	N0042121D0037	0.000000	0.000000	0.000000	0	eliminated:OFFICE-NOT-AMONG-OBSERVED-ORDERING-ACTIVITIES
cluster-0004	0	N0042121G0004	0.000000	0.000000	0.000000	0	eliminated:OFFICE-NOT-AMONG-OBSERVED-ORDERING-ACTIVITIES
cluster-0004	0	N0042121G0005	0.000000	0.000000	0.000000	0	eliminated:OFFICE-NOT-AMONG-OBSERVED-ORDERING-ACTIVITIES
cluster-0004	0	N0042122D0001	0.000000	0.000000	0.000000	0	eliminated:OFFICE-NOT-AMONG-OBSERVED-ORDERING-ACTIVITIES
cluster-0004	0	N0042122D0002	0.000000	0.000000	0.000000	0	eliminated:OFFICE-NOT-AMONG-OBSERVED-ORDERING-ACTIVITIES
cluster-0004	0	N0042122D0003	0.000000	0.000000	0.000000	0	eliminated:OFFICE-NOT-AMONG-OBSERVED-ORDERING-ACTIVITIES
cluster-0004	0	N0042122D0005	0.000000	0.000000	0.000000	0	eliminated:OFFICE-NOT-AMONG-OBSERVED-ORDERING-ACTIVITIES
cluster-0004	0	N0042122D0084	0.000000	0.000000	0.000000	0	eliminated:OFFICE-NOT-AMONG-OBSERVED-ORDERING-ACTIVITIES
cluster-0004	0	N0042122D0094	0.000000	0.000000	0.000000	0	eliminated:OFFICE-NOT-AMONG-OBSERVED-ORDERING-ACTIVITIES
cluster-0004	0	N0042122D0096	0.000000	0.000000	0.000000	0	eliminated:OFFICE-NOT-AMONG-OBSERVED-ORDERING-ACTIVITIES
cluster-0004	0	N0042122D0099	0.000000	0.000000	0.000000	0	eliminated:OFFICE-NOT-AMONG-OBSERVED-ORDERING-ACTIVITIES
cluster-0004	0	N0042122D0101	0.000000	0.000000	0.000000	0	eliminated:OFFICE-NOT-AMONG-OBSERVED-ORDERING-ACTIVITIES
cluster-0004	0	N0042122D0103	0.000000	0.000000	0.000000	0	eliminated:OFFICE-NOT-AMONG-OBSERVED-ORDERING-ACTIVITIES
cluster-0004	0	N0042122G0101	0.000000	0.000000	0.000000	0	eliminated:OFFICE-NOT-AMONG-OBSERVED-ORDERING-ACTIVITIES
cluster-0004	0	N0042123D0001	0.000000	0.000000	0.000000	0	eliminated:OFFICE-NOT-AMONG-OBSERVED-ORDERING-ACTIVITIES
cluster-0004	0	N0042123D0005	0.000000	0.000000	0.000000	0	eliminated:OFFICE-NOT-AMONG-OBSERVED-ORDERING-ACTIVITIES
cluster-0004	0	N0042123D0007	0.000000	0.000000	0.000000	0	eliminated:OFFICE-NOT-AMONG-OBSERVED-ORDERING-ACTIVITIES
cluster-0004	0	N0042123D0011	0.000000	0.000000	0.000000	0	eliminated:OFFICE-NOT-AMONG-OBSERVED-ORDERING-ACTIVITIES
cluster-0004	0	N0042123D0019	0.000000	0.000000	0.000000	0	eliminated:OFFICE-NOT-AMONG-OBSERVED-ORDERING-ACTIVITIES
cluster-0004	0	N0042123G0001	0.000000	0.000000	0.000000	0	eliminated:OFFICE-NOT-AMONG-OBSERVED-ORDERING-ACTIVITIES
cluster-0004	0	N0042123G0002	0.000000	0.000000	0.000000	0	eliminated:OFFICE-NOT-AMONG-OBSERVED-ORDERING-ACTIVITIES
cluster-0004	0	N0042123G0004	0.000000	0.000000	0.000000	0	eliminated:OFFICE-NOT-AMONG-OBSERVED-ORDERING-ACTIVITIES
cluster-0004	0	N0042123G0005	0.000000	0.000000	0.000000	0	eliminated:OFFICE-NOT-AMONG-OBSERVED-ORDERING-ACTIVITIES
cluster-0004	0	N0042124A0003	0.000000	0.000000	0.000000	0	eliminated:OFFICE-NOT-AMONG-OBSERVED-ORDERING-ACTIVITIES
cluster-0004	0	N0042124A0004	0.000000	0.000000	0.000000	0	eliminated:OFFICE-NOT-AMONG-OBSERVED-ORDERING-ACTIVITIES
cluster-0004	0	N0042124A0005	0.000000	0.000000	0.000000	0	eliminated:OFFICE-NOT-AMONG-OBSERVED-ORDERING-ACTIVITIES
cluster-0004	0	N0042124D0005	0.000000	0.000000	0.000000	0	eliminated:OFFICE-NOT-AMONG-OBSERVED-ORDERING-ACTIVITIES
cluster-0004	0	N0042124D0006	0.000000	0.000000	0.000000	0	eliminated:OFFICE-NOT-AMONG-OBSERVED-ORDERING-ACTIVITIES
cluster-0004	0	N0042124D0008	0.000000	0.000000	0.000000	0	eliminated:OFFICE-NOT-AMONG-OBSERVED-ORDERING-ACTIVITIES
cluster-0004	0	N0042124D0011	0.000000	0.000000	0.000000	0	eliminated:OFFICE-NOT-AMONG-OBSERVED-ORDERING-ACTIVITIES
cluster-0004	0	N0042124D0012	0.000000	0.000000	0.000000	0	eliminated:OFFICE-NOT-AMONG-OBSERVED-ORDERING-ACTIVITIES
cluster-0004	0	N0042124D0020	0.000000	0.000000	0.000000	0	eliminated:OFFICE-NOT-AMONG-OBSERVED-ORDERING-ACTIVITIES
cluster-0004	0	N0042124D0022	0.000000	0.000000	0.000000	0	eliminated:OFFICE-NOT-AMONG-OBSERVED-ORDERING-ACTIVITIES
cluster-0004	0	N0042124D0071	0.000000	0.000000	0.000000	0	eliminated:OFFICE-NOT-AMONG-OBSERVED-ORDERING-ACTIVITIES
cluster-0004	0	N0042124G0001	0.000000	0.000000	0.000000	0	eliminated:OFFICE-NOT-AMONG-OBSERVED-ORDERING-ACTIVITIES
cluster-0004	0	N0042124G0005	0.000000	0.000000	0.000000	0	eliminated:OFFICE-NOT-AMONG-OBSERVED-ORDERING-ACTIVITIES
cluster-0004	0	N0042125D0301	0.000000	0.000000	0.000000	0	eliminated:OFFICE-NOT-AMONG-OBSERVED-ORDERING-ACTIVITIES
cluster-0004	0	N0042125D0302	0.000000	0.000000	0.000000	0	eliminated:OFFICE-NOT-AMONG-OBSERVED-ORDERING-ACTIVITIES
cluster-0004	0	N0042125D0303	0.000000	0.000000	0.000000	0	eliminated:OFFICE-NOT-AMONG-OBSERVED-ORDERING-ACTIVITIES
cluster-0004	0	N0042125G0003	0.000000	0.000000	0.000000	0	eliminated:OFFICE-NOT-AMONG-OBSERVED-ORDERING-ACTIVITIES
cluster-0004	0	N6134015D0003	0.000000	0.000000	0.000000	0	eliminated:OFFICE-NOT-AMONG-OBSERVED-ORDERING-ACTIVITIES
cluster-0004	0	N6134016D1003	0.000000	0.000000	0.000000	0	eliminated:OFFICE-NOT-AMONG-OBSERVED-ORDERING-ACTIVITIES
cluster-0004	0	N6134016D1005	0.000000	0.000000	0.000000	0	eliminated:OFFICE-NOT-AMONG-OBSERVED-ORDERING-ACTIVITIES
cluster-0004	0	N6134018D0002	0.000000	0.000000	0.000000	0	eliminated:OFFICE-NOT-AMONG-OBSERVED-ORDERING-ACTIVITIES
cluster-0004	0	N6134018D0004	0.000000	0.000000	0.000000	0	eliminated:OFFICE-NOT-AMONG-OBSERVED-ORDERING-ACTIVITIES
cluster-0004	0	N6134018D0009	0.000000	0.000000	0.000000	0	eliminated:OFFICE-NOT-AMONG-OBSERVED-ORDERING-ACTIVITIES
cluster-0004	0	N6134019D0003	0.000000	0.000000	0.000000	0	eliminated:OFFICE-NOT-AMONG-OBSERVED-ORDERING-ACTIVITIES
cluster-0004	0	N6134019D0906	0.000000	0.000000	0.000000	0	eliminated:OFFICE-NOT-AMONG-OBSERVED-ORDERING-ACTIVITIES
cluster-0004	0	N6134019D1010	0.000000	0.000000	0.000000	0	eliminated:OFFICE-NOT-AMONG-OBSERVED-ORDERING-ACTIVITIES
cluster-0004	0	N6134019G0002	0.000000	0.000000	0.000000	0	eliminated:OFFICE-NOT-AMONG-OBSERVED-ORDERING-ACTIVITIES
cluster-0004	0	N6134020D0002	0.000000	0.000000	0.000000	0	eliminated:OFFICE-NOT-AMONG-OBSERVED-ORDERING-ACTIVITIES
cluster-0004	0	N6134020D0004	0.000000	0.000000	0.000000	0	eliminated:OFFICE-NOT-AMONG-OBSERVED-ORDERING-ACTIVITIES
cluster-0004	0	N6134020D0008	0.000000	0.000000	0.000000	0	eliminated:OFFICE-NOT-AMONG-OBSERVED-ORDERING-ACTIVITIES
cluster-0004	0	N6134020D0011	0.000000	0.000000	0.000000	0	eliminated:OFFICE-NOT-AMONG-OBSERVED-ORDERING-ACTIVITIES
cluster-0004	0	N6134020D0015	0.000000	0.000000	0.000000	0	eliminated:OFFICE-NOT-AMONG-OBSERVED-ORDERING-ACTIVITIES
cluster-0004	0	N6134020D0019	0.000000	0.000000	0.000000	0	eliminated:OFFICE-NOT-AMONG-OBSERVED-ORDERING-ACTIVITIES
cluster-0004	0	N6134020D0020	0.000000	0.000000	0.000000	0	eliminated:OFFICE-NOT-AMONG-OBSERVED-ORDERING-ACTIVITIES
cluster-0004	0	N6134020D0021	0.000000	0.000000	0.000000	0	eliminated:OFFICE-NOT-AMONG-OBSERVED-ORDERING-ACTIVITIES
cluster-0004	0	N6134020D0024	0.000000	0.000000	0.000000	0	eliminated:OFFICE-NOT-AMONG-OBSERVED-ORDERING-ACTIVITIES
cluster-0004	0	N6134020D0025	0.000000	0.000000	0.000000	0	eliminated:OFFICE-NOT-AMONG-OBSERVED-ORDERING-ACTIVITIES
cluster-0004	0	N6134021D0013	0.000000	0.000000	0.000000	0	eliminated:OFFICE-NOT-AMONG-OBSERVED-ORDERING-ACTIVITIES
cluster-0004	0	N6134021D0015	0.000000	0.000000	0.000000	0	eliminated:OFFICE-NOT-AMONG-OBSERVED-ORDERING-ACTIVITIES
cluster-0004	0	N6134021D0016	0.000000	0.000000	0.000000	0	eliminated:OFFICE-NOT-AMONG-OBSERVED-ORDERING-ACTIVITIES
cluster-0004	0	N6134022D0002	0.000000	0.000000	0.000000	0	eliminated:OFFICE-NOT-AMONG-OBSERVED-ORDERING-ACTIVITIES
cluster-0004	0	N6134022D0004	0.000000	0.000000	0.000000	0	eliminated:OFFICE-NOT-AMONG-OBSERVED-ORDERING-ACTIVITIES
cluster-0004	0	N6134022D0006	0.000000	0.000000	0.000000	0	eliminated:OFFICE-NOT-AMONG-OBSERVED-ORDERING-ACTIVITIES
cluster-0004	0	N6134022D0008	0.000000	0.000000	0.000000	0	eliminated:OFFICE-NOT-AMONG-OBSERVED-ORDERING-ACTIVITIES
cluster-0004	0	N6134023D0001	0.000000	0.000000	0.000000	0	eliminated:OFFICE-NOT-AMONG-OBSERVED-ORDERING-ACTIVITIES
cluster-0004	0	N6134023D0003	0.000000	0.000000	0.000000	0	eliminated:OFFICE-NOT-AMONG-OBSERVED-ORDERING-ACTIVITIES
cluster-0004	0	N6134023D0004	0.000000	0.000000	0.000000	0	eliminated:OFFICE-NOT-AMONG-OBSERVED-ORDERING-ACTIVITIES
cluster-0004	0	N6134023D0008	0.000000	0.000000	0.000000	0	eliminated:OFFICE-NOT-AMONG-OBSERVED-ORDERING-ACTIVITIES
cluster-0004	0	N6134024D0001	0.000000	0.000000	0.000000	0	eliminated:OFFICE-NOT-AMONG-OBSERVED-ORDERING-ACTIVITIES
cluster-0004	0	N6134024D0006	0.000000	0.000000	0.000000	0	eliminated:OFFICE-NOT-AMONG-OBSERVED-ORDERING-ACTIVITIES
cluster-0004	0	N6134024D0013	0.000000	0.000000	0.000000	0	eliminated:OFFICE-NOT-AMONG-OBSERVED-ORDERING-ACTIVITIES
cluster-0004	0	N6134025D0005	0.000000	0.000000	0.000000	0	eliminated:OFFICE-NOT-AMONG-OBSERVED-ORDERING-ACTIVITIES
cluster-0004	0	N6134025D0006	0.000000	0.000000	0.000000	0	eliminated:OFFICE-NOT-AMONG-OBSERVED-ORDERING-ACTIVITIES
cluster-0004	0	N6833515D0026	0.000000	0.000000	0.000000	0	eliminated:OFFICE-NOT-AMONG-OBSERVED-ORDERING-ACTIVITIES
cluster-0004	0	N6833515G0022	0.000000	0.000000	0.000000	0	eliminated:OFFICE-NOT-AMONG-OBSERVED-ORDERING-ACTIVITIES
cluster-0004	0	N6833516D0013	0.000000	0.000000	0.000000	0	eliminated:OFFICE-NOT-AMONG-OBSERVED-ORDERING-ACTIVITIES
cluster-0004	0	N6833516D0020	0.000000	0.000000	0.000000	0	eliminated:OFFICE-NOT-AMONG-OBSERVED-ORDERING-ACTIVITIES
cluster-0004	0	N6833517D0021	0.000000	0.000000	0.000000	0	eliminated:OFFICE-NOT-AMONG-OBSERVED-ORDERING-ACTIVITIES
cluster-0004	0	N6833518D0031	0.000000	0.000000	0.000000	0	eliminated:OFFICE-NOT-AMONG-OBSERVED-ORDERING-ACTIVITIES
cluster-0004	0	N6833518G0014	0.000000	0.000000	0.000000	0	eliminated:OFFICE-NOT-AMONG-OBSERVED-ORDERING-ACTIVITIES
cluster-0004	0	N6833519D0135	0.000000	0.000000	0.000000	0	eliminated:OFFICE-NOT-AMONG-OBSERVED-ORDERING-ACTIVITIES
cluster-0004	0	N6833519G0013	0.000000	0.000000	0.000000	0	eliminated:OFFICE-NOT-AMONG-OBSERVED-ORDERING-ACTIVITIES
cluster-0004	0	N6833519G0041	0.000000	0.000000	0.000000	0	eliminated:OFFICE-NOT-AMONG-OBSERVED-ORDERING-ACTIVITIES
cluster-0004	0	N6833519G0050	0.000000	0.000000	0.000000	0	eliminated:OFFICE-NOT-AMONG-OBSERVED-ORDERING-ACTIVITIES
cluster-0004	0	N6833519G0059	0.000000	0.000000	0.000000	0	eliminated:OFFICE-NOT-AMONG-OBSERVED-ORDERING-ACTIVITIES
cluster-0004	0	N6833520D0022	0.000000	0.000000	0.000000	0	eliminated:OFFICE-NOT-AMONG-OBSERVED-ORDERING-ACTIVITIES
cluster-0004	0	N6833520D0032	0.000000	0.000000	0.000000	0	eliminated:OFFICE-NOT-AMONG-OBSERVED-ORDERING-ACTIVITIES
cluster-0004	0	N6833520D0048	0.000000	0.000000	0.000000	0	eliminated:OFFICE-NOT-AMONG-OBSERVED-ORDERING-ACTIVITIES
cluster-0004	0	N6833520D0935	0.000000	0.000000	0.000000	0	eliminated:OFFICE-NOT-AMONG-OBSERVED-ORDERING-ACTIVITIES
cluster-0004	0	N6833520G0002	0.000000	0.000000	0.000000	0	eliminated:OFFICE-NOT-AMONG-OBSERVED-ORDERING-ACTIVITIES
cluster-0004	0	N6833520G1048	0.000000	0.000000	0.000000	0	eliminated:OFFICE-NOT-AMONG-OBSERVED-ORDERING-ACTIVITIES
cluster-0004	0	N6833520G3036	0.000000	0.000000	0.000000	0	eliminated:OFFICE-NOT-AMONG-OBSERVED-ORDERING-ACTIVITIES
cluster-0004	0	N6833521D0045	0.000000	0.000000	0.000000	0	eliminated:OFFICE-NOT-AMONG-OBSERVED-ORDERING-ACTIVITIES
cluster-0004	0	N6833521D0046	0.000000	0.000000	0.000000	0	eliminated:OFFICE-NOT-AMONG-OBSERVED-ORDERING-ACTIVITIES
cluster-0004	0	N6833521D0048	0.000000	0.000000	0.000000	0	eliminated:OFFICE-NOT-AMONG-OBSERVED-ORDERING-ACTIVITIES
cluster-0004	0	N6833521D0049	0.000000	0.000000	0.000000	0	eliminated:OFFICE-NOT-AMONG-OBSERVED-ORDERING-ACTIVITIES
cluster-0004	0	N6833521D0053	0.000000	0.000000	0.000000	0	eliminated:OFFICE-NOT-AMONG-OBSERVED-ORDERING-ACTIVITIES
cluster-0004	0	N6833521D0064	0.000000	0.000000	0.000000	0	eliminated:OFFICE-NOT-AMONG-OBSERVED-ORDERING-ACTIVITIES
cluster-0004	0	N6833521D0214	0.000000	0.000000	0.000000	0	eliminated:OFFICE-NOT-AMONG-OBSERVED-ORDERING-ACTIVITIES
cluster-0004	0	N6833521D0225	0.000000	0.000000	0.000000	0	eliminated:OFFICE-NOT-AMONG-OBSERVED-ORDERING-ACTIVITIES
cluster-0004	0	N6833521D0227	0.000000	0.000000	0.000000	0	eliminated:OFFICE-NOT-AMONG-OBSERVED-ORDERING-ACTIVITIES
cluster-0004	0	N6833521D0229	0.000000	0.000000	0.000000	0	eliminated:OFFICE-NOT-AMONG-OBSERVED-ORDERING-ACTIVITIES
cluster-0004	0	N6833521G0020	0.000000	0.000000	0.000000	0	eliminated:OFFICE-NOT-AMONG-OBSERVED-ORDERING-ACTIVITIES
cluster-0004	0	N6833521G0021	0.000000	0.000000	0.000000	0	eliminated:OFFICE-NOT-AMONG-OBSERVED-ORDERING-ACTIVITIES
cluster-0004	0	N6833522A0017	0.000000	0.000000	0.000000	0	eliminated:OFFICE-NOT-AMONG-OBSERVED-ORDERING-ACTIVITIES
cluster-0004	0	N6833522A0027	0.000000	0.000000	0.000000	0	eliminated:OFFICE-NOT-AMONG-OBSERVED-ORDERING-ACTIVITIES
cluster-0004	0	N6833522A0029	0.000000	0.000000	0.000000	0	eliminated:OFFICE-NOT-AMONG-OBSERVED-ORDERING-ACTIVITIES
cluster-0004	0	N6833522A0032	0.000000	0.000000	0.000000	0	eliminated:OFFICE-NOT-AMONG-OBSERVED-ORDERING-ACTIVITIES
cluster-0004	0	N6833522A0035	0.000000	0.000000	0.000000	0	eliminated:OFFICE-NOT-AMONG-OBSERVED-ORDERING-ACTIVITIES
cluster-0004	0	N6833522D0004	0.000000	0.000000	0.000000	0	eliminated:OFFICE-NOT-AMONG-OBSERVED-ORDERING-ACTIVITIES
cluster-0004	0	N6833522D0005	0.000000	0.000000	0.000000	0	eliminated:OFFICE-NOT-AMONG-OBSERVED-ORDERING-ACTIVITIES
cluster-0004	0	N6833522D0008	0.000000	0.000000	0.000000	0	eliminated:OFFICE-NOT-AMONG-OBSERVED-ORDERING-ACTIVITIES
cluster-0004	0	N6833522D0012	0.000000	0.000000	0.000000	0	eliminated:OFFICE-NOT-AMONG-OBSERVED-ORDERING-ACTIVITIES
cluster-0004	0	N6833522D0013	0.000000	0.000000	0.000000	0	eliminated:OFFICE-NOT-AMONG-OBSERVED-ORDERING-ACTIVITIES
cluster-0004	0	N6833522D0017	0.000000	0.000000	0.000000	0	eliminated:OFFICE-NOT-AMONG-OBSERVED-ORDERING-ACTIVITIES
cluster-0004	0	N6833522D0022	0.000000	0.000000	0.000000	0	eliminated:OFFICE-NOT-AMONG-OBSERVED-ORDERING-ACTIVITIES
cluster-0004	0	N6833522D0037	0.000000	0.000000	0.000000	0	eliminated:OFFICE-NOT-AMONG-OBSERVED-ORDERING-ACTIVITIES
cluster-0004	0	N6833522D0039	0.000000	0.000000	0.000000	0	eliminated:OFFICE-NOT-AMONG-OBSERVED-ORDERING-ACTIVITIES
cluster-0004	0	N6833522G0010	0.000000	0.000000	0.000000	0	eliminated:OFFICE-NOT-AMONG-OBSERVED-ORDERING-ACTIVITIES
cluster-0004	0	N6833522G0029	0.000000	0.000000	0.000000	0	eliminated:OFFICE-NOT-AMONG-OBSERVED-ORDERING-ACTIVITIES
cluster-0004	0	N6833522G0035	0.000000	0.000000	0.000000	0	eliminated:OFFICE-NOT-AMONG-OBSERVED-ORDERING-ACTIVITIES
cluster-0004	0	N6833522G0036	0.000000	0.000000	0.000000	0	eliminated:OFFICE-NOT-AMONG-OBSERVED-ORDERING-ACTIVITIES
cluster-0004	0	N6833522G0041	0.000000	0.000000	0.000000	0	eliminated:OFFICE-NOT-AMONG-OBSERVED-ORDERING-ACTIVITIES
cluster-0004	0	N6833523A0016	0.000000	0.000000	0.000000	0	eliminated:OFFICE-NOT-AMONG-OBSERVED-ORDERING-ACTIVITIES
cluster-0004	0	N6833523A0018	0.000000	0.000000	0.000000	0	eliminated:OFFICE-NOT-AMONG-OBSERVED-ORDERING-ACTIVITIES
cluster-0004	0	N6833523A0020	0.000000	0.000000	0.000000	0	eliminated:OFFICE-NOT-AMONG-OBSERVED-ORDERING-ACTIVITIES
cluster-0004	0	N6833523A0021	0.000000	0.000000	0.000000	0	eliminated:OFFICE-NOT-AMONG-OBSERVED-ORDERING-ACTIVITIES
cluster-0004	0	N6833523A0025	0.000000	0.000000	0.000000	0	eliminated:OFFICE-NOT-AMONG-OBSERVED-ORDERING-ACTIVITIES
cluster-0004	0	N6833523A0027	0.000000	0.000000	0.000000	0	eliminated:OFFICE-NOT-AMONG-OBSERVED-ORDERING-ACTIVITIES
cluster-0004	0	N6833523A0028	0.000000	0.000000	0.000000	0	eliminated:OFFICE-NOT-AMONG-OBSERVED-ORDERING-ACTIVITIES
cluster-0004	0	N6833523A0029	0.000000	0.000000	0.000000	0	eliminated:OFFICE-NOT-AMONG-OBSERVED-ORDERING-ACTIVITIES
cluster-0004	0	N6833523A0030	0.000000	0.000000	0.000000	0	eliminated:OFFICE-NOT-AMONG-OBSERVED-ORDERING-ACTIVITIES
cluster-0004	0	N6833523A0038	0.000000	0.000000	0.000000	0	eliminated:OFFICE-NOT-AMONG-OBSERVED-ORDERING-ACTIVITIES
cluster-0004	0	N6833523A0040	0.000000	0.000000	0.000000	0	eliminated:OFFICE-NOT-AMONG-OBSERVED-ORDERING-ACTIVITIES
cluster-0004	0	N6833523A0041	0.000000	0.000000	0.000000	0	eliminated:OFFICE-NOT-AMONG-OBSERVED-ORDERING-ACTIVITIES
cluster-0004	0	N6833523A0043	0.000000	0.000000	0.000000	0	eliminated:OFFICE-NOT-AMONG-OBSERVED-ORDERING-ACTIVITIES
cluster-0004	0	N6833523A0049	0.000000	0.000000	0.000000	0	eliminated:OFFICE-NOT-AMONG-OBSERVED-ORDERING-ACTIVITIES
cluster-0004	0	N6833523A0051	0.000000	0.000000	0.000000	0	eliminated:OFFICE-NOT-AMONG-OBSERVED-ORDERING-ACTIVITIES
cluster-0004	0	N6833523A0059	0.000000	0.000000	0.000000	0	eliminated:OFFICE-NOT-AMONG-OBSERVED-ORDERING-ACTIVITIES
cluster-0004	0	N6833523A0062	0.000000	0.000000	0.000000	0	eliminated:OFFICE-NOT-AMONG-OBSERVED-ORDERING-ACTIVITIES
cluster-0004	0	N6833523A0120	0.000000	0.000000	0.000000	0	eliminated:OFFICE-NOT-AMONG-OBSERVED-ORDERING-ACTIVITIES
cluster-0004	0	N6833523A0134	0.000000	0.000000	0.000000	0	eliminated:OFFICE-NOT-AMONG-OBSERVED-ORDERING-ACTIVITIES
cluster-0004	0	N6833523A0151	0.000000	0.000000	0.000000	0	eliminated:OFFICE-NOT-AMONG-OBSERVED-ORDERING-ACTIVITIES
cluster-0004	0	N6833523A0153	0.000000	0.000000	0.000000	0	eliminated:OFFICE-NOT-AMONG-OBSERVED-ORDERING-ACTIVITIES
cluster-0004	0	N6833523A0167	0.000000	0.000000	0.000000	0	eliminated:OFFICE-NOT-AMONG-OBSERVED-ORDERING-ACTIVITIES
cluster-0004	0	N6833523A0194	0.000000	0.000000	0.000000	0	eliminated:OFFICE-NOT-AMONG-OBSERVED-ORDERING-ACTIVITIES
cluster-0004	0	N6833523D0001	0.000000	0.000000	0.000000	0	eliminated:OFFICE-NOT-AMONG-OBSERVED-ORDERING-ACTIVITIES
cluster-0004	0	N6833523D0003	0.000000	0.000000	0.000000	0	eliminated:OFFICE-NOT-AMONG-OBSERVED-ORDERING-ACTIVITIES
cluster-0004	0	N6833523D0004	0.000000	0.000000	0.000000	0	eliminated:OFFICE-NOT-AMONG-OBSERVED-ORDERING-ACTIVITIES
cluster-0004	0	N6833523D0010	0.000000	0.000000	0.000000	0	eliminated:OFFICE-NOT-AMONG-OBSERVED-ORDERING-ACTIVITIES
cluster-0004	0	N6833523D0017	0.000000	0.000000	0.000000	0	eliminated:OFFICE-NOT-AMONG-OBSERVED-ORDERING-ACTIVITIES
cluster-0004	0	N6833523D0025	0.000000	0.000000	0.000000	0	eliminated:OFFICE-NOT-AMONG-OBSERVED-ORDERING-ACTIVITIES
cluster-0004	0	N6833523D0029	0.000000	0.000000	0.000000	0	eliminated:OFFICE-NOT-AMONG-OBSERVED-ORDERING-ACTIVITIES
cluster-0004	0	N6833523D0035	0.000000	0.000000	0.000000	0	eliminated:OFFICE-NOT-AMONG-OBSERVED-ORDERING-ACTIVITIES
cluster-0004	0	N6833523D0046	0.000000	0.000000	0.000000	0	eliminated:OFFICE-NOT-AMONG-OBSERVED-ORDERING-ACTIVITIES
cluster-0004	0	N6833523G0001	0.000000	0.000000	0.000000	0	eliminated:OFFICE-NOT-AMONG-OBSERVED-ORDERING-ACTIVITIES
cluster-0004	0	N6833523G0004	0.000000	0.000000	0.000000	0	eliminated:OFFICE-NOT-AMONG-OBSERVED-ORDERING-ACTIVITIES
cluster-0004	0	N6833524A0002	0.000000	0.000000	0.000000	0	eliminated:OFFICE-NOT-AMONG-OBSERVED-ORDERING-ACTIVITIES
cluster-0004	0	N6833524A0007	0.000000	0.000000	0.000000	0	eliminated:OFFICE-NOT-AMONG-OBSERVED-ORDERING-ACTIVITIES
cluster-0004	0	N6833524A0016	0.000000	0.000000	0.000000	0	eliminated:OFFICE-NOT-AMONG-OBSERVED-ORDERING-ACTIVITIES
cluster-0004	0	N6833524A0026	0.000000	0.000000	0.000000	0	eliminated:OFFICE-NOT-AMONG-OBSERVED-ORDERING-ACTIVITIES
cluster-0004	0	N6833524A0032	0.000000	0.000000	0.000000	0	eliminated:OFFICE-NOT-AMONG-OBSERVED-ORDERING-ACTIVITIES
cluster-0004	0	N6833524A0033	0.000000	0.000000	0.000000	0	eliminated:OFFICE-NOT-AMONG-OBSERVED-ORDERING-ACTIVITIES
cluster-0004	0	N6833524A0040	0.000000	0.000000	0.000000	0	eliminated:OFFICE-NOT-AMONG-OBSERVED-ORDERING-ACTIVITIES
cluster-0004	0	N6833524D0002	0.000000	0.000000	0.000000	0	eliminated:OFFICE-NOT-AMONG-OBSERVED-ORDERING-ACTIVITIES
cluster-0004	0	N6833524D0003	0.000000	0.000000	0.000000	0	eliminated:OFFICE-NOT-AMONG-OBSERVED-ORDERING-ACTIVITIES
cluster-0004	0	N6833524D0009	0.000000	0.000000	0.000000	0	eliminated:OFFICE-NOT-AMONG-OBSERVED-ORDERING-ACTIVITIES
cluster-0004	0	N6833524D0010	0.000000	0.000000	0.000000	0	eliminated:OFFICE-NOT-AMONG-OBSERVED-ORDERING-ACTIVITIES
cluster-0004	0	N6833524D0018	0.000000	0.000000	0.000000	0	eliminated:OFFICE-NOT-AMONG-OBSERVED-ORDERING-ACTIVITIES
cluster-0004	0	N6833524D0019	0.000000	0.000000	0.000000	0	eliminated:OFFICE-NOT-AMONG-OBSERVED-ORDERING-ACTIVITIES
cluster-0004	0	N6833524D0020	0.000000	0.000000	0.000000	0	eliminated:OFFICE-NOT-AMONG-OBSERVED-ORDERING-ACTIVITIES
cluster-0004	0	N6833524D0021	0.000000	0.000000	0.000000	0	eliminated:OFFICE-NOT-AMONG-OBSERVED-ORDERING-ACTIVITIES
cluster-0004	0	N6833524D0023	0.000000	0.000000	0.000000	0	eliminated:OFFICE-NOT-AMONG-OBSERVED-ORDERING-ACTIVITIES
cluster-0004	0	N6833524G0007	0.000000	0.000000	0.000000	0	eliminated:OFFICE-NOT-AMONG-OBSERVED-ORDERING-ACTIVITIES
cluster-0004	0	N6833524G0009	0.000000	0.000000	0.000000	0	eliminated:OFFICE-NOT-AMONG-OBSERVED-ORDERING-ACTIVITIES
cluster-0004	0	N6833524G0021	0.000000	0.000000	0.000000	0	eliminated:OFFICE-NOT-AMONG-OBSERVED-ORDERING-ACTIVITIES
cluster-0004	0	N6833524G0028	0.000000	0.000000	0.000000	0	eliminated:OFFICE-NOT-AMONG-OBSERVED-ORDERING-ACTIVITIES
cluster-0004	0	N6833524G0038	0.000000	0.000000	0.000000	0	eliminated:OFFICE-NOT-AMONG-OBSERVED-ORDERING-ACTIVITIES
cluster-0004	0	N6833525A0007	0.000000	0.000000	0.000000	0	eliminated:OFFICE-NOT-AMONG-OBSERVED-ORDERING-ACTIVITIES
cluster-0004	0	N6833525A0008	0.000000	0.000000	0.000000	0	eliminated:OFFICE-NOT-AMONG-OBSERVED-ORDERING-ACTIVITIES
cluster-0004	0	N6833525A0038	0.000000	0.000000	0.000000	0	eliminated:OFFICE-NOT-AMONG-OBSERVED-ORDERING-ACTIVITIES
cluster-0004	0	N6833525D0001	0.000000	0.000000	0.000000	0	eliminated:OFFICE-NOT-AMONG-OBSERVED-ORDERING-ACTIVITIES
cluster-0004	0	N6833525D0004	0.000000	0.000000	0.000000	0	eliminated:OFFICE-NOT-AMONG-OBSERVED-ORDERING-ACTIVITIES
cluster-0004	0	N6833525D0005	0.000000	0.000000	0.000000	0	eliminated:OFFICE-NOT-AMONG-OBSERVED-ORDERING-ACTIVITIES
cluster-0004	0	N6833525D0010	0.000000	0.000000	0.000000	0	eliminated:OFFICE-NOT-AMONG-OBSERVED-ORDERING-ACTIVITIES
cluster-0004	0	N6893614D0008	0.000000	0.000000	0.000000	0	eliminated:OFFICE-NOT-AMONG-OBSERVED-ORDERING-ACTIVITIES
cluster-0004	0	N6893615D0015	0.000000	0.000000	0.000000	0	eliminated:OFFICE-NOT-AMONG-OBSERVED-ORDERING-ACTIVITIES
cluster-0004	0	N6893616D0016	0.000000	0.000000	0.000000	0	eliminated:OFFICE-NOT-AMONG-OBSERVED-ORDERING-ACTIVITIES
cluster-0004	0	N6893616D0018	0.000000	0.000000	0.000000	0	eliminated:OFFICE-NOT-AMONG-OBSERVED-ORDERING-ACTIVITIES
cluster-0004	0	N6893617D0010	0.000000	0.000000	0.000000	0	eliminated:OFFICE-NOT-AMONG-OBSERVED-ORDERING-ACTIVITIES
cluster-0004	0	N6893618D0006	0.000000	0.000000	0.000000	0	eliminated:OFFICE-NOT-AMONG-OBSERVED-ORDERING-ACTIVITIES
cluster-0004	0	N6893618D0012	0.000000	0.000000	0.000000	0	eliminated:OFFICE-NOT-AMONG-OBSERVED-ORDERING-ACTIVITIES
cluster-0004	0	N6893618D0014	0.000000	0.000000	0.000000	0	eliminated:OFFICE-NOT-AMONG-OBSERVED-ORDERING-ACTIVITIES
cluster-0004	0	N6893618D0015	0.000000	0.000000	0.000000	0	eliminated:OFFICE-NOT-AMONG-OBSERVED-ORDERING-ACTIVITIES
cluster-0004	0	N6893618D0026	0.000000	0.000000	0.000000	0	eliminated:OFFICE-NOT-AMONG-OBSERVED-ORDERING-ACTIVITIES
cluster-0004	0	N6893618D0029	0.000000	0.000000	0.000000	0	eliminated:OFFICE-NOT-AMONG-OBSERVED-ORDERING-ACTIVITIES
cluster-0004	0	N6893618D0036	0.000000	0.000000	0.000000	0	eliminated:OFFICE-NOT-AMONG-OBSERVED-ORDERING-ACTIVITIES
cluster-0004	0	N6893619D0001	0.000000	0.000000	0.000000	0	eliminated:OFFICE-NOT-AMONG-OBSERVED-ORDERING-ACTIVITIES
cluster-0004	0	N6893619D0007	0.000000	0.000000	0.000000	0	eliminated:OFFICE-NOT-AMONG-OBSERVED-ORDERING-ACTIVITIES
cluster-0004	0	N6893619D0008	0.000000	0.000000	0.000000	0	eliminated:OFFICE-NOT-AMONG-OBSERVED-ORDERING-ACTIVITIES
cluster-0004	0	N6893619D0017	0.000000	0.000000	0.000000	0	eliminated:OFFICE-NOT-AMONG-OBSERVED-ORDERING-ACTIVITIES
cluster-0004	0	N6893619D0020	0.000000	0.000000	0.000000	0	eliminated:OFFICE-NOT-AMONG-OBSERVED-ORDERING-ACTIVITIES
cluster-0004	0	N6893619D0027	0.000000	0.000000	0.000000	0	eliminated:OFFICE-NOT-AMONG-OBSERVED-ORDERING-ACTIVITIES
cluster-0004	0	N6893619D0035	0.000000	0.000000	0.000000	0	eliminated:OFFICE-NOT-AMONG-OBSERVED-ORDERING-ACTIVITIES
cluster-0004	0	N6893619D0048	0.000000	0.000000	0.000000	0	eliminated:OFFICE-NOT-AMONG-OBSERVED-ORDERING-ACTIVITIES
cluster-0004	0	N6893620D0001	0.000000	0.000000	0.000000	0	eliminated:OFFICE-NOT-AMONG-OBSERVED-ORDERING-ACTIVITIES
cluster-0004	0	N6893620D0005	0.000000	0.000000	0.000000	0	eliminated:OFFICE-NOT-AMONG-OBSERVED-ORDERING-ACTIVITIES
cluster-0004	0	N6893620D0014	0.000000	0.000000	0.000000	0	eliminated:OFFICE-NOT-AMONG-OBSERVED-ORDERING-ACTIVITIES
cluster-0004	0	N6893620D0015	0.000000	0.000000	0.000000	0	eliminated:OFFICE-NOT-AMONG-OBSERVED-ORDERING-ACTIVITIES
cluster-0004	0	N6893620D0016	0.000000	0.000000	0.000000	0	eliminated:OFFICE-NOT-AMONG-OBSERVED-ORDERING-ACTIVITIES
cluster-0004	0	N6893620D0018	0.000000	0.000000	0.000000	0	eliminated:OFFICE-NOT-AMONG-OBSERVED-ORDERING-ACTIVITIES
cluster-0004	0	N6893620D0024	0.000000	0.000000	0.000000	0	eliminated:OFFICE-NOT-AMONG-OBSERVED-ORDERING-ACTIVITIES
cluster-0004	0	N6893620D0033	0.000000	0.000000	0.000000	0	eliminated:OFFICE-NOT-AMONG-OBSERVED-ORDERING-ACTIVITIES
cluster-0004	0	N6893621D0001	0.000000	0.000000	0.000000	0	eliminated:OFFICE-NOT-AMONG-OBSERVED-ORDERING-ACTIVITIES
cluster-0004	0	N6893621D0007	0.000000	0.000000	0.000000	0	eliminated:OFFICE-NOT-AMONG-OBSERVED-ORDERING-ACTIVITIES
cluster-0004	0	N6893621D0009	0.000000	0.000000	0.000000	0	eliminated:OFFICE-NOT-AMONG-OBSERVED-ORDERING-ACTIVITIES
cluster-0004	0	N6893621D0010	0.000000	0.000000	0.000000	0	eliminated:OFFICE-NOT-AMONG-OBSERVED-ORDERING-ACTIVITIES
cluster-0004	0	N6893621D0011	0.000000	0.000000	0.000000	0	eliminated:OFFICE-NOT-AMONG-OBSERVED-ORDERING-ACTIVITIES
cluster-0004	0	N6893621D0016	0.000000	0.000000	0.000000	0	eliminated:OFFICE-NOT-AMONG-OBSERVED-ORDERING-ACTIVITIES
cluster-0004	0	N6893621D0017	0.000000	0.000000	0.000000	0	eliminated:OFFICE-NOT-AMONG-OBSERVED-ORDERING-ACTIVITIES
cluster-0004	0	N6893621D0024	0.000000	0.000000	0.000000	0	eliminated:OFFICE-NOT-AMONG-OBSERVED-ORDERING-ACTIVITIES
cluster-0004	0	N6893621D0026	0.000000	0.000000	0.000000	0	eliminated:OFFICE-NOT-AMONG-OBSERVED-ORDERING-ACTIVITIES
cluster-0004	0	N6893621D0043	0.000000	0.000000	0.000000	0	eliminated:OFFICE-NOT-AMONG-OBSERVED-ORDERING-ACTIVITIES
cluster-0004	0	N6893621D0044	0.000000	0.000000	0.000000	0	eliminated:OFFICE-NOT-AMONG-OBSERVED-ORDERING-ACTIVITIES
cluster-0004	0	N6893621D0045	0.000000	0.000000	0.000000	0	eliminated:OFFICE-NOT-AMONG-OBSERVED-ORDERING-ACTIVITIES
cluster-0004	0	N6893621D0046	0.000000	0.000000	0.000000	0	eliminated:OFFICE-NOT-AMONG-OBSERVED-ORDERING-ACTIVITIES
cluster-0004	0	N6893621D0051	0.000000	0.000000	0.000000	0	eliminated:OFFICE-NOT-AMONG-OBSERVED-ORDERING-ACTIVITIES
cluster-0004	0	N6893622D0002	0.000000	0.000000	0.000000	0	eliminated:OFFICE-NOT-AMONG-OBSERVED-ORDERING-ACTIVITIES
cluster-0004	0	N6893622D0004	0.000000	0.000000	0.000000	0	eliminated:OFFICE-NOT-AMONG-OBSERVED-ORDERING-ACTIVITIES
cluster-0004	0	N6893622D0007	0.000000	0.000000	0.000000	0	eliminated:OFFICE-NOT-AMONG-OBSERVED-ORDERING-ACTIVITIES
cluster-0004	0	N6893622D0008	0.000000	0.000000	0.000000	0	eliminated:OFFICE-NOT-AMONG-OBSERVED-ORDERING-ACTIVITIES
cluster-0004	0	N6893622D0009	0.000000	0.000000	0.000000	0	eliminated:OFFICE-NOT-AMONG-OBSERVED-ORDERING-ACTIVITIES
cluster-0004	0	N6893622D0010	0.000000	0.000000	0.000000	0	eliminated:OFFICE-NOT-AMONG-OBSERVED-ORDERING-ACTIVITIES
cluster-0004	0	N6893622D0011	0.000000	0.000000	0.000000	0	eliminated:OFFICE-NOT-AMONG-OBSERVED-ORDERING-ACTIVITIES
cluster-0004	0	N6893622D0014	0.000000	0.000000	0.000000	0	eliminated:OFFICE-NOT-AMONG-OBSERVED-ORDERING-ACTIVITIES
cluster-0004	0	N6893622D0015	0.000000	0.000000	0.000000	0	eliminated:OFFICE-NOT-AMONG-OBSERVED-ORDERING-ACTIVITIES
cluster-0004	0	N6893622D0017	0.000000	0.000000	0.000000	0	eliminated:OFFICE-NOT-AMONG-OBSERVED-ORDERING-ACTIVITIES
cluster-0004	0	N6893622D0018	0.000000	0.000000	0.000000	0	eliminated:OFFICE-NOT-AMONG-OBSERVED-ORDERING-ACTIVITIES
cluster-0004	0	N6893622D0021	0.000000	0.000000	0.000000	0	eliminated:OFFICE-NOT-AMONG-OBSERVED-ORDERING-ACTIVITIES
cluster-0004	0	N6893622D0024	0.000000	0.000000	0.000000	0	eliminated:OFFICE-NOT-AMONG-OBSERVED-ORDERING-ACTIVITIES
cluster-0004	0	N6893622D0025	0.000000	0.000000	0.000000	0	eliminated:OFFICE-NOT-AMONG-OBSERVED-ORDERING-ACTIVITIES
cluster-0004	0	N6893622D0026	0.000000	0.000000	0.000000	0	eliminated:OFFICE-NOT-AMONG-OBSERVED-ORDERING-ACTIVITIES
cluster-0004	0	N6893622D0027	0.000000	0.000000	0.000000	0	eliminated:OFFICE-NOT-AMONG-OBSERVED-ORDERING-ACTIVITIES
cluster-0004	0	N6893622D0028	0.000000	0.000000	0.000000	0	eliminated:OFFICE-NOT-AMONG-OBSERVED-ORDERING-ACTIVITIES
cluster-0004	0	N6893622D0032	0.000000	0.000000	0.000000	0	eliminated:OFFICE-NOT-AMONG-OBSERVED-ORDERING-ACTIVITIES
cluster-0004	0	N6893622D0034	0.000000	0.000000	0.000000	0	eliminated:OFFICE-NOT-AMONG-OBSERVED-ORDERING-ACTIVITIES
cluster-0004	0	N6893622D0036	0.000000	0.000000	0.000000	0	eliminated:OFFICE-NOT-AMONG-OBSERVED-ORDERING-ACTIVITIES
cluster-0004	0	N6893622D0038	0.000000	0.000000	0.000000	0	eliminated:OFFICE-NOT-AMONG-OBSERVED-ORDERING-ACTIVITIES
cluster-0004	0	N6893622D0041	0.000000	0.000000	0.000000	0	eliminated:OFFICE-NOT-AMONG-OBSERVED-ORDERING-ACTIVITIES
cluster-0004	0	N6893623D0001	0.000000	0.000000	0.000000	0	eliminated:OFFICE-NOT-AMONG-OBSERVED-ORDERING-ACTIVITIES
cluster-0004	0	N6893623D0013	0.000000	0.000000	0.000000	0	eliminated:OFFICE-NOT-AMONG-OBSERVED-ORDERING-ACTIVITIES
cluster-0004	0	N6893623D0014	0.000000	0.000000	0.000000	0	eliminated:OFFICE-NOT-AMONG-OBSERVED-ORDERING-ACTIVITIES
cluster-0004	0	N6893623D0018	0.000000	0.000000	0.000000	0	eliminated:OFFICE-NOT-AMONG-OBSERVED-ORDERING-ACTIVITIES
cluster-0004	0	N6893623D0019	0.000000	0.000000	0.000000	0	eliminated:OFFICE-NOT-AMONG-OBSERVED-ORDERING-ACTIVITIES
cluster-0004	0	N6893623D0021	0.000000	0.000000	0.000000	0	eliminated:OFFICE-NOT-AMONG-OBSERVED-ORDERING-ACTIVITIES
cluster-0004	0	N6893623D0023	0.000000	0.000000	0.000000	0	eliminated:OFFICE-NOT-AMONG-OBSERVED-ORDERING-ACTIVITIES
cluster-0004	0	N6893623D0025	0.000000	0.000000	0.000000	0	eliminated:OFFICE-NOT-AMONG-OBSERVED-ORDERING-ACTIVITIES
cluster-0004	0	N6893623D0026	0.000000	0.000000	0.000000	0	eliminated:OFFICE-NOT-AMONG-OBSERVED-ORDERING-ACTIVITIES
cluster-0004	0	N6893623D0028	0.000000	0.000000	0.000000	0	eliminated:OFFICE-NOT-AMONG-OBSERVED-ORDERING-ACTIVITIES
cluster-0004	0	N6893623D0029	0.000000	0.000000	0.000000	0	eliminated:OFFICE-NOT-AMONG-OBSERVED-ORDERING-ACTIVITIES
cluster-0004	0	N6893623D0033	0.000000	0.000000	0.000000	0	eliminated:OFFICE-NOT-AMONG-OBSERVED-ORDERING-ACTIVITIES
cluster-0004	0	N6893623D0034	0.000000	0.000000	0.000000	0	eliminated:OFFICE-NOT-AMONG-OBSERVED-ORDERING-ACTIVITIES
cluster-0004	0	N6893623D0036	0.000000	0.000000	0.000000	0	eliminated:OFFICE-NOT-AMONG-OBSERVED-ORDERING-ACTIVITIES
cluster-0004	0	N6893623D0037	0.000000	0.000000	0.000000	0	eliminated:OFFICE-NOT-AMONG-OBSERVED-ORDERING-ACTIVITIES
cluster-0004	0	N6893623D0039	0.000000	0.000000	0.000000	0	eliminated:OFFICE-NOT-AMONG-OBSERVED-ORDERING-ACTIVITIES
cluster-0004	0	N6893623D0041	0.000000	0.000000	0.000000	0	eliminated:OFFICE-NOT-AMONG-OBSERVED-ORDERING-ACTIVITIES
cluster-0004	0	N6893623D0042	0.000000	0.000000	0.000000	0	eliminated:OFFICE-NOT-AMONG-OBSERVED-ORDERING-ACTIVITIES
cluster-0004	0	N6893623D0045	0.000000	0.000000	0.000000	0	eliminated:OFFICE-NOT-AMONG-OBSERVED-ORDERING-ACTIVITIES
cluster-0004	0	N6893623D0046	0.000000	0.000000	0.000000	0	eliminated:OFFICE-NOT-AMONG-OBSERVED-ORDERING-ACTIVITIES
cluster-0004	0	N6893623D0047	0.000000	0.000000	0.000000	0	eliminated:OFFICE-NOT-AMONG-OBSERVED-ORDERING-ACTIVITIES
cluster-0004	0	N6893623D0051	0.000000	0.000000	0.000000	0	eliminated:OFFICE-NOT-AMONG-OBSERVED-ORDERING-ACTIVITIES
cluster-0004	0	N6893623D0054	0.000000	0.000000	0.000000	0	eliminated:OFFICE-NOT-AMONG-OBSERVED-ORDERING-ACTIVITIES
cluster-0004	0	N6893624D0001	0.000000	0.000000	0.000000	0	eliminated:OFFICE-NOT-AMONG-OBSERVED-ORDERING-ACTIVITIES
cluster-0004	0	N6893624D0002	0.000000	0.000000	0.000000	0	eliminated:OFFICE-NOT-AMONG-OBSERVED-ORDERING-ACTIVITIES
cluster-0004	0	N6893624D0003	0.000000	0.000000	0.000000	0	eliminated:OFFICE-NOT-AMONG-OBSERVED-ORDERING-ACTIVITIES
cluster-0004	0	N6893624D0004	0.000000	0.000000	0.000000	0	eliminated:OFFICE-NOT-AMONG-OBSERVED-ORDERING-ACTIVITIES
cluster-0004	0	N6893624D0006	0.000000	0.000000	0.000000	0	eliminated:OFFICE-NOT-AMONG-OBSERVED-ORDERING-ACTIVITIES
cluster-0004	0	N6893624D0007	0.000000	0.000000	0.000000	0	eliminated:OFFICE-NOT-AMONG-OBSERVED-ORDERING-ACTIVITIES
cluster-0004	0	N6893624D0008	0.000000	0.000000	0.000000	0	eliminated:OFFICE-NOT-AMONG-OBSERVED-ORDERING-ACTIVITIES
cluster-0004	0	N6893624D0009	0.000000	0.000000	0.000000	0	eliminated:OFFICE-NOT-AMONG-OBSERVED-ORDERING-ACTIVITIES
cluster-0004	0	N6893624D0012	0.000000	0.000000	0.000000	0	eliminated:OFFICE-NOT-AMONG-OBSERVED-ORDERING-ACTIVITIES
cluster-0004	0	N6893624D0013	0.000000	0.000000	0.000000	0	eliminated:OFFICE-NOT-AMONG-OBSERVED-ORDERING-ACTIVITIES
cluster-0004	0	N6893624D0015	0.000000	0.000000	0.000000	0	eliminated:OFFICE-NOT-AMONG-OBSERVED-ORDERING-ACTIVITIES
cluster-0004	0	N6893624D0017	0.000000	0.000000	0.000000	0	eliminated:OFFICE-NOT-AMONG-OBSERVED-ORDERING-ACTIVITIES
cluster-0004	0	N6893624D0020	0.000000	0.000000	0.000000	0	eliminated:OFFICE-NOT-AMONG-OBSERVED-ORDERING-ACTIVITIES
cluster-0004	0	N6893624D0022	0.000000	0.000000	0.000000	0	eliminated:OFFICE-NOT-AMONG-OBSERVED-ORDERING-ACTIVITIES
cluster-0004	0	N6893624D0023	0.000000	0.000000	0.000000	0	eliminated:OFFICE-NOT-AMONG-OBSERVED-ORDERING-ACTIVITIES
cluster-0004	0	N6893624D0025	0.000000	0.000000	0.000000	0	eliminated:OFFICE-NOT-AMONG-OBSERVED-ORDERING-ACTIVITIES
cluster-0004	0	N6893625D0001	0.000000	0.000000	0.000000	0	eliminated:OFFICE-NOT-AMONG-OBSERVED-ORDERING-ACTIVITIES
cluster-0004	0	N6893625D0008	0.000000	0.000000	0.000000	0	eliminated:OFFICE-NOT-AMONG-OBSERVED-ORDERING-ACTIVITIES
cluster-0004	0	N6893625D0011	0.000000	0.000000	0.000000	0	eliminated:OFFICE-NOT-AMONG-OBSERVED-ORDERING-ACTIVITIES
cluster-0004	0	N6893625D0013	0.000000	0.000000	0.000000	0	eliminated:OFFICE-NOT-AMONG-OBSERVED-ORDERING-ACTIVITIES
cluster-0004	0	SPE4A123G0002	0.000000	0.000000	0.000000	0	eliminated:OFFICE-NOT-AMONG-OBSERVED-ORDERING-ACTIVITIES
cluster-0004	0	W15QKN15D0001	0.000000	0.000000	0.000000	0	eliminated:OFFICE-NOT-AMONG-OBSERVED-ORDERING-ACTIVITIES
cluster-0005	1	N6893621D0011	0.063989	0.106649	0.000000	1	candidate
cluster-0005	2	N0042122D0101	0.042344	0.070573	0.000000	1	below-floor
cluster-0005	3	N0042120D0007	0.041313	0.068854	0.000000	1	below-floor
cluster-0005	4	N0042119D0055	0.038523	0.064205	0.000000	1	below-floor
cluster-0005	5	N6134018D0004	0.035412	0.059020	0.000000	1	below-floor
cluster-0005	6	N0042121D0010	0.035375	0.058958	0.000000	1	below-floor
cluster-0005	7	N0001925D0014	0.033293	0.055488	0.000000	1	below-floor
cluster-0005	8	SEAPORT-NXG	0.033026	0.055044	0.000000	1	below-floor
cluster-0005	9	N6134023D0008	0.032113	0.053521	0.000000	1	below-floor
cluster-0005	10	N6893618D0006	0.030932	0.051553	0.000000	1	below-floor
cluster-0005	11	N0042124D0020	0.027286	0.045477	0.000000	1	below-floor
cluster-0005	12	N6134022D0008	0.026509	0.044182	0.000000	1	below-floor
cluster-0005	13	N6893621D0051	0.025074	0.041790	0.000000	1	below-floor
cluster-0005	14	N0001925D0016	0.022211	0.037018	0.000000	1	below-floor
cluster-0005	15	N6893621D0024	0.021684	0.036139	0.000000	1	below-floor
cluster-0005	16	N0042116D0002	0.021414	0.035691	0.000000	1	below-floor
cluster-0005	17	N0001919D0023	0.017481	0.029134	0.000000	1	below-floor
cluster-0005	18	N0042119D0042	0.016000	0.026666	0.000000	1	below-floor
cluster-0005	19	N6893622D0002	0.015653	0.026089	0.000000	1	below-floor
cluster-0005	20	N0042118D0015	0.015438	0.025730	0.000000	1	below-floor
cluster-0005	21	N0001920D0051	0.014982	0.024969	0.000000	1	below-floor
cluster-0005	22	N0001918D0123	0.014362	0.023936	0.000000	1	below-floor
cluster-0005	23	N6833520G3036	0.016226	0.027043	0.000000	5	below-floor
cluster-0005	24	N6893620D0015	0.013851	0.023085	0.000000	1	below-floor
cluster-0005	25	N6893622D0007	0.013851	0.023085	0.000000	1	below-floor
cluster-0005	26	N6893622D0026	0.013054	0.021756	0.000000	1	below-floor
cluster-0005	27	N0042121D0019	0.012964	0.021607	0.000000	1	below-floor
cluster-0005	28	N6833522D0004	0.012920	0.021533	0.000000	1	below-floor
cluster-0005	29	N0042117D0045	0.012555	0.020925	0.000000	1	below-floor
cluster-0005	30	N0001920D0017	0.012409	0.020682	0.000000	1	below-floor
cluster-0005	31	N0042124D0006	0.012382	0.020637	0.000000	1	below-floor
cluster-0005	32	N6893614D0008	0.012206	0.020343	0.000000	1	below-floor
cluster-0005	33	N6893625D0013	0.012078	0.020130	0.000000	1	below-floor
cluster-0005	34	N0042120D0010	0.012028	0.020046	0.000000	1	below-floor
cluster-0005	35	N0001920D0023	0.011599	0.019331	0.000000	1	below-floor
cluster-0005	36	N6134021D0015	0.011534	0.019224	0.000000	1	below-floor
cluster-0005	37	N6893623D0014	0.011530	0.019217	0.000000	1	below-floor
cluster-0005	38	NAWCTSD-FTSS-V	0.011277	0.018795	0.000000	1	below-floor
cluster-0005	39	N6893623D0051	0.011221	0.018701	0.000000	1	below-floor
cluster-0005	40	N0042119D0065	0.010478	0.017463	0.000000	1	below-floor
cluster-0005	41	N0042123D0007	0.010425	0.017374	0.000000	1	below-floor
cluster-0005	42	N6833522D0017	0.010341	0.017236	0.000000	1	below-floor
cluster-0005	43	N0001924D0114	0.010147	0.016912	0.000000	1	below-floor
cluster-0005	44	N0001920D0109	0.009986	0.016644	0.000000	1	below-floor
cluster-0005	45	N0001921D0004	0.009911	0.016518	0.000000	1	below-floor
cluster-0005	46	N0042119D0024	0.009853	0.016421	0.000000	1	below-floor
cluster-0005	47	N0042119D0028	0.009469	0.015782	0.000000	1	below-floor
cluster-0005	48	N6893623D0023	0.009434	0.015723	0.000000	1	below-floor
cluster-0005	49	N6893619D0001	0.009290	0.015484	0.000000	1	below-floor
cluster-0005	50	N0001922D0004	0.009140	0.015234	0.000000	1	below-floor
cluster-0005	51	N6833521D0225	0.008862	0.014770	0.000000	1	below-floor
cluster-0005	52	N0042120D0071	0.008627	0.014379	0.000000	1	below-floor
cluster-0005	53	N6893622D0032	0.008620	0.014366	0.000000	1	below-floor
cluster-0005	54	N0001920D0013	0.008604	0.014340	0.000000	1	below-floor
cluster-0005	55	NAWCTSD-PACRM	0.008546	0.014244	0.000000	1	below-floor
cluster-0005	56	N0001923D0008	0.008488	0.014147	0.000000	1	below-floor
cluster-0005	57	N6893620D0014	0.008400	0.013999	0.000000	1	below-floor
cluster-0005	58	N6893621D0007	0.008292	0.013819	0.000000	1	below-floor
cluster-0005	59	N6893623D0019	0.008254	0.013756	0.000000	1	below-floor
cluster-0005	60	N0042122D0003	0.008221	0.013702	0.000000	1	below-floor
cluster-0005	61	N0042123D0005	0.008219	0.013699	0.000000	1	below-floor
cluster-0005	62	N6893622D0028	0.008026	0.013376	0.000000	1	below-floor
cluster-0005	63	N6893620D0005	0.007994	0.013324	0.000000	1	below-floor
cluster-0005	64	N0042118D0044	0.007969	0.013281	0.000000	1	below-floor
cluster-0005	65	N0042119D0001	0.007912	0.013187	0.000000	1	below-floor
cluster-0005	66	N0042119D0075	0.007888	0.013146	0.000000	1	below-floor
cluster-0005	67	N6852021D0006	0.007808	0.013014	0.000000	1	below-floor
cluster-0005	68	N0042118D0042	0.007781	0.012968	0.000000	1	below-floor
cluster-0005	69	N0042122D0094	0.007691	0.012819	0.000000	1	below-floor
cluster-0005	70	N0042119D0066	0.007683	0.012806	0.000000	1	below-floor
cluster-0005	71	N0042118D0017	0.007304	0.012174	0.000000	1	below-floor
cluster-0005	72	N0042122D0099	0.007272	0.012120	0.000000	1	below-floor
cluster-0005	73	NAWCTSD-TSC-IV	0.007071	0.011785	0.000000	1	below-floor
cluster-0005	74	N6134020D0011	0.007061	0.011769	0.000000	1	below-floor
cluster-0005	75	N0001917D0009	0.006978	0.011629	0.000000	1	below-floor
cluster-0005	76	N6134016D1005	0.006776	0.011294	0.000000	1	below-floor
cluster-0005	77	N6893623D0047	0.006765	0.011275	0.000000	1	below-floor
cluster-0005	78	N6852025D0001	0.006684	0.011140	0.000000	1	below-floor
cluster-0005	79	N6893616D0018	0.006545	0.010908	0.000000	1	below-floor
cluster-0005	80	N6893620D0016	0.006475	0.010792	0.000000	1	below-floor
cluster-0005	81	N0042119D0023	0.006397	0.010661	0.000000	1	below-floor
cluster-0005	82	N0042120D0072	0.006381	0.010634	0.000000	1	below-floor
cluster-0005	83	N6893619D0048	0.006319	0.010532	0.000000	1	below-floor
cluster-0005	84	N6893621D0046	0.006235	0.010392	0.000000	1	below-floor
cluster-0005	85	N6893620D0033	0.006210	0.010350	0.000000	1	below-floor
cluster-0005	86	N6134025D0005	0.006122	0.010203	0.000000	1	below-floor
cluster-0005	87	N0042120D0015	0.006041	0.010069	0.000000	1	below-floor
cluster-0005	88	N6893620D0007	0.006017	0.010028	0.000000	1	below-floor
cluster-0005	89	N0001920D0106	0.005956	0.009927	0.000000	1	below-floor
cluster-0005	90	N6852023D0014	0.005907	0.009845	0.000000	1	below-floor
cluster-0005	91	N6134021D0016	0.005896	0.009827	0.000000	1	below-floor
cluster-0005	92	N0001919D0005	0.005867	0.009779	0.000000	1	below-floor
cluster-0005	93	N0042119D0035	0.005806	0.009677	0.000000	1	below-floor
cluster-0005	94	N0001919D0001	0.005801	0.009669	0.000000	1	below-floor
cluster-0005	95	N6893618D0012	0.005784	0.009640	0.000000	1	below-floor
cluster-0005	96	N6893618D0036	0.005780	0.009634	0.000000	1	below-floor
cluster-0005	97	N6833521D0048	0.005698	0.009496	0.000000	1	below-floor
cluster-0005	98	N6893624D0023	0.005687	0.009479	0.000000	1	below-floor
cluster-0005	99	N6852021D0002	0.005683	0.009471	0.000000	1	below-floor
cluster-0005	100	N0042119D0033	0.005671	0.009452	0.000000	1	below-floor
cluster-0005	101	N6893624D0007	0.005664	0.009440	0.000000	1	below-floor
cluster-0005	102	N0001920D0001	0.005639	0.009399	0.000000	1	below-floor
cluster-0005	103	N6893623D0026	0.005633	0.009389	0.000000	1	below-floor
cluster-0005	104	N0042121D0008	0.005620	0.009366	0.000000	1	below-floor
cluster-0005	105	N6893623D0033	0.005616	0.009359	0.000000	1	below-floor
cluster-0005	106	N0042125D0303	0.005505	0.009174	0.000000	1	below-floor
cluster-0005	107	N6893623D0036	0.005432	0.009053	0.000000	1	below-floor
cluster-0005	108	N0042118D0054	0.005362	0.008937	0.000000	1	below-floor
cluster-0005	109	N6893621D0016	0.005355	0.008925	0.000000	1	below-floor
cluster-0005	110	N0042123D0011	0.005347	0.008912	0.000000	1	below-floor
cluster-0005	111	N0042122D0096	0.005337	0.008895	0.000000	1	below-floor
cluster-0005	112	N6893621D0001	0.005262	0.008771	0.000000	1	below-floor
cluster-0005	113	N6893623D0041	0.005202	0.008670	0.000000	1	below-floor
cluster-0005	114	N0042121D0005	0.005130	0.008551	0.000000	1	below-floor
cluster-0005	115	N6833524D0003	0.005096	0.008494	0.000000	1	below-floor
cluster-0005	116	N0042117D0015	0.005072	0.008453	0.000000	1	below-floor
cluster-0005	117	N0042120D0001	0.005032	0.008387	0.000000	1	below-floor
cluster-0005	118	N0001922D0013	0.004946	0.008243	0.000000	1	below-floor
cluster-0005	119	N6893622D0004	0.004868	0.008113	0.000000	1	below-floor
cluster-0005	120	N0042120D0108	0.004758	0.007929	0.000000	1	below-floor
cluster-0005	121	N0001917D0089	0.004595	0.007659	0.000000	1	below-floor
cluster-0005	122	N0001923D0012	0.004523	0.007538	0.000000	1	below-floor
cluster-0005	123	N6833523D0004	0.004495	0.007492	0.000000	1	below-floor
cluster-0005	124	N0042120D0073	0.004491	0.007484	0.000000	1	below-floor
cluster-0005	125	N6893622D0024	0.004467	0.007445	0.000000	1	below-floor
cluster-0005	126	N0042118D0016	0.004358	0.007264	0.000000	1	below-floor
cluster-0005	127	N6134020D0024	0.004320	0.007200	0.000000	1	below-floor
cluster-0005	128	N6134024D0001	0.004266	0.007109	0.000000	1	below-floor
cluster-0005	129	N6893622D0038	0.004250	0.007084	0.000000	1	below-floor
cluster-0005	130	N0042125D0302	0.004184	0.006974	0.000000	1	below-floor
cluster-0005	131	N0042118D0028	0.004161	0.006936	0.000000	1	below-floor
cluster-0005	132	N0042119D0029	0.004103	0.006839	0.000000	1	below-floor
cluster-0005	133	N6893619D0020	0.004050	0.006750	0.000000	1	below-floor
cluster-0005	134	N6833522D0013	0.004031	0.006718	0.000000	1	below-floor
cluster-0005	135	N6833516D0013	0.004017	0.006696	0.000000	1	below-floor
cluster-0005	136	N6893619D0035	0.003951	0.006584	0.000000	1	below-floor
cluster-0005	137	N6134024D0013	0.003840	0.006401	0.000000	1	below-floor
cluster-0005	138	N0001925D0012	0.003826	0.006377	0.000000	1	below-floor
cluster-0005	139	N0042124D0012	0.003771	0.006284	0.000000	1	below-floor
cluster-0005	140	N0001920D0004	0.003750	0.006251	0.000000	1	below-floor
cluster-0005	141	N6833523D0035	0.003734	0.006224	0.000000	1	below-floor
cluster-0005	142	N0042119D0047	0.003727	0.006211	0.000000	1	below-floor
cluster-0005	143	N0042120D0023	0.003698	0.006164	0.000000	1	below-floor
cluster-0005	144	N0001925D0009	0.003578	0.005963	0.000000	1	below-floor
cluster-0005	145	N0001922D0009	0.003570	0.005950	0.000000	1	below-floor
cluster-0005	146	N6893624D0001	0.003570	0.005951	0.000000	1	below-floor
cluster-0005	147	NAWCAD-CYBER-IDIQ	0.003568	0.005946	0.000000	1	below-floor
cluster-0005	148	N6893616D0016	0.003559	0.005932	0.000000	1	below-floor
cluster-0005	149	N0042120D0006	0.003550	0.005916	0.000000	1	below-floor
cluster-0005	150	N0042124D0011	0.003517	0.005862	0.000000	1	below-floor
cluster-0005	151	N6134020D0025	0.003455	0.005758	0.000000	1	below-floor
cluster-0005	152	N6134023D0001	0.003387	0.005646	0.000000	1	below-floor
cluster-0005	153	N6893619D0008	0.003343	0.005572	0.000000	1	below-floor
cluster-0005	154	N0001921D0050	0.003299	0.005499	0.000000	1	below-floor
cluster-0005	155	N6893623D0013	0.003281	0.005469	0.000000	1	below-floor
cluster-0005	156	N0001925D0023	0.003272	0.005454	0.000000	1	below-floor
cluster-0005	157	N6893619D0007	0.003250	0.005416	0.000000	1	below-floor
cluster-0005	158	N0001922D0040	0.003246	0.005410	0.000000	1	below-floor
cluster-0005	159	N6893622D0009	0.003239	0.005399	0.000000	1	below-floor
cluster-0005	160	N6893624D0002	0.003176	0.005293	0.000000	1	below-floor
cluster-0005	161	N6893622D0017	0.003159	0.005264	0.000000	1	below-floor
cluster-0005	162	N0042121D0037	0.003151	0.005252	0.000000	1	below-floor
cluster-0005	163	N0001923D0013	0.003148	0.005247	0.000000	1	below-floor
cluster-0005	164	N6833524D0010	0.003090	0.005151	0.000000	1	below-floor
cluster-0005	165	N6833521D0227	0.003057	0.005095	0.000000	1	below-floor
cluster-0005	166	N0001923D0010	0.002890	0.004817	0.000000	1	below-floor
cluster-0005	167	N6134020D0008	0.002836	0.004727	0.000000	1	below-floor
cluster-0005	168	N6833522D0005	0.002829	0.004714	0.000000	1	below-floor
cluster-0005	169	N6134020D0019	0.002788	0.004646	0.000000	1	below-floor
cluster-0005	170	N6893622D0008	0.002786	0.004644	0.000000	1	below-floor
cluster-0005	171	N6134023D0004	0.002763	0.004605	0.000000	1	below-floor
cluster-0005	172	N6852021D0005	0.002733	0.004555	0.000000	1	below-floor
cluster-0005	173	N0042120D0012	0.002714	0.004523	0.000000	1	below-floor
cluster-0005	174	N0042124D0005	0.002696	0.004493	0.000000	1	below-floor
cluster-0005	175	N6893623D0034	0.002688	0.004481	0.000000	1	below-floor
cluster-0005	176	N0001922D0003	0.002625	0.004375	0.000000	1	below-floor
cluster-0005	177	N0001918D0118	0.002624	0.004374	0.000000	1	below-floor
cluster-0005	178	N6134015D0003	0.002570	0.004284	0.000000	1	below-floor
cluster-0005	179	N6134017D0002	0.002512	0.004187	0.000000	1	below-floor
cluster-0005	180	N0001922D0006	0.002498	0.004163	0.000000	1	below-floor
cluster-0005	181	N6852023D0012	0.002442	0.004069	0.000000	1	below-floor
cluster-0005	182	N6134018D0002	0.002435	0.004059	0.000000	1	below-floor
cluster-0005	183	N0042117D0052	0.002402	0.004003	0.000000	1	below-floor
cluster-0005	184	N6833524D0021	0.002402	0.004003	0.000000	1	below-floor
cluster-0005	185	N6893620D0001	0.002402	0.004003	0.000000	1	below-floor
cluster-0005	186	N0042121D0035	0.002328	0.003880	0.000000	1	below-floor
cluster-0005	187	N0001924D0126	0.002306	0.003844	0.000000	1	below-floor
cluster-0005	188	N6134016D1003	0.002295	0.003826	0.000000	1	below-floor
cluster-0005	189	N0001918D0111	0.002274	0.003790	0.000000	1	below-floor
cluster-0005	190	N0001923D0018	0.002270	0.003783	0.000000	1	below-floor
cluster-0005	191	N0001421D4002	0.002235	0.003725	0.000000	1	below-floor
cluster-0005	192	N6134018D0009	0.002233	0.003721	0.000000	1	below-floor
cluster-0005	193	N6833520D0022	0.002222	0.003704	0.000000	1	below-floor
cluster-0005	194	N0001923D0001	0.002217	0.003695	0.000000	1	below-floor
cluster-0005	195	N6893623D0001	0.002125	0.003542	0.000000	1	below-floor
cluster-0005	196	N0001918D0001	0.002112	0.003520	0.000000	1	below-floor
cluster-0005	197	NAWCAD-SCI-MAC	0.002107	0.003511	0.000000	1	below-floor
cluster-0005	198	N0001921D0010	0.002076	0.003460	0.000000	1	below-floor
cluster-0005	199	N0042121D0001	0.002062	0.003437	0.000000	1	below-floor
cluster-0005	200	N0001924D0110	0.002040	0.003400	0.000000	1	below-floor
cluster-0005	201	N6852023D0013	0.002011	0.003352	0.000000	1	below-floor
cluster-0005	202	N0001922D0001	0.001974	0.003291	0.000000	1	below-floor
cluster-0005	203	N6893623D0018	0.001966	0.003277	0.000000	1	below-floor
cluster-0005	204	N6833523D0003	0.001964	0.003273	0.000000	1	below-floor
cluster-0005	205	N6852022D0003	0.001949	0.003249	0.000000	1	below-floor
cluster-0005	206	N0001920D0007	0.001946	0.003243	0.000000	1	below-floor
cluster-0005	207	N6893624D0003	0.001931	0.003219	0.000000	1	below-floor
cluster-0005	208	N6833516D0020	0.001920	0.003201	0.000000	1	below-floor
cluster-0005	209	N0001918D0110	0.001917	0.003195	0.000000	1	below-floor
cluster-0005	210	N6893623D0028	0.001901	0.003169	0.000000	1	below-floor
cluster-0005	211	N0001922D0038	0.001900	0.003166	0.000000	1	below-floor
cluster-0005	212	N6893618D0029	0.001873	0.003122	0.000000	1	below-floor
cluster-0005	213	N6134020D0021	0.001869	0.003115	0.000000	1	below-floor
cluster-0005	214	N6893622D0014	0.001854	0.003090	0.000000	1	below-floor
cluster-0005	215	N0001922D0011	0.001852	0.003086	0.000000	1	below-floor
cluster-0005	216	N6134022D0006	0.001827	0.003045	0.000000	1	below-floor
cluster-0005	217	N0024424D0005	0.001809	0.003015	0.000000	1	below-floor
cluster-0005	218	N6134022D0002	0.001778	0.002963	0.000000	1	below-floor
cluster-0005	219	N6134021D0017	0.001737	0.002896	0.000000	1	below-floor
cluster-0005	220	N0042120D0123	0.001700	0.002833	0.000000	1	below-floor
cluster-0005	221	N6893624D0025	0.001671	0.002785	0.000000	1	below-floor
cluster-0005	222	N0042120D0028	0.001624	0.002707	0.000000	1	below-floor
cluster-0005	223	N0042119D0026	0.001574	0.002623	0.000000	1	below-floor
cluster-0005	224	N6852023D0001	0.001551	0.002585	0.000000	1	below-floor
cluster-0005	225	N6893624D0015	0.001534	0.002556	0.000000	1	below-floor
cluster-0005	226	N6893623D0045	0.001524	0.002539	0.000000	1	below-floor
cluster-0005	227	N0001922D0042	0.001520	0.002533	0.000000	1	below-floor
cluster-0005	228	N6833521D0229	0.001505	0.002509	0.000000	1	below-floor
cluster-0005	229	N0042119D0002	0.001503	0.002506	0.000000	1	below-floor
cluster-0005	230	N6833518D0031	0.001490	0.002484	0.000000	1	below-floor
cluster-0005	231	N0042122D0001	0.001471	0.002451	0.000000	1	below-floor
cluster-0005	232	N0042121D0002	0.001434	0.002389	0.000000	1	below-floor
cluster-0005	233	N6893620D0018	0.001376	0.002293	0.000000	1	below-floor
cluster-0005	234	N6833521D0214	0.001363	0.002272	0.000000	1	below-floor
cluster-0005	235	N0042124D0071	0.001315	0.002191	0.000000	1	below-floor
cluster-0005	236	N0042120D0024	0.001282	0.002136	0.000000	1	below-floor
cluster-0005	237	N6833523D0046	0.001280	0.002133	0.000000	1	below-floor
cluster-0005	238	N6893625D0008	0.001235	0.002058	0.000000	1	below-floor
cluster-0005	239	N6833519D0135	0.001230	0.002050	0.000000	1	below-floor
cluster-0005	240	N6893622D0010	0.001212	0.002019	0.000000	1	below-floor
cluster-0005	241	N6893620D0024	0.001205	0.002008	0.000000	1	below-floor
cluster-0005	242	N0042115D0005	0.001204	0.002007	0.000000	1	below-floor
cluster-0005	243	N0042116D0013	0.001180	0.001966	0.000000	1	below-floor
cluster-0005	244	N0042122D0103	0.001180	0.001966	0.000000	1	below-floor
cluster-0005	245	N6893621D0017	0.001161	0.001936	0.000000	1	below-floor
cluster-0005	246	N0001924D0119	0.001129	0.001882	0.000000	1	below-floor
cluster-0005	247	N0001921D0015	0.001128	0.001880	0.000000	1	below-floor
cluster-0005	248	N6833523D0025	0.001078	0.001797	0.000000	1	below-floor
cluster-0005	249	N0042121D0007	0.001020	0.001701	0.000000	1	below-floor
cluster-0005	250	N6893621D0045	0.000954	0.001590	0.000000	1	below-floor
cluster-0005	251	N6893623D0029	0.000953	0.001589	0.000000	1	below-floor
cluster-0005	252	N6893623D0021	0.000939	0.001565	0.000000	1	below-floor
cluster-0005	253	N6833521D0046	0.000920	0.001534	0.000000	1	below-floor
cluster-0005	254	N6134019D1006	0.000884	0.001473	0.000000	1	below-floor
cluster-0005	255	N0042121D0018	0.000870	0.001450	0.000000	1	below-floor
cluster-0005	256	N6893622D0041	0.000854	0.001423	0.000000	1	below-floor
cluster-0005	257	N6893625D0011	0.000850	0.001417	0.000000	1	below-floor
cluster-0005	258	N0042120D0003	0.000841	0.001402	0.000000	1	below-floor
cluster-0005	259	N0042116D0005	0.000839	0.001399	0.000000	1	below-floor
cluster-0005	260	N6833515D0026	0.000826	0.001377	0.000000	1	below-floor
cluster-0005	261	N6893624D0006	0.000826	0.001377	0.000000	1	below-floor
cluster-0005	262	N6833521D0049	0.000766	0.001277	0.000000	1	below-floor
cluster-0005	263	N0042117D0031	0.000755	0.001258	0.000000	1	below-floor
cluster-0005	264	N0042125D0301	0.000726	0.001210	0.000000	1	below-floor
cluster-0005	265	N0042122D0084	0.000709	0.001182	0.000000	1	below-floor
cluster-0005	266	N6893623D0042	0.000675	0.001126	0.000000	1	below-floor
cluster-0005	267	N0001923D0011	0.000661	0.001102	0.000000	1	below-floor
cluster-0005	268	N0001919D0032	0.000636	0.001060	0.000000	1	below-floor
cluster-0005	269	N0042118D0059	0.000627	0.001044	0.000000	1	below-floor
cluster-0005	270	N0042124D0022	0.000609	0.001015	0.000000	1	below-floor
cluster-0005	271	N6893618D0026	0.000605	0.001008	0.000000	1	below-floor
cluster-0005	272	N0042120D0117	0.000554	0.000924	0.000000	1	below-floor
cluster-0005	273	N6893623D0046	0.000543	0.000905	0.000000	1	below-floor
cluster-0005	274	N0001918D0103	0.000536	0.000893	0.000000	1	below-floor
cluster-0005	275	N6893622D0018	0.000482	0.000804	0.000000	1	below-floor
cluster-0005	276	N6852023D0111	0.000478	0.000796	0.000000	1	below-floor
cluster-0005	277	N0042119D0076	0.000441	0.000734	0.000000	1	below-floor
cluster-0005	278	N0042118D0001	0.000440	0.000733	0.000000	1	below-floor
cluster-0005	279	N0042119D0071	0.000428	0.000713	0.000000	1	below-floor
cluster-0005	280	N0042117D0027	0.000356	0.000594	0.000000	1	below-floor
cluster-0005	281	N0001920D0016	0.000317	0.000528	0.000000	1	below-floor
cluster-0005	282	N0001917D0004	0.000000	0.000000	0.000000	1	below-floor
cluster-0005	283	N0001917D0101	0.000000	0.000000	0.000000	1	below-floor
cluster-0005	284	N0001919D0012	0.000000	0.000000	0.000000	1	below-floor
cluster-0005	285	N0001919D0013	0.000000	0.000000	0.000000	1	below-floor
cluster-0005	286	N0001919D0015	0.000000	0.000000	0.000000	1	below-floor
cluster-0005	287	N0001919D0021	0.000000	0.000000	0.000000	1	below-floor
cluster-0005	288	N0001919D0026	0.000000	0.000000	0.000000	1	below-floor
cluster-0005	289	N0001919D0027	0.000000	0.000000	0.000000	1	below-floor
cluster-0005	290	N0001920D0008	0.000000	0.000000	0.000000	1	below-floor
cluster-0005	291	N0001920D0024	0.000000	0.000000	0.000000	1	below-floor
cluster-0005	292	N0001921D0001	0.000000	0.000000	0.000000	1	below-floor
cluster-0005	293	N0001921D0011	0.000000	0.000000	0.000000	1	below-floor
cluster-0005	294	N0001922D0007	0.000000	0.000000	0.000000	1	below-floor
cluster-0005	295	N0001922D0008	0.000000	0.000000	0.000000	1	below-floor
cluster-0005	296	N0001922D0022	0.000000	0.000000	0.000000	1	below-floor
cluster-0005	297	N0001922D0043	0.000000	0.000000	0.000000	1	below-floor
cluster-0005	298	N0001923D0009	0.000000	0.000000	0.000000	1	below-floor
cluster-0005	299	N0001923D0014	0.000000	0.000000	0.000000	1	below-floor
cluster-0005	300	N0001923D0015	0.000000	0.000000	0.000000	1	below-floor
cluster-0005	301	N0001923D0022	0.000000	0.000000	0.000000	1	below-floor
cluster-0005	302	N0001924D0004	0.000000	0.000000	0.000000	1	below-floor
cluster-0005	303	N0001924D0008	0.000000	0.000000	0.000000	1	below-floor
cluster-0005	304	N0001924D0106	0.000000	0.000000	0.000000	1	below-floor
cluster-0005	305	N0024424D0010	0.000000	0.000000	0.000000	1	below-floor
cluster-0005	306	N0038324DBK01	0.000000	0.000000	0.000000	1	below-floor
cluster-0005	307	N0042117D0032	0.000000	0.000000	0.000000	1	below-floor
cluster-0005	308	N0042118D0007	0.000000	0.000000	0.000000	1	below-floor
cluster-0005	309	N0042118D0030	0.000000	0.000000	0.000000	1	below-floor
cluster-0005	310	N0042118D0062	0.000000	0.000000	0.000000	1	below-floor
cluster-0005	311	N0042119D0058	0.000000	0.000000	0.000000	1	below-floor
cluster-0005	312	N0042119D0060	0.000000	0.000000	0.000000	1	below-floor
cluster-0005	313	N0042119D0067	0.000000	0.000000	0.000000	1	below-floor
cluster-0005	314	N0042120D0109	0.000000	0.000000	0.000000	1	below-floor
cluster-0005	315	N0042120D0115	0.000000	0.000000	0.000000	1	below-floor
cluster-0005	316	N0042121D0023	0.000000	0.000000	0.000000	1	below-floor
cluster-0005	317	N0042121D0033	0.000000	0.000000	0.000000	1	below-floor
cluster-0005	318	N0042121D0034	0.000000	0.000000	0.000000	1	below-floor
cluster-0005	319	N0042122D0002	0.000000	0.000000	0.000000	1	below-floor
cluster-0005	320	N0042122D0005	0.000000	0.000000	0.000000	1	below-floor
cluster-0005	321	N0042123D0001	0.000000	0.000000	0.000000	1	below-floor
cluster-0005	322	N0042123D0019	0.000000	0.000000	0.000000	1	below-floor
cluster-0005	323	N0042124D0008	0.000000	0.000000	0.000000	1	below-floor
cluster-0005	324	N6134019D0003	0.000000	0.000000	0.000000	1	below-floor
cluster-0005	325	N6134019D0906	0.000000	0.000000	0.000000	1	below-floor
cluster-0005	326	N6134019D1010	0.000000	0.000000	0.000000	1	below-floor
cluster-0005	327	N6134020D0002	0.000000	0.000000	0.000000	1	below-floor
cluster-0005	328	N6134020D0004	0.000000	0.000000	0.000000	1	below-floor
cluster-0005	329	N6134020D0015	0.000000	0.000000	0.000000	1	below-floor
cluster-0005	330	N6134020D0020	0.000000	0.000000	0.000000	1	below-floor
cluster-0005	331	N6134021D0013	0.000000	0.000000	0.000000	1	below-floor
cluster-0005	332	N6134022D0004	0.000000	0.000000	0.000000	1	below-floor
cluster-0005	333	N6134023D0003	0.000000	0.000000	0.000000	1	below-floor
cluster-0005	334	N6134024D0006	0.000000	0.000000	0.000000	1	below-floor
cluster-0005	335	N6134025D0006	0.000000	0.000000	0.000000	1	below-floor
cluster-0005	336	N6833517D0021	0.000000	0.000000	0.000000	1	below-floor
cluster-0005	337	N6833519D0082	0.000000	0.000000	0.000000	1	below-floor
cluster-0005	338	N6833520D0032	0.000000	0.000000	0.000000	1	below-floor
cluster-0005	339	N6833520D0048	0.000000	0.000000	0.000000	1	below-floor
cluster-0005	340	N6833520D0935	0.000000	0.000000	0.000000	1	below-floor
cluster-0005	341	N6833521D0045	0.000000	0.000000	0.000000	1	below-floor
cluster-0005	342	N6833521D0053	0.000000	0.000000	0.000000	1	below-floor
cluster-0005	343	N6833521D0064	0.000000	0.000000	0.000000	1	below-floor
cluster-0005	344	N6833522D0008	0.000000	0.000000	0.000000	1	below-floor
cluster-0005	345	N6833522D0012	0.000000	0.000000	0.000000	1	below-floor
cluster-0005	346	N6833522D0022	0.000000	0.000000	0.000000	1	below-floor
cluster-0005	347	N6833522D0037	0.000000	0.000000	0.000000	1	below-floor
cluster-0005	348	N6833522D0039	0.000000	0.000000	0.000000	1	below-floor
cluster-0005	349	N6833523D0001	0.000000	0.000000	0.000000	1	below-floor
cluster-0005	350	N6833523D0010	0.000000	0.000000	0.000000	1	below-floor
cluster-0005	351	N6833523D0017	0.000000	0.000000	0.000000	1	below-floor
cluster-0005	352	N6833523D0029	0.000000	0.000000	0.000000	1	below-floor
cluster-0005	353	N6833524D0002	0.000000	0.000000	0.000000	1	below-floor
cluster-0005	354	N6833524D0009	0.000000	0.000000	0.000000	1	below-floor
cluster-0005	355	N6833524D0018	0.000000	0.000000	0.000000	1	below-floor
cluster-0005	356	N6833524D0019	0.000000	0.000000	0.000000	1	below-floor
cluster-0005	357	N6833524D0020	0.000000	0.000000	0.000000	1	below-floor
cluster-0005	358	N6833524D0023	0.000000	0.000000	0.000000	1	below-floor
cluster-0005	359	N6833525D0001	0.000000	0.000000	0.000000	1	below-floor
cluster-0005	360	N6833525D0004	0.000000	0.000000	0.000000	1	below-floor
cluster-0005	361	N6833525D0005	0.000000	0.000000	0.000000	1	below-floor
cluster-0005	362	N6833525D0010	0.000000	0.000000	0.000000	1	below-floor
cluster-0005	363	N6852020D0012	0.000000	0.000000	0.000000	1	below-floor
cluster-0005	364	N6852021D0004	0.000000	0.000000	0.000000	1	below-floor
cluster-0005	365	N6852023D0011	0.000000	0.000000	0.000000	1	below-floor
cluster-0005	366	N6893615D0015	0.000000	0.000000	0.000000	1	below-floor
cluster-0005	367	N6893617D0010	0.000000	0.000000	0.000000	1	below-floor
cluster-0005	368	N6893618D0014	0.000000	0.000000	0.000000	1	below-floor
cluster-0005	369	N6893618D0015	0.000000	0.000000	0.000000	1	below-floor
cluster-0005	370	N6893619D0017	0.000000	0.000000	0.000000	1	below-floor
cluster-0005	371	N6893619D0027	0.000000	0.000000	0.000000	1	below-floor
cluster-0005	372	N6893621D0009	0.000000	0.000000	0.000000	1	below-floor
cluster-0005	373	N6893621D0010	0.000000	0.000000	0.000000	1	below-floor
cluster-0005	374	N6893621D0026	0.000000	0.000000	0.000000	1	below-floor
cluster-0005	375	N6893621D0043	0.000000	0.000000	0.000000	1	below-floor
cluster-0005	376	N6893621D0044	0.000000	0.000000	0.000000	1	below-floor
cluster-0005	377	N6893622D0011	0.000000	0.000000	0.000000	1	below-floor
cluster-0005	378	N6893622D0015	0.000000	0.000000	0.000000	1	below-floor
cluster-0005	379	N6893622D0021	0.000000	0.000000	0.000000	1	below-floor
cluster-0005	380	N6893622D0025	0.000000	0.000000	0.000000	1	below-floor
cluster-0005	381	N6893622D0027	0.000000	0.000000	0.000000	1	below-floor
cluster-0005	382	N6893622D0034	0.000000	0.000000	0.000000	1	below-floor
cluster-0005	383	N6893622D0036	0.000000	0.000000	0.000000	1	below-floor
cluster-0005	384	N6893623D0025	0.000000	0.000000	0.000000	1	below-floor
cluster-0005	385	N6893623D0037	0.000000	0.000000	0.000000	1	below-floor
cluster-0005	386	N6893623D0039	0.000000	0.000000	0.000000	1	below-floor
cluster-0005	387	N6893623D0054	0.000000	0.000000	0.000000	1	below-floor
cluster-0005	388	N6893624D0004	0.000000	0.000000	0.000000	1	below-floor
cluster-0005	389	N6893624D0008	0.000000	0.000000	0.000000	1	below-floor
cluster-0005	390	N6893624D0009	0.000000	0.000000	0.000000	1	below-floor
cluster-0005	391	N6893624D0012	0.000000	0.000000	0.000000	1	below-floor
cluster-0005	392	N6893624D0013	0.000000	0.000000	0.000000	1	below-floor
cluster-0005	393	N6893624D0017	0.000000	0.000000	0.000000	1	below-floor
cluster-0005	394	N6893624D0020	0.000000	0.000000	0.000000	1	below-floor
cluster-0005	395	N6893624D0022	0.000000	0.000000	0.000000	1	below-floor
cluster-0005	396	N6893625D0001	0.000000	0.000000	0.000000	1	below-floor
cluster-0005	397	N6883621A0003	0.011299	0.018832	0.000000	2	below-floor
cluster-0005	398	GSA-MAS	0.007566	0.012610	0.000000	2	below-floor
cluster-0005	399	N6852024A0004	0.005134	0.008557	0.000000	2	below-floor
cluster-0005	400	N6833523A0194	0.003752	0.006254	0.000000	2	below-floor
cluster-0005	401	N0042124A0005	0.002969	0.004948	0.000000	2	below-floor
cluster-0005	402	DON-ESL-BPA	0.001798	0.002997	0.000000	2	below-floor
cluster-0005	403	N0042124A0003	0.001400	0.002334	0.000000	2	below-floor
cluster-0005	404	N0042124A0004	0.000731	0.001218	0.000000	2	below-floor
cluster-0005	405	N6833522A0017	0.000000	0.000000	0.000000	2	below-floor
cluster-0005	406	N6833522A0027	0.000000	0.000000	0.000000	2	below-floor
cluster-0005	407	N6833522A0029	0.000000	0.000000	0.000000	2	below-floor
cluster-0005	408	N6833522A0032	0.000000	0.000000	0.000000	2	below-floor
cluster-0005	409	N6833522A0035	0.000000	0.000000	0.000000	2	below-floor
cluster-0005	410	N6833523A0016	0.000000	0.000000	0.000000	2	below-floor
cluster-0005	411	N6833523A0018	0.000000	0.000000	0.000000	2	below-floor
cluster-0005	412	N6833523A0020	0.000000	0.000000	0.000000	2	below-floor
cluster-0005	413	N6833523A0021	0.000000	0.000000	0.000000	2	below-floor
cluster-0005	414	N6833523A0025	0.000000	0.000000	0.000000	2	below-floor
cluster-0005	415	N6833523A0027	0.000000	0.000000	0.000000	2	below-floor
cluster-0005	416	N6833523A0028	0.000000	0.000000	0.000000	2	below-floor
cluster-0005	417	N6833523A0029	0.000000	0.000000	0.000000	2	below-floor
cluster-0005	418	N6833523A0030	0.000000	0.000000	0.000000	2	below-floor
cluster-0005	419	N6833523A0038	0.000000	0.000000	0.000000	2	below-floor
cluster-0005	420	N6833523A0040	0.000000	0.000000	0.000000	2	below-floor
cluster-0005	421	N6833523A0041	0.000000	0.000000	0.000000	2	below-floor
cluster-0005	422	N6833523A0043	0.000000	0.000000	0.000000	2	below-floor
cluster-0005	423	N6833523A0049	0.000000	0.000000	0.000000	2	below-floor
cluster-0005	424	N6833523A0051	0.000000	0.000000	0.000000	2	below-floor
cluster-0005	425	N6833523A0059	0.000000	0.000000	0.000000	2	below-floor
cluster-0005	426	N6833523A0062	0.000000	0.000000	0.000000	2	below-floor
cluster-0005	427	N6833523A0120	0.000000	0.000000	0.000000	2	below-floor
cluster-0005	428	N6833523A0134	0.000000	0.000000	0.000000	2	below-floor
cluster-0005	429	N6833523A0151	0.000000	0.000000	0.000000	2	below-floor
cluster-0005	430	N6833523A0153	0.000000	0.000000	0.000000	2	below-floor
cluster-0005	431	N6833523A0167	0.000000	0.000000	0.000000	2	below-floor
cluster-0005	432	N6833524A0002	0.000000	0.000000	0.000000	2	below-floor
cluster-0005	433	N6833524A0007	0.000000	0.000000	0.000000	2	below-floor
cluster-0005	434	N6833524A0016	0.000000	0.000000	0.000000	2	below-floor
cluster-0005	435	N6833524A0026	0.000000	0.000000	0.000000	2	below-floor
cluster-0005	436	N6833524A0032	0.000000	0.000000	0.000000	2	below-floor
cluster-0005	437	N6833524A0033	0.000000	0.000000	0.000000	2	below-floor
cluster-0005	438	N6833524A0040	0.000000	0.000000	0.000000	2	below-floor
cluster-0005	439	N6833525A0007	0.000000	0.000000	0.000000	2	below-floor
cluster-0005	440	N6833525A0008	0.000000	0.000000	0.000000	2	below-floor
cluster-0005	441	N6833525A0038	0.000000	0.000000	0.000000	2	below-floor
cluster-0005	442	FA857619D0001	0.002883	0.004806	0.000000	3	below-floor
cluster-0005	443	FA860423DB001	0.002595	0.004324	0.000000	3	below-floor
cluster-0005	444	NASA-SEWP	0.001868	0.003113	0.000000	3	below-floor
cluster-0005	445	GSA-OASIS-PLUS	0.000963	0.001604	0.000000	3	below-floor
cluster-0005	446	W15QKN15D0001	0.000000	0.000000	0.000000	3	below-floor
cluster-0005	447	N6833522G0035	0.009579	0.015965	0.000000	5	below-floor
cluster-0005	448	N0042123G0005	0.008248	0.013746	0.000000	5	below-floor
cluster-0005	449	NAVAIR-HQ-BOA	0.007683	0.012805	0.000000	5	below-floor
cluster-0005	450	N0042121G0004	0.006977	0.011628	0.000000	5	below-floor
cluster-0005	451	N6833519G0013	0.005893	0.009822	0.000000	5	below-floor
cluster-0005	452	N6833521G0020	0.005718	0.009531	0.000000	5	below-floor
cluster-0005	453	N6833519G0050	0.005565	0.009275	0.000000	5	below-floor
cluster-0005	454	N6833524G0007	0.005466	0.009109	0.000000	5	below-floor
cluster-0005	455	N6833524G0021	0.004303	0.007171	0.000000	5	below-floor
cluster-0005	456	N6134019G0002	0.004234	0.007056	0.000000	5	below-floor
cluster-0005	457	N0042121G0005	0.003159	0.005265	0.000000	5	below-floor
cluster-0005	458	N6833520G1048	0.002944	0.004907	0.000000	5	below-floor
cluster-0005	459	N6833515G0022	0.002146	0.003577	0.000000	5	below-floor
cluster-0005	460	N0042123G0004	0.001947	0.003245	0.000000	5	below-floor
cluster-0005	461	N6833520G0002	0.001696	0.002827	0.000000	5	below-floor
cluster-0005	462	N0042123G0001	0.001555	0.002591	0.000000	5	below-floor
cluster-0005	463	N0042117G0003	0.001330	0.002217	0.000000	5	below-floor
cluster-0005	464	N6833524G0009	0.001156	0.001927	0.000000	5	below-floor
cluster-0005	465	N0042125G0003	0.001059	0.001764	0.000000	5	below-floor
cluster-0005	466	N6833518G0014	0.000956	0.001593	0.000000	5	below-floor
cluster-0005	467	N6833522G0036	0.000938	0.001563	0.000000	5	below-floor
cluster-0005	468	N6833522G0029	0.000480	0.000799	0.000000	5	below-floor
cluster-0005	469	N0042119G0001	0.000000	0.000000	0.000000	5	below-floor
cluster-0005	470	N0042119G0004	0.000000	0.000000	0.000000	5	below-floor
cluster-0005	471	N0042122G0101	0.000000	0.000000	0.000000	5	below-floor
cluster-0005	472	N0042123G0002	0.000000	0.000000	0.000000	5	below-floor
cluster-0005	473	N0042124G0001	0.000000	0.000000	0.000000	5	below-floor
cluster-0005	474	N0042124G0005	0.000000	0.000000	0.000000	5	below-floor
cluster-0005	475	N6833519G0041	0.000000	0.000000	0.000000	5	below-floor
cluster-0005	476	N6833519G0059	0.000000	0.000000	0.000000	5	below-floor
cluster-0005	477	N6833521G0021	0.000000	0.000000	0.000000	5	below-floor
cluster-0005	478	N6833522G0010	0.000000	0.000000	0.000000	5	below-floor
cluster-0005	479	N6833522G0041	0.000000	0.000000	0.000000	5	below-floor
cluster-0005	480	N6833523G0001	0.000000	0.000000	0.000000	5	below-floor
cluster-0005	481	N6833523G0004	0.000000	0.000000	0.000000	5	below-floor
cluster-0005	482	N6833524G0028	0.000000	0.000000	0.000000	5	below-floor
cluster-0005	483	N6833524G0038	0.000000	0.000000	0.000000	5	below-floor
cluster-0005	484	SPE4A123G0002	0.000000	0.000000	0.000000	5	below-floor
cluster-0006	1	N6893619D0027	0.122283	0.203804	0.000000	1	candidate
cluster-0006	2	SEAPORT-NXG	0.104486	0.174144	0.000000	1	candidate
cluster-0006	3	N0042121D0010	0.090232	0.150386	0.000000	1	candidate
cluster-0006	4	N0042118D0017	0.082111	0.136851	0.000000	1	candidate
cluster-0006	5	N6893621D0007	0.074341	0.123901	0.000000	1	candidate
cluster-0006	6	N0001920D0023	0.071690	0.119483	0.000000	1	candidate
cluster-0006	7	NAWCTSD-TSC-IV	0.071587	0.119312	0.000000	1	candidate
cluster-0006	8	N0001920D0017	0.070868	0.118113	0.000000	1	candidate
cluster-0006	9	N0001918D0123	0.070442	0.117404	0.000000	1	candidate
cluster-0006	10	N0042119D0042	0.069528	0.115880	0.000000	1	candidate
cluster-0006	11	N6893625D0008	0.069195	0.115325	0.000000	1	candidate
cluster-0006	12	N0001922D0008	0.067358	0.112264	0.000000	1	candidate
cluster-0006	13	N6134016D1005	0.065521	0.109202	0.000000	1	candidate
cluster-0006	14	N6893618D0014	0.065127	0.108546	0.000000	1	candidate
cluster-0006	15	NAWCAD-SCI-MAC	0.063639	0.106065	0.000000	1	candidate
cluster-0006	16	N6893620D0001	0.062513	0.104188	0.000000	1	candidate
cluster-0006	17	N0042121D0035	0.061619	0.102699	0.000000	1	candidate
cluster-0006	18	N0042120D0012	0.060412	0.100686	0.000000	1	candidate
cluster-0006	19	N6893623D0023	0.058076	0.096794	0.000000	1	candidate
cluster-0006	20	N0001925D0012	0.057335	0.095558	0.000000	1	candidate
cluster-0006	21	N0042123D0007	0.057143	0.095239	0.000000	1	candidate
cluster-0006	22	N6893621D0009	0.056755	0.094591	0.000000	1	candidate
cluster-0006	23	N0001922D0009	0.055944	0.093239	0.000000	1	candidate
cluster-0006	24	N6893620D0007	0.055686	0.092810	0.000000	1	candidate
cluster-0006	25	N0042120D0010	0.055442	0.092404	0.000000	1	candidate
cluster-0006	26	N0042122D0094	0.055401	0.092335	0.000000	1	candidate
cluster-0006	27	NAWCTSD-PACRM	0.055160	0.091933	0.000000	1	candidate
cluster-0006	28	N0001923D0015	0.053472	0.089120	0.000000	1	candidate
cluster-0006	29	N6852021D0006	0.053429	0.089048	0.000000	1	candidate
cluster-0006	30	N6852023D0001	0.052862	0.088104	0.000000	1	candidate
cluster-0006	31	N6134018D0004	0.051677	0.086128	0.000000	1	candidate
cluster-0006	32	N0001925D0016	0.051253	0.085421	0.000000	1	candidate
cluster-0006	33	N6893623D0013	0.050631	0.084386	0.000000	1	candidate
cluster-0006	34	N0042118D0015	0.050325	0.083876	0.000000	1	candidate
cluster-0006	35	N6893618D0036	0.049508	0.082514	0.000000	1	below-floor
cluster-0006	36	N6893615D0015	0.049403	0.082339	0.000000	1	below-floor
cluster-0006	37	N0042120D0007	0.049091	0.081818	0.000000	1	below-floor
cluster-0006	38	N0042119D0024	0.048072	0.080120	0.000000	1	below-floor
cluster-0006	39	NAWCTSD-FTSS-V	0.047885	0.079808	0.000000	1	below-floor
cluster-0006	40	N6893621D0011	0.047373	0.078954	0.000000	1	below-floor
cluster-0006	41	N6893622D0002	0.046143	0.076904	0.000000	1	below-floor
cluster-0006	42	N6833522D0005	0.045851	0.076419	0.000000	1	below-floor
cluster-0006	43	N0042117D0045	0.045755	0.076258	0.000000	1	below-floor
cluster-0006	44	N0001920D0001	0.045395	0.075658	0.000000	1	below-floor
cluster-0006	45	N6893625D0001	0.044933	0.074888	0.000000	1	below-floor
cluster-0006	46	N6833519D0082	0.044845	0.074742	0.000000	1	below-floor
cluster-0006	47	N0001922D0001	0.043703	0.072839	0.000000	1	below-floor
cluster-0006	48	N6134021D0015	0.043464	0.072439	0.000000	1	below-floor
cluster-0006	49	N0042121D0005	0.043425	0.072376	0.000000	1	below-floor
cluster-0006	50	N6893623D0001	0.041878	0.069796	0.000000	1	below-floor
cluster-0006	51	N0001920D0004	0.041683	0.069471	0.000000	1	below-floor
cluster-0006	52	N0042118D0016	0.040451	0.067419	0.000000	1	below-floor
cluster-0006	53	N0001922D0004	0.040122	0.066870	0.000000	1	below-floor
cluster-0006	54	N0001922D0042	0.039779	0.066298	0.000000	1	below-floor
cluster-0006	55	N6134019D0003	0.039479	0.065799	0.000000	1	below-floor
cluster-0006	56	N0042119D0001	0.038629	0.064382	0.000000	1	below-floor
cluster-0006	57	N0042122D0101	0.038414	0.064023	0.000000	1	below-floor
cluster-0006	58	N0042119D0055	0.037586	0.062644	0.000000	1	below-floor
cluster-0006	59	N6893619D0001	0.036622	0.061036	0.000000	1	below-floor
cluster-0006	60	N0001923D0018	0.036419	0.060699	0.000000	1	below-floor
cluster-0006	61	N6833521D0225	0.036318	0.060530	0.000000	1	below-floor
cluster-0006	62	N6852021D0002	0.036299	0.060499	0.000000	1	below-floor
cluster-0006	63	N0001922D0013	0.036237	0.060395	0.000000	1	below-floor
cluster-0006	64	N0042118D0028	0.036095	0.060158	0.000000	1	below-floor
cluster-0006	65	N6134020D0025	0.035811	0.059685	0.000000	1	below-floor
cluster-0006	66	N0042120D0015	0.035739	0.059566	0.000000	1	below-floor
cluster-0006	67	N6893622D0028	0.035701	0.059502	0.000000	1	below-floor
cluster-0006	68	N0001924D0119	0.035266	0.058776	0.000000	1	below-floor
cluster-0006	69	N6893624D0003	0.035145	0.058575	0.000000	1	below-floor
cluster-0006	70	N6833521D0048	0.034855	0.058091	0.000000	1	below-floor
cluster-0006	71	N0001924D0126	0.034700	0.057833	0.000000	1	below-floor
cluster-0006	72	N0042124D0011	0.034696	0.057827	0.000000	1	below-floor
cluster-0006	73	N6893622D0025	0.034593	0.057654	0.000000	1	below-floor
cluster-0006	74	N0042120D0006	0.034582	0.057637	0.000000	1	below-floor
cluster-0006	75	N6852023D0013	0.034484	0.057473	0.000000	1	below-floor
cluster-0006	76	N6893623D0014	0.034471	0.057452	0.000000	1	below-floor
cluster-0006	77	N6134019D1006	0.034331	0.057218	0.000000	1	below-floor
cluster-0006	78	N0042116D0013	0.034299	0.057164	0.000000	1	below-floor
cluster-0006	79	N6893623D0033	0.034234	0.057057	0.000000	1	below-floor
cluster-0006	80	N6833522D0004	0.033995	0.056659	0.000000	1	below-floor
cluster-0006	81	N0001919D0021	0.033421	0.055701	0.000000	1	below-floor
cluster-0006	82	N0001918D0103	0.032881	0.054802	0.000000	1	below-floor
cluster-0006	83	N0001919D0026	0.032852	0.054753	0.000000	1	below-floor
cluster-0006	84	N0001921D0050	0.032516	0.054193	0.000000	1	below-floor
cluster-0006	85	N0001919D0005	0.032507	0.054179	0.000000	1	below-floor
cluster-0006	86	N0001920D0008	0.032247	0.053745	0.000000	1	below-floor
cluster-0006	87	N6893623D0051	0.031515	0.052526	0.000000	1	below-floor
cluster-0006	88	N6893624D0020	0.031416	0.052360	0.000000	1	below-floor
cluster-0006	89	N6893618D0029	0.031402	0.052337	0.000000	1	below-floor
cluster-0006	90	N6893625D0013	0.031107	0.051845	0.000000	1	below-floor
cluster-0006	91	N6893624D0001	0.030481	0.050801	0.000000	1	below-floor
cluster-0006	92	N0001917D0089	0.030445	0.050742	0.000000	1	below-floor
cluster-0006	93	N6893623D0018	0.030279	0.050466	0.000000	1	below-floor
cluster-0006	94	N0001923D0010	0.029825	0.049708	0.000000	1	below-floor
cluster-0006	95	N0001922D0003	0.029692	0.049487	0.000000	1	below-floor
cluster-0006	96	N6134024D0001	0.029640	0.049401	0.000000	1	below-floor
cluster-0006	97	N6134017D0002	0.029623	0.049371	0.000000	1	below-floor
cluster-0006	98	N0001925D0014	0.029435	0.049059	0.000000	1	below-floor
cluster-0006	99	N0001922D0040	0.029083	0.048472	0.000000	1	below-floor
cluster-0006	100	N0001925D0009	0.029069	0.048448	0.000000	1	below-floor
cluster-0006	101	N6134023D0004	0.028251	0.047085	0.000000	1	below-floor
cluster-0006	102	N6893620D0005	0.028164	0.046939	0.000000	1	below-floor
cluster-0006	103	N6134022D0006	0.028061	0.046768	0.000000	1	below-floor
cluster-0006	104	N0042125D0303	0.027965	0.046609	0.000000	1	below-floor
cluster-0006	105	N0001921D0010	0.027963	0.046605	0.000000	1	below-floor
cluster-0006	106	N6893614D0008	0.027924	0.046539	0.000000	1	below-floor
cluster-0006	107	N6893623D0034	0.027693	0.046155	0.000000	1	below-floor
cluster-0006	108	N6134021D0016	0.027261	0.045435	0.000000	1	below-floor
cluster-0006	109	N6852025D0001	0.027251	0.045418	0.000000	1	below-floor
cluster-0006	110	N0042121D0034	0.026928	0.044881	0.000000	1	below-floor
cluster-0006	111	N6893621D0045	0.026669	0.044449	0.000000	1	below-floor
cluster-0006	112	N6833523D0004	0.026032	0.043387	0.000000	1	below-floor
cluster-0006	113	N6833521D0049	0.025570	0.042617	0.000000	1	below-floor
cluster-0006	114	N6833518D0031	0.025509	0.042515	0.000000	1	below-floor
cluster-0006	115	N0001923D0022	0.024366	0.040610	0.000000	1	below-floor
cluster-0006	116	N0001924D0114	0.024105	0.040175	0.000000	1	below-floor
cluster-0006	117	N0001924D0008	0.023979	0.039965	0.000000	1	below-floor
cluster-0006	118	N6833523D0025	0.023573	0.039289	0.000000	1	below-floor
cluster-0006	119	N6893621D0046	0.023442	0.039070	0.000000	1	below-floor
cluster-0006	120	N6893623D0047	0.023384	0.038973	0.000000	1	below-floor
cluster-0006	121	N0001920D0007	0.023310	0.038851	0.000000	1	below-floor
cluster-0006	122	N0001922D0022	0.023231	0.038718	0.000000	1	below-floor
cluster-0006	123	N6134020D0021	0.022728	0.037880	0.000000	1	below-floor
cluster-0006	124	N0042120D0003	0.022131	0.036886	0.000000	1	below-floor
cluster-0006	125	N0001923D0001	0.022026	0.036709	0.000000	1	below-floor
cluster-0006	126	N0042118D0042	0.021967	0.036611	0.000000	1	below-floor
cluster-0006	127	N0042121D0008	0.021841	0.036402	0.000000	1	below-floor
cluster-0006	128	N0042124A0003	0.028740	0.047899	0.000000	2	below-floor
cluster-0006	129	GSA-MAS	0.026456	0.044094	0.000000	2	below-floor
cluster-0006	130	GSA-OASIS-PLUS	0.052090	0.086816	0.000000	3	candidate
cluster-0006	131	NASA-SEWP	0.043804	0.073007	0.000000	3	below-floor
cluster-0006	132	N6833515G0022	0.057401	0.095669	0.000000	5	candidate
cluster-0006	133	NAVAIR-HQ-BOA	0.057196	0.095327	0.000000	5	candidate
cluster-0006	134	N0042121G0005	0.034993	0.058322	0.000000	5	below-floor
cluster-0006	135	N6134019G0002	0.033938	0.056564	0.000000	5	below-floor
cluster-0006	136	N0042125G0003	0.032991	0.054984	0.000000	5	below-floor
cluster-0006	137	N6833521G0020	0.031774	0.052956	0.000000	5	below-floor
cluster-0006	138	N6833518G0014	0.031560	0.052601	0.000000	5	below-floor
cluster-0006	139	N0042123G0001	0.029715	0.049525	0.000000	5	below-floor
cluster-0006	140	N6833519G0013	0.027341	0.045568	0.000000	5	below-floor
cluster-0006	141	N6833522G0041	0.027054	0.045091	0.000000	5	below-floor
cluster-0006	142	N6833519G0059	0.025762	0.042936	0.000000	5	below-floor
cluster-0006	143	N6833520G3036	0.024445	0.040741	0.000000	5	below-floor
cluster-0006	144	N0042117G0003	0.022547	0.037579	0.000000	5	below-floor
cluster-0006	145	N6833524G0038	0.022466	0.037443	0.000000	5	below-floor
cluster-0006	146	N6833520G0002	0.022202	0.037003	0.000000	5	below-floor
cluster-0006	147	N6893621D0051	0.021513	0.035854	0.000000	1	below-floor
cluster-0006	148	N0001923D0013	0.021466	0.035777	0.000000	1	below-floor
cluster-0006	149	N6893623D0019	0.021446	0.035743	0.000000	1	below-floor
cluster-0006	150	N0001921D0004	0.020991	0.034984	0.000000	1	below-floor
cluster-0006	151	N6833521D0214	0.020588	0.034313	0.000000	1	below-floor
cluster-0006	152	N6893618D0012	0.020309	0.033849	0.000000	1	below-floor
cluster-0006	153	N6893619D0017	0.019974	0.033290	0.000000	1	below-floor
cluster-0006	154	N6134022D0008	0.019938	0.033231	0.000000	1	below-floor
cluster-0006	155	N0042120D0108	0.019772	0.032953	0.000000	1	below-floor
cluster-0006	156	N0042117D0031	0.019686	0.032810	0.000000	1	below-floor
cluster-0006	157	N6893621D0016	0.019602	0.032671	0.000000	1	below-floor
cluster-0006	158	N6893620D0033	0.019558	0.032596	0.000000	1	below-floor
cluster-0006	159	N6852023D0011	0.019539	0.032566	0.000000	1	below-floor
cluster-0006	160	N6852021D0005	0.019299	0.032164	0.000000	1	below-floor
cluster-0006	161	N0001918D0111	0.019210	0.032017	0.000000	1	below-floor
cluster-0006	162	N0042121D0033	0.019204	0.032007	0.000000	1	below-floor
cluster-0006	163	N6893622D0041	0.019170	0.031951	0.000000	1	below-floor
cluster-0006	164	N0042120D0024	0.019134	0.031889	0.000000	1	below-floor
cluster-0006	165	N6893622D0032	0.018926	0.031543	0.000000	1	below-floor
cluster-0006	166	N6893622D0008	0.018900	0.031500	0.000000	1	below-floor
cluster-0006	167	N0042116D0005	0.018866	0.031443	0.000000	1	below-floor
cluster-0006	168	N6833521D0227	0.018812	0.031354	0.000000	1	below-floor
cluster-0006	169	N6893619D0008	0.018805	0.031342	0.000000	1	below-floor
cluster-0006	170	N6893618D0006	0.018793	0.031322	0.000000	1	below-floor
cluster-0006	171	N6893623D0042	0.018757	0.031262	0.000000	1	below-floor
cluster-0006	172	N0042119D0023	0.018639	0.031065	0.000000	1	below-floor
cluster-0006	173	N6852020D0012	0.018621	0.031035	0.000000	1	below-floor
cluster-0006	174	N0001922D0011	0.018530	0.030883	0.000000	1	below-floor
cluster-0006	175	N0042124D0012	0.018401	0.030669	0.000000	1	below-floor
cluster-0006	176	N6134020D0008	0.017866	0.029777	0.000000	1	below-floor
cluster-0006	177	N0042117D0032	0.017708	0.029513	0.000000	1	below-floor
cluster-0006	178	N0042120D0023	0.017619	0.029365	0.000000	1	below-floor
cluster-0006	179	N0042119D0029	0.017561	0.029268	0.000000	1	below-floor
cluster-0006	180	N6134020D0024	0.017507	0.029178	0.000000	1	below-floor
cluster-0006	181	N0042120D0028	0.016992	0.028319	0.000000	1	below-floor
cluster-0006	182	N0042120D0123	0.016984	0.028307	0.000000	1	below-floor
cluster-0006	183	N6833522D0008	0.016650	0.027749	0.000000	1	below-floor
cluster-0006	184	N6893622D0024	0.016603	0.027671	0.000000	1	below-floor
cluster-0006	185	NAWCAD-CYBER-IDIQ	0.016514	0.027523	0.000000	1	below-floor
cluster-0006	186	N0042116D0002	0.016504	0.027507	0.000000	1	below-floor
cluster-0006	187	N6134018D0002	0.016247	0.027079	0.000000	1	below-floor
cluster-0006	188	N0042120D0073	0.016212	0.027019	0.000000	1	below-floor
cluster-0006	189	N0042122D0103	0.016158	0.026931	0.000000	1	below-floor
cluster-0006	190	N6134019D1010	0.015964	0.026606	0.000000	1	below-floor
cluster-0006	191	N0001923D0008	0.015963	0.026604	0.000000	1	below-floor
cluster-0006	192	N6893618D0015	0.015961	0.026602	0.000000	1	below-floor
cluster-0006	193	N0001421D4002	0.015868	0.026447	0.000000	1	below-floor
cluster-0006	194	N6893619D0020	0.015576	0.025959	0.000000	1	below-floor
cluster-0006	195	N6833519D0135	0.015522	0.025870	0.000000	1	below-floor
cluster-0006	196	N6893622D0009	0.015416	0.025694	0.000000	1	below-floor
cluster-0006	197	N6134019D0906	0.015302	0.025504	0.000000	1	below-floor
cluster-0006	198	N0001919D0027	0.015290	0.025483	0.000000	1	below-floor
cluster-0006	199	N6833521D0064	0.015215	0.025359	0.000000	1	below-floor
cluster-0006	200	N6134025D0005	0.015206	0.025343	0.000000	1	below-floor
cluster-0006	201	N6893620D0015	0.015054	0.025090	0.000000	1	below-floor
cluster-0006	202	N6893620D0024	0.015054	0.025090	0.000000	1	below-floor
cluster-0006	203	N0001924D0110	0.015042	0.025069	0.000000	1	below-floor
cluster-0006	204	N6893622D0014	0.015016	0.025027	0.000000	1	below-floor
cluster-0006	205	N0001919D0001	0.014974	0.024957	0.000000	1	below-floor
cluster-0006	206	N0001920D0051	0.014836	0.024727	0.000000	1	below-floor
cluster-0006	207	N6134015D0003	0.014522	0.024203	0.000000	1	below-floor
cluster-0006	208	N6893619D0035	0.014509	0.024182	0.000000	1	below-floor
cluster-0006	209	N0042119D0066	0.014308	0.023846	0.000000	1	below-floor
cluster-0006	210	N6893618D0026	0.014232	0.023720	0.000000	1	below-floor
cluster-0006	211	N6134024D0013	0.014228	0.023713	0.000000	1	below-floor
cluster-0006	212	N6134024D0006	0.014179	0.023632	0.000000	1	below-floor
cluster-0006	213	N6893621D0010	0.014019	0.023365	0.000000	1	below-floor
cluster-0006	214	N6893622D0021	0.013969	0.023281	0.000000	1	below-floor
cluster-0006	215	N6134016D1003	0.013933	0.023221	0.000000	1	below-floor
cluster-0006	216	N6893619D0007	0.013870	0.023116	0.000000	1	below-floor
cluster-0006	217	N6833516D0013	0.013755	0.022925	0.000000	1	below-floor
cluster-0006	218	N6852023D0012	0.013493	0.022488	0.000000	1	below-floor
cluster-0006	219	N6893623D0045	0.013457	0.022428	0.000000	1	below-floor
cluster-0006	220	N6893619D0048	0.013255	0.022092	0.000000	1	below-floor
cluster-0006	221	N6134020D0019	0.013194	0.021990	0.000000	1	below-floor
cluster-0006	222	N0042118D0059	0.013137	0.021895	0.000000	1	below-floor
cluster-0006	223	N6893623D0029	0.013058	0.021763	0.000000	1	below-floor
cluster-0006	224	N0042122D0084	0.012970	0.021617	0.000000	1	below-floor
cluster-0006	225	N0042120D0072	0.012923	0.021538	0.000000	1	below-floor
cluster-0006	226	N0042119D0075	0.012819	0.021366	0.000000	1	below-floor
cluster-0006	227	N6833524D0010	0.012614	0.021023	0.000000	1	below-floor
cluster-0006	228	N6893624D0025	0.012549	0.020915	0.000000	1	below-floor
cluster-0006	229	N6134023D0001	0.012490	0.020817	0.000000	1	below-floor
cluster-0006	230	N0042124D0005	0.012386	0.020643	0.000000	1	below-floor
cluster-0006	231	N0001920D0024	0.012192	0.020320	0.000000	1	below-floor
cluster-0006	232	N0042120D0071	0.012081	0.020135	0.000000	1	below-floor
cluster-0006	233	N0001925D0023	0.012035	0.020059	0.000000	1	below-floor
cluster-0006	234	N0042119D0026	0.011946	0.019910	0.000000	1	below-floor
cluster-0006	235	N6833523D0003	0.011926	0.019876	0.000000	1	below-floor
cluster-0006	236	N6893624D0015	0.011817	0.019695	0.000000	1	below-floor
cluster-0006	237	N0042121D0037	0.011711	0.019519	0.000000	1	below-floor
cluster-0006	238	N6134023D0008	0.011708	0.019514	0.000000	1	below-floor
cluster-0006	239	N6833522D0039	0.011661	0.019435	0.000000	1	below-floor
cluster-0006	240	N6833523D0035	0.011601	0.019335	0.000000	1	below-floor
cluster-0006	241	N0001917D0004	0.011454	0.019089	0.000000	1	below-floor
cluster-0006	242	N0042122D0001	0.011403	0.019005	0.000000	1	below-floor
cluster-0006	243	N6134020D0002	0.010805	0.018009	0.000000	1	below-floor
cluster-0006	244	N6134023D0003	0.010715	0.017858	0.000000	1	below-floor
cluster-0006	245	N6893623D0046	0.010554	0.017590	0.000000	1	below-floor
cluster-0006	246	N0001918D0110	0.010471	0.017452	0.000000	1	below-floor
cluster-0006	247	N0042122D0096	0.010356	0.017259	0.000000	1	below-floor
cluster-0006	248	N6833521D0229	0.010343	0.017238	0.000000	1	below-floor
cluster-0006	249	N0001924D0106	0.010299	0.017164	0.000000	1	below-floor
cluster-0006	250	N6852023D0111	0.010255	0.017092	0.000000	1	below-floor
cluster-0006	251	N6833520D0022	0.010115	0.016858	0.000000	1	below-floor
cluster-0006	252	N0001924D0004	0.010037	0.016729	0.000000	1	below-floor
cluster-0006	253	N6893624D0006	0.009924	0.016540	0.000000	1	below-floor
cluster-0006	254	N6833520D0048	0.009907	0.016512	0.000000	1	below-floor
cluster-0006	255	N0042123D0011	0.009844	0.016406	0.000000	1	below-floor
cluster-0006	256	N0042123D0005	0.009570	0.015949	0.000000	1	below-floor
cluster-0006	257	N0042119D0035	0.009465	0.015776	0.000000	1	below-floor
cluster-0006	258	N0042119D0065	0.009301	0.015502	0.000000	1	below-floor
cluster-0006	259	N0001922D0006	0.009126	0.015210	0.000000	1	below-floor
cluster-0006	260	N0042119D0028	0.009126	0.015210	0.000000	1	below-floor
cluster-0006	261	N6893624D0004	0.009012	0.015021	0.000000	1	below-floor
cluster-0006	262	N0042121D0018	0.008968	0.014946	0.000000	1	below-floor
cluster-0006	263	N0042118D0054	0.008648	0.014413	0.000000	1	below-floor
cluster-0006	264	N6893622D0010	0.008562	0.014270	0.000000	1	below-floor
cluster-0006	265	N6134020D0004	0.008560	0.014266	0.000000	1	below-floor
cluster-0006	266	N6893624D0002	0.008526	0.014210	0.000000	1	below-floor
cluster-0006	267	N0042124D0008	0.008466	0.014110	0.000000	1	below-floor
cluster-0006	268	N0001921D0001	0.008424	0.014041	0.000000	1	below-floor
cluster-0006	269	N0001922D0007	0.008400	0.013999	0.000000	1	below-floor
cluster-0006	270	N0042118D0044	0.008321	0.013868	0.000000	1	below-floor
cluster-0006	271	N6893624D0007	0.008271	0.013785	0.000000	1	below-floor
cluster-0006	272	N0042120D0001	0.008159	0.013598	0.000000	1	below-floor
cluster-0006	273	N6893623D0026	0.008087	0.013478	0.000000	1	below-floor
cluster-0006	274	N6893623D0036	0.008086	0.013477	0.000000	1	below-floor
cluster-0006	275	N0042117D0052	0.008013	0.013355	0.000000	1	below-floor
cluster-0006	276	N0001922D0038	0.007857	0.013095	0.000000	1	below-floor
cluster-0006	277	N0001921D0015	0.007791	0.012984	0.000000	1	below-floor
cluster-0006	278	N0042121D0002	0.007688	0.012813	0.000000	1	below-floor
cluster-0006	279	N0042121D0007	0.007591	0.012652	0.000000	1	below-floor
cluster-0006	280	N0042124D0006	0.007527	0.012545	0.000000	1	below-floor
cluster-0006	281	N0042121D0001	0.007507	0.012511	0.000000	1	below-floor
cluster-0006	282	N0001922D0043	0.007349	0.012249	0.000000	1	below-floor
cluster-0006	283	N0042122D0005	0.007231	0.012052	0.000000	1	below-floor
cluster-0006	284	N0042125D0302	0.006899	0.011499	0.000000	1	below-floor
cluster-0006	285	N0042120D0117	0.006892	0.011487	0.000000	1	below-floor
cluster-0006	286	N6893621D0026	0.006811	0.011351	0.000000	1	below-floor
cluster-0006	287	N6893624D0017	0.006802	0.011336	0.000000	1	below-floor
cluster-0006	288	N6893620D0016	0.006775	0.011292	0.000000	1	below-floor
cluster-0006	289	N0042119D0067	0.006614	0.011023	0.000000	1	below-floor
cluster-0006	290	N6833517D0021	0.006601	0.011001	0.000000	1	below-floor
cluster-0006	291	N6833516D0020	0.006575	0.010959	0.000000	1	below-floor
cluster-0006	292	N0042119D0047	0.006538	0.010897	0.000000	1	below-floor
cluster-0006	293	N0001923D0011	0.006535	0.010892	0.000000	1	below-floor
cluster-0006	294	N6893622D0007	0.006529	0.010882	0.000000	1	below-floor
cluster-0006	295	N0042119D0033	0.006527	0.010879	0.000000	1	below-floor
cluster-0006	296	N0001923D0014	0.006409	0.010682	0.000000	1	below-floor
cluster-0006	297	N0042124D0022	0.006389	0.010649	0.000000	1	below-floor
cluster-0006	298	N0001920D0106	0.006355	0.010592	0.000000	1	below-floor
cluster-0006	299	N6833524D0009	0.006306	0.010510	0.000000	1	below-floor
cluster-0006	300	N0042121D0019	0.006182	0.010304	0.000000	1	below-floor
cluster-0006	301	N6833523D0001	0.006141	0.010235	0.000000	1	below-floor
cluster-0006	302	N6833522D0013	0.006078	0.010129	0.000000	1	below-floor
cluster-0006	303	N6134021D0017	0.006009	0.010016	0.000000	1	below-floor
cluster-0006	304	N6893621D0001	0.005977	0.009962	0.000000	1	below-floor
cluster-0006	305	N0042118D0030	0.005938	0.009897	0.000000	1	below-floor
cluster-0006	306	N6893616D0018	0.005846	0.009743	0.000000	1	below-floor
cluster-0006	307	N6134020D0020	0.005811	0.009685	0.000000	1	below-floor
cluster-0006	308	N0042124D0071	0.005783	0.009639	0.000000	1	below-floor
cluster-0006	309	N0042119D0071	0.005754	0.009590	0.000000	1	below-floor
cluster-0006	310	N0042122D0003	0.005724	0.009540	0.000000	1	below-floor
cluster-0006	311	N0001920D0013	0.005649	0.009414	0.000000	1	below-floor
cluster-0006	312	N0042119D0002	0.005482	0.009137	0.000000	1	below-floor
cluster-0006	313	N6893624D0023	0.005449	0.009081	0.000000	1	below-floor
cluster-0006	314	N0042117D0015	0.005367	0.008945	0.000000	1	below-floor
cluster-0006	315	N6893625D0011	0.005268	0.008780	0.000000	1	below-floor
cluster-0006	316	N6134018D0009	0.005236	0.008726	0.000000	1	below-floor
cluster-0006	317	N6893622D0038	0.005235	0.008725	0.000000	1	below-floor
cluster-0006	318	N0001919D0023	0.005081	0.008468	0.000000	1	below-floor
cluster-0006	319	N6134020D0011	0.004871	0.008118	0.000000	1	below-floor
cluster-0006	320	N6852023D0014	0.004729	0.007882	0.000000	1	below-floor
cluster-0006	321	N6893621D0024	0.004585	0.007641	0.000000	1	below-floor
cluster-0006	322	N0042115D0005	0.004558	0.007597	0.000000	1	below-floor
cluster-0006	323	N6893622D0036	0.004548	0.007581	0.000000	1	below-floor
cluster-0006	324	N6893622D0004	0.004495	0.007492	0.000000	1	below-floor
cluster-0006	325	N6893622D0015	0.004404	0.007340	0.000000	1	below-floor
cluster-0006	326	N6852022D0003	0.004353	0.007254	0.000000	1	below-floor
cluster-0006	327	N6893621D0017	0.004339	0.007232	0.000000	1	below-floor
cluster-0006	328	N0042118D0001	0.004320	0.007201	0.000000	1	below-floor
cluster-0006	329	N6833515D0026	0.003943	0.006572	0.000000	1	below-floor
cluster-0006	330	N0001923D0009	0.003934	0.006557	0.000000	1	below-floor
cluster-0006	331	N6134022D0004	0.003792	0.006319	0.000000	1	below-floor
cluster-0006	332	N0001919D0032	0.003601	0.006002	0.000000	1	below-floor
cluster-0006	333	N0042121D0023	0.003532	0.005887	0.000000	1	below-floor
cluster-0006	334	N6833524D0020	0.003380	0.005633	0.000000	1	below-floor
cluster-0006	335	N6893624D0008	0.003379	0.005632	0.000000	1	below-floor
cluster-0006	336	N0001923D0012	0.003354	0.005590	0.000000	1	below-floor
cluster-0006	337	N6833523D0017	0.003180	0.005299	0.000000	1	below-floor
cluster-0006	338	N6893624D0013	0.003144	0.005240	0.000000	1	below-floor
cluster-0006	339	N6893622D0018	0.003024	0.005041	0.000000	1	below-floor
cluster-0006	340	N6833525D0004	0.003021	0.005036	0.000000	1	below-floor
cluster-0006	341	N6893622D0026	0.002993	0.004988	0.000000	1	below-floor
cluster-0006	342	N0042123D0019	0.002976	0.004960	0.000000	1	below-floor
cluster-0006	343	N0001917D0009	0.002970	0.004950	0.000000	1	below-floor
cluster-0006	344	N6833521D0045	0.002937	0.004896	0.000000	1	below-floor
cluster-0006	345	N6833525D0005	0.002884	0.004807	0.000000	1	below-floor
cluster-0006	346	N6134022D0002	0.002875	0.004791	0.000000	1	below-floor
cluster-0006	347	N6833520D0032	0.002852	0.004753	0.000000	1	below-floor
cluster-0006	348	N6893623D0021	0.002774	0.004623	0.000000	1	below-floor
cluster-0006	349	N0042122D0002	0.002763	0.004605	0.000000	1	below-floor
cluster-0006	350	N0001918D0118	0.002734	0.004557	0.000000	1	below-floor
cluster-0006	351	N0042125D0301	0.002712	0.004519	0.000000	1	below-floor
cluster-0006	352	N0001919D0012	0.002663	0.004439	0.000000	1	below-floor
cluster-0006	353	N0001919D0013	0.002663	0.004439	0.000000	1	below-floor
cluster-0006	354	N6833521D0053	0.002634	0.004390	0.000000	1	below-floor
cluster-0006	355	N0001920D0016	0.002601	0.004335	0.000000	1	below-floor
cluster-0006	356	N0042120D0115	0.002456	0.004093	0.000000	1	below-floor
cluster-0006	357	N6893616D0016	0.002396	0.003994	0.000000	1	below-floor
cluster-0006	358	N0042119D0058	0.002340	0.003899	0.000000	1	below-floor
cluster-0006	359	N0042119D0076	0.002323	0.003872	0.000000	1	below-floor
cluster-0006	360	N6833520D0935	0.002322	0.003871	0.000000	1	below-floor
cluster-0006	361	N6134021D0013	0.002195	0.003658	0.000000	1	below-floor
cluster-0006	362	N0042117D0027	0.002142	0.003570	0.000000	1	below-floor
cluster-0006	363	N6833521D0046	0.002055	0.003426	0.000000	1	below-floor
cluster-0006	364	N6833525D0010	0.001995	0.003325	0.000000	1	below-floor
cluster-0006	365	N6893620D0014	0.001977	0.003295	0.000000	1	below-floor
cluster-0006	366	N0001918D0001	0.001639	0.002731	0.000000	1	below-floor
cluster-0006	367	N6893624D0009	0.001636	0.002727	0.000000	1	below-floor
cluster-0006	368	N6893624D0012	0.001588	0.002646	0.000000	1	below-floor
cluster-0006	369	N6833524D0003	0.001581	0.002636	0.000000	1	below-floor
cluster-0006	370	N0042123D0001	0.001541	0.002568	0.000000	1	below-floor
cluster-0006	371	N6833522D0017	0.001519	0.002532	0.000000	1	below-floor
cluster-0006	372	N6893622D0011	0.001514	0.002524	0.000000	1	below-floor
cluster-0006	373	N6893622D0017	0.001514	0.002524	0.000000	1	below-floor
cluster-0006	374	N0001921D0011	0.001479	0.002465	0.000000	1	below-floor
cluster-0006	375	N0042119D0060	0.001446	0.002410	0.000000	1	below-floor
cluster-0006	376	N0042122D0099	0.001280	0.002133	0.000000	1	below-floor
cluster-0006	377	N0024424D0005	0.001240	0.002066	0.000000	1	below-floor
cluster-0006	378	N6833523D0046	0.001233	0.002055	0.000000	1	below-floor
cluster-0006	379	N6833525D0001	0.001058	0.001763	0.000000	1	below-floor
cluster-0006	380	N6893623D0028	0.000999	0.001665	0.000000	1	below-floor
cluster-0006	381	N6833522D0012	0.000897	0.001494	0.000000	1	below-floor
cluster-0006	382	N0042124D0020	0.000870	0.001450	0.000000	1	below-floor
cluster-0006	383	N0001920D0109	0.000752	0.001253	0.000000	1	below-floor
cluster-0006	384	N6833524D0021	0.000738	0.001229	0.000000	1	below-floor
cluster-0006	385	N6893623D0037	0.000732	0.001219	0.000000	1	below-floor
cluster-0006	386	N0001919D0015	0.000730	0.001217	0.000000	1	below-floor
cluster-0006	387	N6833523D0010	0.000702	0.001170	0.000000	1	below-floor
cluster-0006	388	N6833524D0019	0.000668	0.001113	0.000000	1	below-floor
cluster-0006	389	N6893621D0044	0.000636	0.001060	0.000000	1	below-floor
cluster-0006	390	N6893622D0034	0.000510	0.000850	0.000000	1	below-floor
cluster-0006	391	N6893621D0043	0.000373	0.000622	0.000000	1	below-floor
cluster-0006	392	N6134025D0006	0.000340	0.000567	0.000000	1	below-floor
cluster-0006	393	N6833522D0037	0.000340	0.000567	0.000000	1	below-floor
cluster-0006	394	N0038324DBK01	0.000337	0.000562	0.000000	1	below-floor
cluster-0006	395	N6852021D0004	0.000337	0.000562	0.000000	1	below-floor
cluster-0006	396	N6893623D0054	0.000256	0.000426	0.000000	1	below-floor
cluster-0006	397	N6833523D0029	0.000232	0.000386	0.000000	1	below-floor
cluster-0006	398	N6833524D0023	0.000210	0.000349	0.000000	1	below-floor
cluster-0006	399	N0001917D0101	0.000000	0.000000	0.000000	1	below-floor
cluster-0006	400	N0024424D0010	0.000000	0.000000	0.000000	1	below-floor
cluster-0006	401	N0042118D0007	0.000000	0.000000	0.000000	1	below-floor
cluster-0006	402	N0042118D0062	0.000000	0.000000	0.000000	1	below-floor
cluster-0006	403	N0042120D0109	0.000000	0.000000	0.000000	1	below-floor
cluster-0006	404	N6134020D0015	0.000000	0.000000	0.000000	1	below-floor
cluster-0006	405	N6833522D0022	0.000000	0.000000	0.000000	1	below-floor
cluster-0006	406	N6833524D0002	0.000000	0.000000	0.000000	1	below-floor
cluster-0006	407	N6833524D0018	0.000000	0.000000	0.000000	1	below-floor
cluster-0006	408	N6893617D0010	0.000000	0.000000	0.000000	1	below-floor
cluster-0006	409	N6893620D0018	0.000000	0.000000	0.000000	1	below-floor
cluster-0006	410	N6893622D0027	0.000000	0.000000	0.000000	1	below-floor
cluster-0006	411	N6893623D0025	0.000000	0.000000	0.000000	1	below-floor
cluster-0006	412	N6893623D0039	0.000000	0.000000	0.000000	1	below-floor
cluster-0006	413	N6893623D0041	0.000000	0.000000	0.000000	1	below-floor
cluster-0006	414	N6893624D0022	0.000000	0.000000	0.000000	1	below-floor
cluster-0006	415	DON-ESL-BPA	0.016894	0.028157	0.000000	2	below-floor
cluster-0006	416	N0042124A0004	0.015043	0.025071	0.000000	2	below-floor
cluster-0006	417	N6852024A0004	0.013278	0.022130	0.000000	2	below-floor
cluster-0006	418	N6833523A0029	0.003884	0.006474	0.000000	2	below-floor
cluster-0006	419	N6833523A0049	0.003139	0.005232	0.000000	2	below-floor
cluster-0006	420	N6833523A0021	0.002878	0.004796	0.000000	2	below-floor
cluster-0006	421	N6833523A0027	0.002717	0.004528	0.000000	2	below-floor
cluster-0006	422	N6833523A0028	0.002390	0.003983	0.000000	2	below-floor
cluster-0006	423	N6833523A0167	0.002371	0.003952	0.000000	2	below-floor
cluster-0006	424	N6833523A0030	0.002353	0.003921	0.000000	2	below-floor
cluster-0006	425	N6833523A0120	0.002351	0.003918	0.000000	2	below-floor
cluster-0006	426	N6833523A0016	0.002338	0.003897	0.000000	2	below-floor
cluster-0006	427	N6833525A0008	0.002335	0.003891	0.000000	2	below-floor
cluster-0006	428	N6833522A0035	0.002330	0.003884	0.000000	2	below-floor
cluster-0006	429	N6833523A0018	0.002330	0.003884	0.000000	2	below-floor
cluster-0006	430	N6833523A0041	0.002330	0.003884	0.000000	2	below-floor
cluster-0006	431	N6833523A0051	0.002330	0.003884	0.000000	2	below-floor
cluster-0006	432	N6833523A0059	0.002330	0.003884	0.000000	2	below-floor
cluster-0006	433	N6833523A0025	0.002326	0.003877	0.000000	2	below-floor
cluster-0006	434	N6833522A0029	0.002318	0.003863	0.000000	2	below-floor
cluster-0006	435	N6833522A0017	0.002317	0.003862	0.000000	2	below-floor
cluster-0006	436	N6833523A0153	0.002313	0.003856	0.000000	2	below-floor
cluster-0006	437	N6833525A0038	0.002310	0.003851	0.000000	2	below-floor
cluster-0006	438	N6833525A0007	0.002300	0.003833	0.000000	2	below-floor
cluster-0006	439	N6833524A0026	0.002295	0.003825	0.000000	2	below-floor
cluster-0006	440	N6833524A0033	0.002295	0.003825	0.000000	2	below-floor
cluster-0006	441	N6833523A0038	0.002294	0.003824	0.000000	2	below-floor
cluster-0006	442	N6833523A0062	0.002292	0.003820	0.000000	2	below-floor
cluster-0006	443	N6833522A0032	0.002277	0.003796	0.000000	2	below-floor
cluster-0006	444	N6833524A0016	0.002277	0.003795	0.000000	2	below-floor
cluster-0006	445	N6833524A0032	0.002260	0.003766	0.000000	2	below-floor
cluster-0006	446	N6833523A0151	0.002247	0.003745	0.000000	2	below-floor
cluster-0006	447	N6833523A0043	0.002231	0.003718	0.000000	2	below-floor
cluster-0006	448	N6833522A0027	0.002057	0.003428	0.000000	2	below-floor
cluster-0006	449	N6833523A0040	0.001996	0.003327	0.000000	2	below-floor
cluster-0006	450	N6833523A0020	0.001982	0.003304	0.000000	2	below-floor
cluster-0006	451	N6833524A0040	0.001939	0.003232	0.000000	2	below-floor
cluster-0006	452	N6833524A0002	0.001937	0.003229	0.000000	2	below-floor
cluster-0006	453	N6833523A0134	0.001656	0.002760	0.000000	2	below-floor
cluster-0006	454	N6883621A0003	0.001336	0.002226	0.000000	2	below-floor
cluster-0006	455	N6833523A0194	0.001192	0.001986	0.000000	2	below-floor
cluster-0006	456	N0042124A0005	0.000674	0.001124	0.000000	2	below-floor
cluster-0006	457	N6833524A0007	0.000580	0.000966	0.000000	2	below-floor
cluster-0006	458	W15QKN15D0001	0.010255	0.017091	0.000000	3	below-floor
cluster-0006	459	FA860423DB001	0.003928	0.006547	0.000000	3	below-floor
cluster-0006	460	FA857619D0001	0.001346	0.002243	0.000000	3	below-floor
cluster-0006	461	N6833524G0021	0.021307	0.035512	0.000000	5	below-floor
cluster-0006	462	N6833520G1048	0.020093	0.033489	0.000000	5	below-floor
cluster-0006	463	N6833524G0007	0.018887	0.031478	0.000000	5	below-floor
cluster-0006	464	N6833522G0029	0.017213	0.028688	0.000000	5	below-floor
cluster-0006	465	N6833522G0035	0.015411	0.025686	0.000000	5	below-floor
cluster-0006	466	N6833522G0036	0.012811	0.021352	0.000000	5	below-floor
cluster-0006	467	N6833519G0041	0.012286	0.020476	0.000000	5	below-floor
cluster-0006	468	N0042123G0002	0.012138	0.020231	0.000000	5	below-floor
cluster-0006	469	N0042121G0004	0.011079	0.018465	0.000000	5	below-floor
cluster-0006	470	N6833522G0010	0.010532	0.017554	0.000000	5	below-floor
cluster-0006	471	N0042122G0101	0.009072	0.015120	0.000000	5	below-floor
cluster-0006	472	N0042123G0005	0.008483	0.014139	0.000000	5	below-floor
cluster-0006	473	N0042124G0005	0.007601	0.012668	0.000000	5	below-floor
cluster-0006	474	N6833523G0001	0.003296	0.005493	0.000000	5	below-floor
cluster-0006	475	N6833521G0021	0.003173	0.005288	0.000000	5	below-floor
cluster-0006	476	N6833524G0009	0.002245	0.003742	0.000000	5	below-floor
cluster-0006	477	N6833523G0004	0.001876	0.003126	0.000000	5	below-floor
cluster-0006	478	N6833519G0050	0.001367	0.002278	0.000000	5	below-floor
cluster-0006	479	N0042123G0004	0.001245	0.002076	0.000000	5	below-floor
cluster-0006	480	N6833524G0028	0.000743	0.001238	0.000000	5	below-floor
cluster-0006	481	SPE4A123G0002	0.000686	0.001143	0.000000	5	below-floor
cluster-0006	482	N0042119G0001	0.000310	0.000516	0.000000	5	below-floor
cluster-0006	483	N0042119G0004	0.000110	0.000183	0.000000	5	below-floor
cluster-0006	484	N0042124G0001	0.000000	0.000000	0.000000	5	below-floor
